LapTimeSec,LapNumber,Compound,TyreLife,Driver,Team,EventName,Round,TrackTemp,AirTemp
96.753,3.0,SOFT,6.0,VER,Red Bull Racing,Bahrain Grand Prix,1,23.652866242038222,18.22738853503185
96.647,4.0,SOFT,7.0,VER,Red Bull Racing,Bahrain Grand Prix,1,23.652866242038222,18.22738853503185
97.173,5.0,SOFT,8.0,VER,Red Bull Racing,Bahrain Grand Prix,1,23.652866242038222,18.22738853503185
97.092,6.0,SOFT,9.0,VER,Red Bull Racing,Bahrain Grand Prix,1,23.652866242038222,18.22738853503185
97.038,7.0,SOFT,10.0,VER,Red Bull Racing,Bahrain Grand Prix,1,23.652866242038222,18.22738853503185
97.024,8.0,SOFT,11.0,VER,Red Bull Racing,Bahrain Grand Prix,1,23.652866242038222,18.22738853503185
97.229,9.0,SOFT,12.0,VER,Red Bull Racing,Bahrain Grand Prix,1,23.652866242038222,18.22738853503185
96.96,10.0,SOFT,13.0,VER,Red Bull Racing,Bahrain Grand Prix,1,23.652866242038222,18.22738853503185
97.085,11.0,SOFT,14.0,VER,Red Bull Racing,Bahrain Grand Prix,1,23.652866242038222,18.22738853503185
97.045,12.0,SOFT,15.0,VER,Red Bull Racing,Bahrain Grand Prix,1,23.652866242038222,18.22738853503185
97.03,13.0,SOFT,16.0,VER,Red Bull Racing,Bahrain Grand Prix,1,23.652866242038222,18.22738853503185
97.028,14.0,SOFT,17.0,VER,Red Bull Racing,Bahrain Grand Prix,1,23.652866242038222,18.22738853503185
97.011,15.0,SOFT,18.0,VER,Red Bull Racing,Bahrain Grand Prix,1,23.652866242038222,18.22738853503185
97.168,16.0,SOFT,19.0,VER,Red Bull Racing,Bahrain Grand Prix,1,23.652866242038222,18.22738853503185
99.896,17.0,SOFT,20.0,VER,Red Bull Racing,Bahrain Grand Prix,1,23.652866242038222,18.22738853503185
117.854,18.0,HARD,1.0,VER,Red Bull Racing,Bahrain Grand Prix,1,23.652866242038222,18.22738853503185
95.283,19.0,HARD,2.0,VER,Red Bull Racing,Bahrain Grand Prix,1,23.652866242038222,18.22738853503185
95.16,20.0,HARD,3.0,VER,Red Bull Racing,Bahrain Grand Prix,1,23.652866242038222,18.22738853503185
95.316,21.0,HARD,4.0,VER,Red Bull Racing,Bahrain Grand Prix,1,23.652866242038222,18.22738853503185
95.204,22.0,HARD,5.0,VER,Red Bull Racing,Bahrain Grand Prix,1,23.652866242038222,18.22738853503185
95.216,23.0,HARD,6.0,VER,Red Bull Racing,Bahrain Grand Prix,1,23.652866242038222,18.22738853503185
95.289,24.0,HARD,7.0,VER,Red Bull Racing,Bahrain Grand Prix,1,23.652866242038222,18.22738853503185
95.342,25.0,HARD,8.0,VER,Red Bull Racing,Bahrain Grand Prix,1,23.652866242038222,18.22738853503185
95.223,26.0,HARD,9.0,VER,Red Bull Racing,Bahrain Grand Prix,1,23.652866242038222,18.22738853503185
95.581,27.0,HARD,10.0,VER,Red Bull Racing,Bahrain Grand Prix,1,23.652866242038222,18.22738853503185
95.477,28.0,HARD,11.0,VER,Red Bull Racing,Bahrain Grand Prix,1,23.652866242038222,18.22738853503185
95.793,29.0,HARD,12.0,VER,Red Bull Racing,Bahrain Grand Prix,1,23.652866242038222,18.22738853503185
95.771,30.0,HARD,13.0,VER,Red Bull Racing,Bahrain Grand Prix,1,23.652866242038222,18.22738853503185
95.679,31.0,HARD,14.0,VER,Red Bull Racing,Bahrain Grand Prix,1,23.652866242038222,18.22738853503185
95.886,32.0,HARD,15.0,VER,Red Bull Racing,Bahrain Grand Prix,1,23.652866242038222,18.22738853503185
95.863,33.0,HARD,16.0,VER,Red Bull Racing,Bahrain Grand Prix,1,23.652866242038222,18.22738853503185
96.133,34.0,HARD,17.0,VER,Red Bull Racing,Bahrain Grand Prix,1,23.652866242038222,18.22738853503185
96.018,35.0,HARD,18.0,VER,Red Bull Racing,Bahrain Grand Prix,1,23.652866242038222,18.22738853503185
96.205,36.0,HARD,19.0,VER,Red Bull Racing,Bahrain Grand Prix,1,23.652866242038222,18.22738853503185
99.234,37.0,HARD,20.0,VER,Red Bull Racing,Bahrain Grand Prix,1,23.652866242038222,18.22738853503185
116.445,38.0,SOFT,1.0,VER,Red Bull Racing,Bahrain Grand Prix,1,23.652866242038222,18.22738853503185
92.608,39.0,SOFT,2.0,VER,Red Bull Racing,Bahrain Grand Prix,1,23.652866242038222,18.22738853503185
96.589,40.0,SOFT,3.0,VER,Red Bull Racing,Bahrain Grand Prix,1,23.652866242038222,18.22738853503185
95.29,41.0,SOFT,4.0,VER,Red Bull Racing,Bahrain Grand Prix,1,23.652866242038222,18.22738853503185
94.667,42.0,SOFT,5.0,VER,Red Bull Racing,Bahrain Grand Prix,1,23.652866242038222,18.22738853503185
94.151,43.0,SOFT,6.0,VER,Red Bull Racing,Bahrain Grand Prix,1,23.652866242038222,18.22738853503185
94.531,44.0,SOFT,7.0,VER,Red Bull Racing,Bahrain Grand Prix,1,23.652866242038222,18.22738853503185
94.249,45.0,SOFT,8.0,VER,Red Bull Racing,Bahrain Grand Prix,1,23.652866242038222,18.22738853503185
94.193,46.0,SOFT,9.0,VER,Red Bull Racing,Bahrain Grand Prix,1,23.652866242038222,18.22738853503185
94.239,47.0,SOFT,10.0,VER,Red Bull Racing,Bahrain Grand Prix,1,23.652866242038222,18.22738853503185
94.35,48.0,SOFT,11.0,VER,Red Bull Racing,Bahrain Grand Prix,1,23.652866242038222,18.22738853503185
94.403,49.0,SOFT,12.0,VER,Red Bull Racing,Bahrain Grand Prix,1,23.652866242038222,18.22738853503185
94.783,50.0,SOFT,13.0,VER,Red Bull Racing,Bahrain Grand Prix,1,23.652866242038222,18.22738853503185
94.34,51.0,SOFT,14.0,VER,Red Bull Racing,Bahrain Grand Prix,1,23.652866242038222,18.22738853503185
94.906,52.0,SOFT,15.0,VER,Red Bull Racing,Bahrain Grand Prix,1,23.652866242038222,18.22738853503185
95.6,53.0,SOFT,16.0,VER,Red Bull Racing,Bahrain Grand Prix,1,23.652866242038222,18.22738853503185
95.334,54.0,SOFT,17.0,VER,Red Bull Racing,Bahrain Grand Prix,1,23.652866242038222,18.22738853503185
95.184,55.0,SOFT,18.0,VER,Red Bull Racing,Bahrain Grand Prix,1,23.652866242038222,18.22738853503185
94.671,56.0,SOFT,19.0,VER,Red Bull Racing,Bahrain Grand Prix,1,23.652866242038222,18.22738853503185
94.923,57.0,SOFT,20.0,VER,Red Bull Racing,Bahrain Grand Prix,1,23.652866242038222,18.22738853503185
97.297,3.0,SOFT,6.0,PER,Red Bull Racing,Bahrain Grand Prix,1,23.652866242038222,18.22738853503185
97.722,4.0,SOFT,7.0,PER,Red Bull Racing,Bahrain Grand Prix,1,23.652866242038222,18.22738853503185
98.044,5.0,SOFT,8.0,PER,Red Bull Racing,Bahrain Grand Prix,1,23.652866242038222,18.22738853503185
97.823,6.0,SOFT,9.0,PER,Red Bull Racing,Bahrain Grand Prix,1,23.652866242038222,18.22738853503185
97.821,7.0,SOFT,10.0,PER,Red Bull Racing,Bahrain Grand Prix,1,23.652866242038222,18.22738853503185
97.838,8.0,SOFT,11.0,PER,Red Bull Racing,Bahrain Grand Prix,1,23.652866242038222,18.22738853503185
97.596,9.0,SOFT,12.0,PER,Red Bull Racing,Bahrain Grand Prix,1,23.652866242038222,18.22738853503185
97.63,10.0,SOFT,13.0,PER,Red Bull Racing,Bahrain Grand Prix,1,23.652866242038222,18.22738853503185
97.836,11.0,SOFT,14.0,PER,Red Bull Racing,Bahrain Grand Prix,1,23.652866242038222,18.22738853503185
100.277,12.0,SOFT,15.0,PER,Red Bull Racing,Bahrain Grand Prix,1,23.652866242038222,18.22738853503185
117.624,13.0,HARD,1.0,PER,Red Bull Racing,Bahrain Grand Prix,1,23.652866242038222,18.22738853503185
95.606,14.0,HARD,2.0,PER,Red Bull Racing,Bahrain Grand Prix,1,23.652866242038222,18.22738853503185
96.815,15.0,HARD,3.0,PER,Red Bull Racing,Bahrain Grand Prix,1,23.652866242038222,18.22738853503185
95.783,16.0,HARD,4.0,PER,Red Bull Racing,Bahrain Grand Prix,1,23.652866242038222,18.22738853503185
96.454,17.0,HARD,5.0,PER,Red Bull Racing,Bahrain Grand Prix,1,23.652866242038222,18.22738853503185
96.311,18.0,HARD,6.0,PER,Red Bull Racing,Bahrain Grand Prix,1,23.652866242038222,18.22738853503185
96.038,19.0,HARD,7.0,PER,Red Bull Racing,Bahrain Grand Prix,1,23.652866242038222,18.22738853503185
96.278,20.0,HARD,8.0,PER,Red Bull Racing,Bahrain Grand Prix,1,23.652866242038222,18.22738853503185
96.165,21.0,HARD,9.0,PER,Red Bull Racing,Bahrain Grand Prix,1,23.652866242038222,18.22738853503185
96.037,22.0,HARD,10.0,PER,Red Bull Racing,Bahrain Grand Prix,1,23.652866242038222,18.22738853503185
96.249,23.0,HARD,11.0,PER,Red Bull Racing,Bahrain Grand Prix,1,23.652866242038222,18.22738853503185
96.211,24.0,HARD,12.0,PER,Red Bull Racing,Bahrain Grand Prix,1,23.652866242038222,18.22738853503185
96.344,25.0,HARD,13.0,PER,Red Bull Racing,Bahrain Grand Prix,1,23.652866242038222,18.22738853503185
96.347,26.0,HARD,14.0,PER,Red Bull Racing,Bahrain Grand Prix,1,23.652866242038222,18.22738853503185
96.233,27.0,HARD,15.0,PER,Red Bull Racing,Bahrain Grand Prix,1,23.652866242038222,18.22738853503185
96.226,28.0,HARD,16.0,PER,Red Bull Racing,Bahrain Grand Prix,1,23.652866242038222,18.22738853503185
96.437,29.0,HARD,17.0,PER,Red Bull Racing,Bahrain Grand Prix,1,23.652866242038222,18.22738853503185
96.313,30.0,HARD,18.0,PER,Red Bull Racing,Bahrain Grand Prix,1,23.652866242038222,18.22738853503185
96.339,31.0,HARD,19.0,PER,Red Bull Racing,Bahrain Grand Prix,1,23.652866242038222,18.22738853503185
96.276,32.0,HARD,20.0,PER,Red Bull Racing,Bahrain Grand Prix,1,23.652866242038222,18.22738853503185
96.564,33.0,HARD,21.0,PER,Red Bull Racing,Bahrain Grand Prix,1,23.652866242038222,18.22738853503185
96.378,34.0,HARD,22.0,PER,Red Bull Racing,Bahrain Grand Prix,1,23.652866242038222,18.22738853503185
96.776,35.0,HARD,23.0,PER,Red Bull Racing,Bahrain Grand Prix,1,23.652866242038222,18.22738853503185
99.365,36.0,HARD,24.0,PER,Red Bull Racing,Bahrain Grand Prix,1,23.652866242038222,18.22738853503185
115.808,37.0,SOFT,1.0,PER,Red Bull Racing,Bahrain Grand Prix,1,23.652866242038222,18.22738853503185
94.804,38.0,SOFT,2.0,PER,Red Bull Racing,Bahrain Grand Prix,1,23.652866242038222,18.22738853503185
94.607,39.0,SOFT,3.0,PER,Red Bull Racing,Bahrain Grand Prix,1,23.652866242038222,18.22738853503185
94.364,40.0,SOFT,4.0,PER,Red Bull Racing,Bahrain Grand Prix,1,23.652866242038222,18.22738853503185
94.4,41.0,SOFT,5.0,PER,Red Bull Racing,Bahrain Grand Prix,1,23.652866242038222,18.22738853503185
94.525,42.0,SOFT,6.0,PER,Red Bull Racing,Bahrain Grand Prix,1,23.652866242038222,18.22738853503185
94.797,43.0,SOFT,7.0,PER,Red Bull Racing,Bahrain Grand Prix,1,23.652866242038222,18.22738853503185
94.799,44.0,SOFT,8.0,PER,Red Bull Racing,Bahrain Grand Prix,1,23.652866242038222,18.22738853503185
94.592,45.0,SOFT,9.0,PER,Red Bull Racing,Bahrain Grand Prix,1,23.652866242038222,18.22738853503185
94.844,46.0,SOFT,10.0,PER,Red Bull Racing,Bahrain Grand Prix,1,23.652866242038222,18.22738853503185
94.73,47.0,SOFT,11.0,PER,Red Bull Racing,Bahrain Grand Prix,1,23.652866242038222,18.22738853503185
94.885,48.0,SOFT,12.0,PER,Red Bull Racing,Bahrain Grand Prix,1,23.652866242038222,18.22738853503185
94.966,49.0,SOFT,13.0,PER,Red Bull Racing,Bahrain Grand Prix,1,23.652866242038222,18.22738853503185
95.082,50.0,SOFT,14.0,PER,Red Bull Racing,Bahrain Grand Prix,1,23.652866242038222,18.22738853503185
94.94,51.0,SOFT,15.0,PER,Red Bull Racing,Bahrain Grand Prix,1,23.652866242038222,18.22738853503185
95.183,52.0,SOFT,16.0,PER,Red Bull Racing,Bahrain Grand Prix,1,23.652866242038222,18.22738853503185
95.842,53.0,SOFT,17.0,PER,Red Bull Racing,Bahrain Grand Prix,1,23.652866242038222,18.22738853503185
95.459,54.0,SOFT,18.0,PER,Red Bull Racing,Bahrain Grand Prix,1,23.652866242038222,18.22738853503185
95.611,55.0,SOFT,19.0,PER,Red Bull Racing,Bahrain Grand Prix,1,23.652866242038222,18.22738853503185
95.568,56.0,SOFT,20.0,PER,Red Bull Racing,Bahrain Grand Prix,1,23.652866242038222,18.22738853503185
95.746,57.0,SOFT,21.0,PER,Red Bull Racing,Bahrain Grand Prix,1,23.652866242038222,18.22738853503185
97.08,3.0,SOFT,6.0,SAI,Ferrari,Bahrain Grand Prix,1,23.652866242038222,18.22738853503185
97.264,4.0,SOFT,7.0,SAI,Ferrari,Bahrain Grand Prix,1,23.652866242038222,18.22738853503185
98.032,5.0,SOFT,8.0,SAI,Ferrari,Bahrain Grand Prix,1,23.652866242038222,18.22738853503185
97.741,6.0,SOFT,9.0,SAI,Ferrari,Bahrain Grand Prix,1,23.652866242038222,18.22738853503185
98.26,7.0,SOFT,10.0,SAI,Ferrari,Bahrain Grand Prix,1,23.652866242038222,18.22738853503185
98.183,8.0,SOFT,11.0,SAI,Ferrari,Bahrain Grand Prix,1,23.652866242038222,18.22738853503185
98.03,9.0,SOFT,12.0,SAI,Ferrari,Bahrain Grand Prix,1,23.652866242038222,18.22738853503185
97.608,10.0,SOFT,13.0,SAI,Ferrari,Bahrain Grand Prix,1,23.652866242038222,18.22738853503185
97.656,11.0,SOFT,14.0,SAI,Ferrari,Bahrain Grand Prix,1,23.652866242038222,18.22738853503185
97.65,12.0,SOFT,15.0,SAI,Ferrari,Bahrain Grand Prix,1,23.652866242038222,18.22738853503185
97.243,13.0,SOFT,16.0,SAI,Ferrari,Bahrain Grand Prix,1,23.652866242038222,18.22738853503185
99.753,14.0,SOFT,17.0,SAI,Ferrari,Bahrain Grand Prix,1,23.652866242038222,18.22738853503185
117.225,15.0,HARD,1.0,SAI,Ferrari,Bahrain Grand Prix,1,23.652866242038222,18.22738853503185
96.376,16.0,HARD,2.0,SAI,Ferrari,Bahrain Grand Prix,1,23.652866242038222,18.22738853503185
95.507,17.0,HARD,3.0,SAI,Ferrari,Bahrain Grand Prix,1,23.652866242038222,18.22738853503185
96.088,18.0,HARD,4.0,SAI,Ferrari,Bahrain Grand Prix,1,23.652866242038222,18.22738853503185
96.236,19.0,HARD,5.0,SAI,Ferrari,Bahrain Grand Prix,1,23.652866242038222,18.22738853503185
96.034,20.0,HARD,6.0,SAI,Ferrari,Bahrain Grand Prix,1,23.652866242038222,18.22738853503185
96.104,21.0,HARD,7.0,SAI,Ferrari,Bahrain Grand Prix,1,23.652866242038222,18.22738853503185
96.008,22.0,HARD,8.0,SAI,Ferrari,Bahrain Grand Prix,1,23.652866242038222,18.22738853503185
96.149,23.0,HARD,9.0,SAI,Ferrari,Bahrain Grand Prix,1,23.652866242038222,18.22738853503185
96.2,24.0,HARD,10.0,SAI,Ferrari,Bahrain Grand Prix,1,23.652866242038222,18.22738853503185
96.22,25.0,HARD,11.0,SAI,Ferrari,Bahrain Grand Prix,1,23.652866242038222,18.22738853503185
96.221,26.0,HARD,12.0,SAI,Ferrari,Bahrain Grand Prix,1,23.652866242038222,18.22738853503185
96.272,27.0,HARD,13.0,SAI,Ferrari,Bahrain Grand Prix,1,23.652866242038222,18.22738853503185
96.534,28.0,HARD,14.0,SAI,Ferrari,Bahrain Grand Prix,1,23.652866242038222,18.22738853503185
96.6,29.0,HARD,15.0,SAI,Ferrari,Bahrain Grand Prix,1,23.652866242038222,18.22738853503185
96.337,30.0,HARD,16.0,SAI,Ferrari,Bahrain Grand Prix,1,23.652866242038222,18.22738853503185
96.537,31.0,HARD,17.0,SAI,Ferrari,Bahrain Grand Prix,1,23.652866242038222,18.22738853503185
96.762,32.0,HARD,18.0,SAI,Ferrari,Bahrain Grand Prix,1,23.652866242038222,18.22738853503185
96.556,33.0,HARD,19.0,SAI,Ferrari,Bahrain Grand Prix,1,23.652866242038222,18.22738853503185
96.551,34.0,HARD,20.0,SAI,Ferrari,Bahrain Grand Prix,1,23.652866242038222,18.22738853503185
99.274,35.0,HARD,21.0,SAI,Ferrari,Bahrain Grand Prix,1,23.652866242038222,18.22738853503185
115.62,36.0,HARD,1.0,SAI,Ferrari,Bahrain Grand Prix,1,23.652866242038222,18.22738853503185
95.302,37.0,HARD,2.0,SAI,Ferrari,Bahrain Grand Prix,1,23.652866242038222,18.22738853503185
95.1,38.0,HARD,3.0,SAI,Ferrari,Bahrain Grand Prix,1,23.652866242038222,18.22738853503185
94.709,39.0,HARD,4.0,SAI,Ferrari,Bahrain Grand Prix,1,23.652866242038222,18.22738853503185
94.739,40.0,HARD,5.0,SAI,Ferrari,Bahrain Grand Prix,1,23.652866242038222,18.22738853503185
95.041,41.0,HARD,6.0,SAI,Ferrari,Bahrain Grand Prix,1,23.652866242038222,18.22738853503185
94.861,42.0,HARD,7.0,SAI,Ferrari,Bahrain Grand Prix,1,23.652866242038222,18.22738853503185
94.795,43.0,HARD,8.0,SAI,Ferrari,Bahrain Grand Prix,1,23.652866242038222,18.22738853503185
94.507,44.0,HARD,9.0,SAI,Ferrari,Bahrain Grand Prix,1,23.652866242038222,18.22738853503185
94.79,45.0,HARD,10.0,SAI,Ferrari,Bahrain Grand Prix,1,23.652866242038222,18.22738853503185
94.853,46.0,HARD,11.0,SAI,Ferrari,Bahrain Grand Prix,1,23.652866242038222,18.22738853503185
94.901,47.0,HARD,12.0,SAI,Ferrari,Bahrain Grand Prix,1,23.652866242038222,18.22738853503185
94.981,48.0,HARD,13.0,SAI,Ferrari,Bahrain Grand Prix,1,23.652866242038222,18.22738853503185
95.44,49.0,HARD,14.0,SAI,Ferrari,Bahrain Grand Prix,1,23.652866242038222,18.22738853503185
95.142,50.0,HARD,15.0,SAI,Ferrari,Bahrain Grand Prix,1,23.652866242038222,18.22738853503185
95.282,51.0,HARD,16.0,SAI,Ferrari,Bahrain Grand Prix,1,23.652866242038222,18.22738853503185
95.083,52.0,HARD,17.0,SAI,Ferrari,Bahrain Grand Prix,1,23.652866242038222,18.22738853503185
95.211,53.0,HARD,18.0,SAI,Ferrari,Bahrain Grand Prix,1,23.652866242038222,18.22738853503185
95.309,54.0,HARD,19.0,SAI,Ferrari,Bahrain Grand Prix,1,23.652866242038222,18.22738853503185
95.407,55.0,HARD,20.0,SAI,Ferrari,Bahrain Grand Prix,1,23.652866242038222,18.22738853503185
95.305,56.0,HARD,21.0,SAI,Ferrari,Bahrain Grand Prix,1,23.652866242038222,18.22738853503185
95.327,57.0,HARD,22.0,SAI,Ferrari,Bahrain Grand Prix,1,23.652866242038222,18.22738853503185
98.062,3.0,SOFT,6.0,LEC,Ferrari,Bahrain Grand Prix,1,23.652866242038222,18.22738853503185
97.752,4.0,SOFT,7.0,LEC,Ferrari,Bahrain Grand Prix,1,23.652866242038222,18.22738853503185
98.131,5.0,SOFT,8.0,LEC,Ferrari,Bahrain Grand Prix,1,23.652866242038222,18.22738853503185
97.782,6.0,SOFT,9.0,LEC,Ferrari,Bahrain Grand Prix,1,23.652866242038222,18.22738853503185
98.957,7.0,SOFT,10.0,LEC,Ferrari,Bahrain Grand Prix,1,23.652866242038222,18.22738853503185
98.136,8.0,SOFT,11.0,LEC,Ferrari,Bahrain Grand Prix,1,23.652866242038222,18.22738853503185
97.844,9.0,SOFT,12.0,LEC,Ferrari,Bahrain Grand Prix,1,23.652866242038222,18.22738853503185
97.884,10.0,SOFT,13.0,LEC,Ferrari,Bahrain Grand Prix,1,23.652866242038222,18.22738853503185
101.737,11.0,SOFT,14.0,LEC,Ferrari,Bahrain Grand Prix,1,23.652866242038222,18.22738853503185
117.471,12.0,HARD,1.0,LEC,Ferrari,Bahrain Grand Prix,1,23.652866242038222,18.22738853503185
96.432,13.0,HARD,2.0,LEC,Ferrari,Bahrain Grand Prix,1,23.652866242038222,18.22738853503185
96.756,14.0,HARD,3.0,LEC,Ferrari,Bahrain Grand Prix,1,23.652866242038222,18.22738853503185
96.813,15.0,HARD,4.0,LEC,Ferrari,Bahrain Grand Prix,1,23.652866242038222,18.22738853503185
96.673,16.0,HARD,5.0,LEC,Ferrari,Bahrain Grand Prix,1,23.652866242038222,18.22738853503185
97.302,17.0,HARD,6.0,LEC,Ferrari,Bahrain Grand Prix,1,23.652866242038222,18.22738853503185
97.438,18.0,HARD,7.0,LEC,Ferrari,Bahrain Grand Prix,1,23.652866242038222,18.22738853503185
96.821,19.0,HARD,8.0,LEC,Ferrari,Bahrain Grand Prix,1,23.652866242038222,18.22738853503185
96.794,20.0,HARD,9.0,LEC,Ferrari,Bahrain Grand Prix,1,23.652866242038222,18.22738853503185
96.977,21.0,HARD,10.0,LEC,Ferrari,Bahrain Grand Prix,1,23.652866242038222,18.22738853503185
96.796,22.0,HARD,11.0,LEC,Ferrari,Bahrain Grand Prix,1,23.652866242038222,18.22738853503185
96.987,23.0,HARD,12.0,LEC,Ferrari,Bahrain Grand Prix,1,23.652866242038222,18.22738853503185
96.924,24.0,HARD,13.0,LEC,Ferrari,Bahrain Grand Prix,1,23.652866242038222,18.22738853503185
96.76,25.0,HARD,14.0,LEC,Ferrari,Bahrain Grand Prix,1,23.652866242038222,18.22738853503185
96.81,26.0,HARD,15.0,LEC,Ferrari,Bahrain Grand Prix,1,23.652866242038222,18.22738853503185
96.831,27.0,HARD,16.0,LEC,Ferrari,Bahrain Grand Prix,1,23.652866242038222,18.22738853503185
96.907,28.0,HARD,17.0,LEC,Ferrari,Bahrain Grand Prix,1,23.652866242038222,18.22738853503185
96.963,29.0,HARD,18.0,LEC,Ferrari,Bahrain Grand Prix,1,23.652866242038222,18.22738853503185
97.158,30.0,HARD,19.0,LEC,Ferrari,Bahrain Grand Prix,1,23.652866242038222,18.22738853503185
97.031,31.0,HARD,20.0,LEC,Ferrari,Bahrain Grand Prix,1,23.652866242038222,18.22738853503185
96.941,32.0,HARD,21.0,LEC,Ferrari,Bahrain Grand Prix,1,23.652866242038222,18.22738853503185
96.741,33.0,HARD,22.0,LEC,Ferrari,Bahrain Grand Prix,1,23.652866242038222,18.22738853503185
99.614,34.0,HARD,23.0,LEC,Ferrari,Bahrain Grand Prix,1,23.652866242038222,18.22738853503185
116.166,35.0,HARD,1.0,LEC,Ferrari,Bahrain Grand Prix,1,23.652866242038222,18.22738853503185
94.09,36.0,HARD,2.0,LEC,Ferrari,Bahrain Grand Prix,1,23.652866242038222,18.22738853503185
94.897,37.0,HARD,3.0,LEC,Ferrari,Bahrain Grand Prix,1,23.652866242038222,18.22738853503185
94.783,38.0,HARD,4.0,LEC,Ferrari,Bahrain Grand Prix,1,23.652866242038222,18.22738853503185
95.087,39.0,HARD,5.0,LEC,Ferrari,Bahrain Grand Prix,1,23.652866242038222,18.22738853503185
94.859,40.0,HARD,6.0,LEC,Ferrari,Bahrain Grand Prix,1,23.652866242038222,18.22738853503185
95.028,41.0,HARD,7.0,LEC,Ferrari,Bahrain Grand Prix,1,23.652866242038222,18.22738853503185
94.982,42.0,HARD,8.0,LEC,Ferrari,Bahrain Grand Prix,1,23.652866242038222,18.22738853503185
95.192,43.0,HARD,9.0,LEC,Ferrari,Bahrain Grand Prix,1,23.652866242038222,18.22738853503185
95.051,44.0,HARD,10.0,LEC,Ferrari,Bahrain Grand Prix,1,23.652866242038222,18.22738853503185
95.22,45.0,HARD,11.0,LEC,Ferrari,Bahrain Grand Prix,1,23.652866242038222,18.22738853503185
95.058,46.0,HARD,12.0,LEC,Ferrari,Bahrain Grand Prix,1,23.652866242038222,18.22738853503185
95.057,47.0,HARD,13.0,LEC,Ferrari,Bahrain Grand Prix,1,23.652866242038222,18.22738853503185
95.308,48.0,HARD,14.0,LEC,Ferrari,Bahrain Grand Prix,1,23.652866242038222,18.22738853503185
95.302,49.0,HARD,15.0,LEC,Ferrari,Bahrain Grand Prix,1,23.652866242038222,18.22738853503185
95.383,50.0,HARD,16.0,LEC,Ferrari,Bahrain Grand Prix,1,23.652866242038222,18.22738853503185
95.418,51.0,HARD,17.0,LEC,Ferrari,Bahrain Grand Prix,1,23.652866242038222,18.22738853503185
95.394,52.0,HARD,18.0,LEC,Ferrari,Bahrain Grand Prix,1,23.652866242038222,18.22738853503185
95.48,53.0,HARD,19.0,LEC,Ferrari,Bahrain Grand Prix,1,23.652866242038222,18.22738853503185
95.265,54.0,HARD,20.0,LEC,Ferrari,Bahrain Grand Prix,1,23.652866242038222,18.22738853503185
95.785,55.0,HARD,21.0,LEC,Ferrari,Bahrain Grand Prix,1,23.652866242038222,18.22738853503185
95.924,56.0,HARD,22.0,LEC,Ferrari,Bahrain Grand Prix,1,23.652866242038222,18.22738853503185
96.324,57.0,HARD,23.0,LEC,Ferrari,Bahrain Grand Prix,1,23.652866242038222,18.22738853503185
96.406,3.0,SOFT,6.0,RUS,Mercedes,Bahrain Grand Prix,1,23.652866242038222,18.22738853503185
97.738,4.0,SOFT,7.0,RUS,Mercedes,Bahrain Grand Prix,1,23.652866242038222,18.22738853503185
98.116,5.0,SOFT,8.0,RUS,Mercedes,Bahrain Grand Prix,1,23.652866242038222,18.22738853503185
97.784,6.0,SOFT,9.0,RUS,Mercedes,Bahrain Grand Prix,1,23.652866242038222,18.22738853503185
98.082,7.0,SOFT,10.0,RUS,Mercedes,Bahrain Grand Prix,1,23.652866242038222,18.22738853503185
97.862,8.0,SOFT,11.0,RUS,Mercedes,Bahrain Grand Prix,1,23.652866242038222,18.22738853503185
97.73,9.0,SOFT,12.0,RUS,Mercedes,Bahrain Grand Prix,1,23.652866242038222,18.22738853503185
97.782,10.0,SOFT,13.0,RUS,Mercedes,Bahrain Grand Prix,1,23.652866242038222,18.22738853503185
100.515,11.0,SOFT,14.0,RUS,Mercedes,Bahrain Grand Prix,1,23.652866242038222,18.22738853503185
118.46,12.0,HARD,1.0,RUS,Mercedes,Bahrain Grand Prix,1,23.652866242038222,18.22738853503185
97.167,13.0,HARD,2.0,RUS,Mercedes,Bahrain Grand Prix,1,23.652866242038222,18.22738853503185
97.571,14.0,HARD,3.0,RUS,Mercedes,Bahrain Grand Prix,1,23.652866242038222,18.22738853503185
96.922,15.0,HARD,4.0,RUS,Mercedes,Bahrain Grand Prix,1,23.652866242038222,18.22738853503185
96.683,16.0,HARD,5.0,RUS,Mercedes,Bahrain Grand Prix,1,23.652866242038222,18.22738853503185
96.234,17.0,HARD,6.0,RUS,Mercedes,Bahrain Grand Prix,1,23.652866242038222,18.22738853503185
97.819,18.0,HARD,7.0,RUS,Mercedes,Bahrain Grand Prix,1,23.652866242038222,18.22738853503185
97.233,19.0,HARD,8.0,RUS,Mercedes,Bahrain Grand Prix,1,23.652866242038222,18.22738853503185
96.732,20.0,HARD,9.0,RUS,Mercedes,Bahrain Grand Prix,1,23.652866242038222,18.22738853503185
96.769,21.0,HARD,10.0,RUS,Mercedes,Bahrain Grand Prix,1,23.652866242038222,18.22738853503185
96.992,22.0,HARD,11.0,RUS,Mercedes,Bahrain Grand Prix,1,23.652866242038222,18.22738853503185
96.954,23.0,HARD,12.0,RUS,Mercedes,Bahrain Grand Prix,1,23.652866242038222,18.22738853503185
96.736,24.0,HARD,13.0,RUS,Mercedes,Bahrain Grand Prix,1,23.652866242038222,18.22738853503185
96.928,25.0,HARD,14.0,RUS,Mercedes,Bahrain Grand Prix,1,23.652866242038222,18.22738853503185
96.801,26.0,HARD,15.0,RUS,Mercedes,Bahrain Grand Prix,1,23.652866242038222,18.22738853503185
96.815,27.0,HARD,16.0,RUS,Mercedes,Bahrain Grand Prix,1,23.652866242038222,18.22738853503185
96.911,28.0,HARD,17.0,RUS,Mercedes,Bahrain Grand Prix,1,23.652866242038222,18.22738853503185
97.066,29.0,HARD,18.0,RUS,Mercedes,Bahrain Grand Prix,1,23.652866242038222,18.22738853503185
97.186,30.0,HARD,19.0,RUS,Mercedes,Bahrain Grand Prix,1,23.652866242038222,18.22738853503185
99.405,31.0,HARD,20.0,RUS,Mercedes,Bahrain Grand Prix,1,23.652866242038222,18.22738853503185
117.267,32.0,HARD,1.0,RUS,Mercedes,Bahrain Grand Prix,1,23.652866242038222,18.22738853503185
95.838,33.0,HARD,2.0,RUS,Mercedes,Bahrain Grand Prix,1,23.652866242038222,18.22738853503185
95.241,34.0,HARD,3.0,RUS,Mercedes,Bahrain Grand Prix,1,23.652866242038222,18.22738853503185
95.772,35.0,HARD,4.0,RUS,Mercedes,Bahrain Grand Prix,1,23.652866242038222,18.22738853503185
95.434,36.0,HARD,5.0,RUS,Mercedes,Bahrain Grand Prix,1,23.652866242038222,18.22738853503185
95.481,37.0,HARD,6.0,RUS,Mercedes,Bahrain Grand Prix,1,23.652866242038222,18.22738853503185
95.479,38.0,HARD,7.0,RUS,Mercedes,Bahrain Grand Prix,1,23.652866242038222,18.22738853503185
95.204,39.0,HARD,8.0,RUS,Mercedes,Bahrain Grand Prix,1,23.652866242038222,18.22738853503185
95.065,40.0,HARD,9.0,RUS,Mercedes,Bahrain Grand Prix,1,23.652866242038222,18.22738853503185
95.093,41.0,HARD,10.0,RUS,Mercedes,Bahrain Grand Prix,1,23.652866242038222,18.22738853503185
95.136,42.0,HARD,11.0,RUS,Mercedes,Bahrain Grand Prix,1,23.652866242038222,18.22738853503185
95.193,43.0,HARD,12.0,RUS,Mercedes,Bahrain Grand Prix,1,23.652866242038222,18.22738853503185
95.162,44.0,HARD,13.0,RUS,Mercedes,Bahrain Grand Prix,1,23.652866242038222,18.22738853503185
95.276,45.0,HARD,14.0,RUS,Mercedes,Bahrain Grand Prix,1,23.652866242038222,18.22738853503185
96.657,46.0,HARD,15.0,RUS,Mercedes,Bahrain Grand Prix,1,23.652866242038222,18.22738853503185
95.805,47.0,HARD,16.0,RUS,Mercedes,Bahrain Grand Prix,1,23.652866242038222,18.22738853503185
96.059,48.0,HARD,17.0,RUS,Mercedes,Bahrain Grand Prix,1,23.652866242038222,18.22738853503185
95.954,49.0,HARD,18.0,RUS,Mercedes,Bahrain Grand Prix,1,23.652866242038222,18.22738853503185
96.181,50.0,HARD,19.0,RUS,Mercedes,Bahrain Grand Prix,1,23.652866242038222,18.22738853503185
95.852,51.0,HARD,20.0,RUS,Mercedes,Bahrain Grand Prix,1,23.652866242038222,18.22738853503185
96.186,52.0,HARD,21.0,RUS,Mercedes,Bahrain Grand Prix,1,23.652866242038222,18.22738853503185
95.979,53.0,HARD,22.0,RUS,Mercedes,Bahrain Grand Prix,1,23.652866242038222,18.22738853503185
96.013,54.0,HARD,23.0,RUS,Mercedes,Bahrain Grand Prix,1,23.652866242038222,18.22738853503185
96.151,55.0,HARD,24.0,RUS,Mercedes,Bahrain Grand Prix,1,23.652866242038222,18.22738853503185
96.35,56.0,HARD,25.0,RUS,Mercedes,Bahrain Grand Prix,1,23.652866242038222,18.22738853503185
96.44,57.0,HARD,26.0,RUS,Mercedes,Bahrain Grand Prix,1,23.652866242038222,18.22738853503185
97.787,3.0,SOFT,6.0,NOR,McLaren,Bahrain Grand Prix,1,23.652866242038222,18.22738853503185
97.45,4.0,SOFT,7.0,NOR,McLaren,Bahrain Grand Prix,1,23.652866242038222,18.22738853503185
97.794,5.0,SOFT,8.0,NOR,McLaren,Bahrain Grand Prix,1,23.652866242038222,18.22738853503185
97.896,6.0,SOFT,9.0,NOR,McLaren,Bahrain Grand Prix,1,23.652866242038222,18.22738853503185
97.86,7.0,SOFT,10.0,NOR,McLaren,Bahrain Grand Prix,1,23.652866242038222,18.22738853503185
98.134,8.0,SOFT,11.0,NOR,McLaren,Bahrain Grand Prix,1,23.652866242038222,18.22738853503185
98.064,9.0,SOFT,12.0,NOR,McLaren,Bahrain Grand Prix,1,23.652866242038222,18.22738853503185
97.936,10.0,SOFT,13.0,NOR,McLaren,Bahrain Grand Prix,1,23.652866242038222,18.22738853503185
98.172,11.0,SOFT,14.0,NOR,McLaren,Bahrain Grand Prix,1,23.652866242038222,18.22738853503185
98.082,12.0,SOFT,15.0,NOR,McLaren,Bahrain Grand Prix,1,23.652866242038222,18.22738853503185
100.635,13.0,SOFT,16.0,NOR,McLaren,Bahrain Grand Prix,1,23.652866242038222,18.22738853503185
117.77,14.0,HARD,1.0,NOR,McLaren,Bahrain Grand Prix,1,23.652866242038222,18.22738853503185
96.912,15.0,HARD,2.0,NOR,McLaren,Bahrain Grand Prix,1,23.652866242038222,18.22738853503185
96.565,16.0,HARD,3.0,NOR,McLaren,Bahrain Grand Prix,1,23.652866242038222,18.22738853503185
96.776,17.0,HARD,4.0,NOR,McLaren,Bahrain Grand Prix,1,23.652866242038222,18.22738853503185
96.508,18.0,HARD,5.0,NOR,McLaren,Bahrain Grand Prix,1,23.652866242038222,18.22738853503185
96.416,19.0,HARD,6.0,NOR,McLaren,Bahrain Grand Prix,1,23.652866242038222,18.22738853503185
96.501,20.0,HARD,7.0,NOR,McLaren,Bahrain Grand Prix,1,23.652866242038222,18.22738853503185
96.62,21.0,HARD,8.0,NOR,McLaren,Bahrain Grand Prix,1,23.652866242038222,18.22738853503185
96.668,22.0,HARD,9.0,NOR,McLaren,Bahrain Grand Prix,1,23.652866242038222,18.22738853503185
96.696,23.0,HARD,10.0,NOR,McLaren,Bahrain Grand Prix,1,23.652866242038222,18.22738853503185
96.823,24.0,HARD,11.0,NOR,McLaren,Bahrain Grand Prix,1,23.652866242038222,18.22738853503185
96.73,25.0,HARD,12.0,NOR,McLaren,Bahrain Grand Prix,1,23.652866242038222,18.22738853503185
96.566,26.0,HARD,13.0,NOR,McLaren,Bahrain Grand Prix,1,23.652866242038222,18.22738853503185
96.726,27.0,HARD,14.0,NOR,McLaren,Bahrain Grand Prix,1,23.652866242038222,18.22738853503185
97.018,28.0,HARD,15.0,NOR,McLaren,Bahrain Grand Prix,1,23.652866242038222,18.22738853503185
97.041,29.0,HARD,16.0,NOR,McLaren,Bahrain Grand Prix,1,23.652866242038222,18.22738853503185
96.986,30.0,HARD,17.0,NOR,McLaren,Bahrain Grand Prix,1,23.652866242038222,18.22738853503185
97.083,31.0,HARD,18.0,NOR,McLaren,Bahrain Grand Prix,1,23.652866242038222,18.22738853503185
97.171,32.0,HARD,19.0,NOR,McLaren,Bahrain Grand Prix,1,23.652866242038222,18.22738853503185
99.626,33.0,HARD,20.0,NOR,McLaren,Bahrain Grand Prix,1,23.652866242038222,18.22738853503185
116.898,34.0,HARD,1.0,NOR,McLaren,Bahrain Grand Prix,1,23.652866242038222,18.22738853503185
94.476,35.0,HARD,2.0,NOR,McLaren,Bahrain Grand Prix,1,23.652866242038222,18.22738853503185
95.69,36.0,HARD,3.0,NOR,McLaren,Bahrain Grand Prix,1,23.652866242038222,18.22738853503185
95.067,37.0,HARD,4.0,NOR,McLaren,Bahrain Grand Prix,1,23.652866242038222,18.22738853503185
95.149,38.0,HARD,5.0,NOR,McLaren,Bahrain Grand Prix,1,23.652866242038222,18.22738853503185
94.88,39.0,HARD,6.0,NOR,McLaren,Bahrain Grand Prix,1,23.652866242038222,18.22738853503185
95.276,40.0,HARD,7.0,NOR,McLaren,Bahrain Grand Prix,1,23.652866242038222,18.22738853503185
95.069,41.0,HARD,8.0,NOR,McLaren,Bahrain Grand Prix,1,23.652866242038222,18.22738853503185
95.165,42.0,HARD,9.0,NOR,McLaren,Bahrain Grand Prix,1,23.652866242038222,18.22738853503185
95.295,43.0,HARD,10.0,NOR,McLaren,Bahrain Grand Prix,1,23.652866242038222,18.22738853503185
95.346,44.0,HARD,11.0,NOR,McLaren,Bahrain Grand Prix,1,23.652866242038222,18.22738853503185
95.338,45.0,HARD,12.0,NOR,McLaren,Bahrain Grand Prix,1,23.652866242038222,18.22738853503185
95.371,46.0,HARD,13.0,NOR,McLaren,Bahrain Grand Prix,1,23.652866242038222,18.22738853503185
95.485,47.0,HARD,14.0,NOR,McLaren,Bahrain Grand Prix,1,23.652866242038222,18.22738853503185
95.717,48.0,HARD,15.0,NOR,McLaren,Bahrain Grand Prix,1,23.652866242038222,18.22738853503185
95.674,49.0,HARD,16.0,NOR,McLaren,Bahrain Grand Prix,1,23.652866242038222,18.22738853503185
95.657,50.0,HARD,17.0,NOR,McLaren,Bahrain Grand Prix,1,23.652866242038222,18.22738853503185
96.038,51.0,HARD,18.0,NOR,McLaren,Bahrain Grand Prix,1,23.652866242038222,18.22738853503185
95.922,52.0,HARD,19.0,NOR,McLaren,Bahrain Grand Prix,1,23.652866242038222,18.22738853503185
95.782,53.0,HARD,20.0,NOR,McLaren,Bahrain Grand Prix,1,23.652866242038222,18.22738853503185
95.934,54.0,HARD,21.0,NOR,McLaren,Bahrain Grand Prix,1,23.652866242038222,18.22738853503185
96.223,55.0,HARD,22.0,NOR,McLaren,Bahrain Grand Prix,1,23.652866242038222,18.22738853503185
95.976,56.0,HARD,23.0,NOR,McLaren,Bahrain Grand Prix,1,23.652866242038222,18.22738853503185
96.582,57.0,HARD,24.0,NOR,McLaren,Bahrain Grand Prix,1,23.652866242038222,18.22738853503185
98.303,3.0,SOFT,6.0,HAM,Mercedes,Bahrain Grand Prix,1,23.652866242038222,18.22738853503185
98.287,4.0,SOFT,7.0,HAM,Mercedes,Bahrain Grand Prix,1,23.652866242038222,18.22738853503185
98.35,5.0,SOFT,8.0,HAM,Mercedes,Bahrain Grand Prix,1,23.652866242038222,18.22738853503185
98.183,6.0,SOFT,9.0,HAM,Mercedes,Bahrain Grand Prix,1,23.652866242038222,18.22738853503185
97.839,7.0,SOFT,10.0,HAM,Mercedes,Bahrain Grand Prix,1,23.652866242038222,18.22738853503185
98.221,8.0,SOFT,11.0,HAM,Mercedes,Bahrain Grand Prix,1,23.652866242038222,18.22738853503185
98.645,9.0,SOFT,12.0,HAM,Mercedes,Bahrain Grand Prix,1,23.652866242038222,18.22738853503185
98.037,10.0,SOFT,13.0,HAM,Mercedes,Bahrain Grand Prix,1,23.652866242038222,18.22738853503185
98.236,11.0,SOFT,14.0,HAM,Mercedes,Bahrain Grand Prix,1,23.652866242038222,18.22738853503185
100.889,12.0,SOFT,15.0,HAM,Mercedes,Bahrain Grand Prix,1,23.652866242038222,18.22738853503185
118.645,13.0,HARD,1.0,HAM,Mercedes,Bahrain Grand Prix,1,23.652866242038222,18.22738853503185
97.178,14.0,HARD,2.0,HAM,Mercedes,Bahrain Grand Prix,1,23.652866242038222,18.22738853503185
97.264,15.0,HARD,3.0,HAM,Mercedes,Bahrain Grand Prix,1,23.652866242038222,18.22738853503185
97.091,16.0,HARD,4.0,HAM,Mercedes,Bahrain Grand Prix,1,23.652866242038222,18.22738853503185
97.111,17.0,HARD,5.0,HAM,Mercedes,Bahrain Grand Prix,1,23.652866242038222,18.22738853503185
96.85,18.0,HARD,6.0,HAM,Mercedes,Bahrain Grand Prix,1,23.652866242038222,18.22738853503185
96.694,19.0,HARD,7.0,HAM,Mercedes,Bahrain Grand Prix,1,23.652866242038222,18.22738853503185
96.264,20.0,HARD,8.0,HAM,Mercedes,Bahrain Grand Prix,1,23.652866242038222,18.22738853503185
96.51,21.0,HARD,9.0,HAM,Mercedes,Bahrain Grand Prix,1,23.652866242038222,18.22738853503185
96.633,22.0,HARD,10.0,HAM,Mercedes,Bahrain Grand Prix,1,23.652866242038222,18.22738853503185
96.717,23.0,HARD,11.0,HAM,Mercedes,Bahrain Grand Prix,1,23.652866242038222,18.22738853503185
96.666,24.0,HARD,12.0,HAM,Mercedes,Bahrain Grand Prix,1,23.652866242038222,18.22738853503185
96.919,25.0,HARD,13.0,HAM,Mercedes,Bahrain Grand Prix,1,23.652866242038222,18.22738853503185
96.714,26.0,HARD,14.0,HAM,Mercedes,Bahrain Grand Prix,1,23.652866242038222,18.22738853503185
97.201,27.0,HARD,15.0,HAM,Mercedes,Bahrain Grand Prix,1,23.652866242038222,18.22738853503185
96.692,28.0,HARD,16.0,HAM,Mercedes,Bahrain Grand Prix,1,23.652866242038222,18.22738853503185
96.786,29.0,HARD,17.0,HAM,Mercedes,Bahrain Grand Prix,1,23.652866242038222,18.22738853503185
97.244,30.0,HARD,18.0,HAM,Mercedes,Bahrain Grand Prix,1,23.652866242038222,18.22738853503185
96.975,31.0,HARD,19.0,HAM,Mercedes,Bahrain Grand Prix,1,23.652866242038222,18.22738853503185
97.325,32.0,HARD,20.0,HAM,Mercedes,Bahrain Grand Prix,1,23.652866242038222,18.22738853503185
99.696,33.0,HARD,21.0,HAM,Mercedes,Bahrain Grand Prix,1,23.652866242038222,18.22738853503185
114.974,34.0,HARD,1.0,HAM,Mercedes,Bahrain Grand Prix,1,23.652866242038222,18.22738853503185
95.489,35.0,HARD,2.0,HAM,Mercedes,Bahrain Grand Prix,1,23.652866242038222,18.22738853503185
95.279,36.0,HARD,3.0,HAM,Mercedes,Bahrain Grand Prix,1,23.652866242038222,18.22738853503185
95.597,37.0,HARD,4.0,HAM,Mercedes,Bahrain Grand Prix,1,23.652866242038222,18.22738853503185
94.966,38.0,HARD,5.0,HAM,Mercedes,Bahrain Grand Prix,1,23.652866242038222,18.22738853503185
94.722,39.0,HARD,6.0,HAM,Mercedes,Bahrain Grand Prix,1,23.652866242038222,18.22738853503185
95.041,40.0,HARD,7.0,HAM,Mercedes,Bahrain Grand Prix,1,23.652866242038222,18.22738853503185
94.94,41.0,HARD,8.0,HAM,Mercedes,Bahrain Grand Prix,1,23.652866242038222,18.22738853503185
94.996,42.0,HARD,9.0,HAM,Mercedes,Bahrain Grand Prix,1,23.652866242038222,18.22738853503185
94.935,43.0,HARD,10.0,HAM,Mercedes,Bahrain Grand Prix,1,23.652866242038222,18.22738853503185
95.169,44.0,HARD,11.0,HAM,Mercedes,Bahrain Grand Prix,1,23.652866242038222,18.22738853503185
95.184,45.0,HARD,12.0,HAM,Mercedes,Bahrain Grand Prix,1,23.652866242038222,18.22738853503185
95.285,46.0,HARD,13.0,HAM,Mercedes,Bahrain Grand Prix,1,23.652866242038222,18.22738853503185
95.226,47.0,HARD,14.0,HAM,Mercedes,Bahrain Grand Prix,1,23.652866242038222,18.22738853503185
96.165,48.0,HARD,15.0,HAM,Mercedes,Bahrain Grand Prix,1,23.652866242038222,18.22738853503185
95.914,49.0,HARD,16.0,HAM,Mercedes,Bahrain Grand Prix,1,23.652866242038222,18.22738853503185
95.612,50.0,HARD,17.0,HAM,Mercedes,Bahrain Grand Prix,1,23.652866242038222,18.22738853503185
95.532,51.0,HARD,18.0,HAM,Mercedes,Bahrain Grand Prix,1,23.652866242038222,18.22738853503185
95.479,52.0,HARD,19.0,HAM,Mercedes,Bahrain Grand Prix,1,23.652866242038222,18.22738853503185
95.55,53.0,HARD,20.0,HAM,Mercedes,Bahrain Grand Prix,1,23.652866242038222,18.22738853503185
95.974,54.0,HARD,21.0,HAM,Mercedes,Bahrain Grand Prix,1,23.652866242038222,18.22738853503185
95.633,55.0,HARD,22.0,HAM,Mercedes,Bahrain Grand Prix,1,23.652866242038222,18.22738853503185
95.706,56.0,HARD,23.0,HAM,Mercedes,Bahrain Grand Prix,1,23.652866242038222,18.22738853503185
96.138,57.0,HARD,24.0,HAM,Mercedes,Bahrain Grand Prix,1,23.652866242038222,18.22738853503185
98.258,3.0,SOFT,6.0,PIA,McLaren,Bahrain Grand Prix,1,23.652866242038222,18.22738853503185
97.897,4.0,SOFT,7.0,PIA,McLaren,Bahrain Grand Prix,1,23.652866242038222,18.22738853503185
97.859,5.0,SOFT,8.0,PIA,McLaren,Bahrain Grand Prix,1,23.652866242038222,18.22738853503185
97.955,6.0,SOFT,9.0,PIA,McLaren,Bahrain Grand Prix,1,23.652866242038222,18.22738853503185
97.984,7.0,SOFT,10.0,PIA,McLaren,Bahrain Grand Prix,1,23.652866242038222,18.22738853503185
97.956,8.0,SOFT,11.0,PIA,McLaren,Bahrain Grand Prix,1,23.652866242038222,18.22738853503185
98.096,9.0,SOFT,12.0,PIA,McLaren,Bahrain Grand Prix,1,23.652866242038222,18.22738853503185
98.073,10.0,SOFT,13.0,PIA,McLaren,Bahrain Grand Prix,1,23.652866242038222,18.22738853503185
98.397,11.0,SOFT,14.0,PIA,McLaren,Bahrain Grand Prix,1,23.652866242038222,18.22738853503185
100.739,12.0,SOFT,15.0,PIA,McLaren,Bahrain Grand Prix,1,23.652866242038222,18.22738853503185
118.689,13.0,HARD,1.0,PIA,McLaren,Bahrain Grand Prix,1,23.652866242038222,18.22738853503185
96.796,14.0,HARD,2.0,PIA,McLaren,Bahrain Grand Prix,1,23.652866242038222,18.22738853503185
96.823,15.0,HARD,3.0,PIA,McLaren,Bahrain Grand Prix,1,23.652866242038222,18.22738853503185
96.427,16.0,HARD,4.0,PIA,McLaren,Bahrain Grand Prix,1,23.652866242038222,18.22738853503185
96.872,17.0,HARD,5.0,PIA,McLaren,Bahrain Grand Prix,1,23.652866242038222,18.22738853503185
97.095,18.0,HARD,6.0,PIA,McLaren,Bahrain Grand Prix,1,23.652866242038222,18.22738853503185
96.577,19.0,HARD,7.0,PIA,McLaren,Bahrain Grand Prix,1,23.652866242038222,18.22738853503185
96.644,20.0,HARD,8.0,PIA,McLaren,Bahrain Grand Prix,1,23.652866242038222,18.22738853503185
96.733,21.0,HARD,9.0,PIA,McLaren,Bahrain Grand Prix,1,23.652866242038222,18.22738853503185
96.555,22.0,HARD,10.0,PIA,McLaren,Bahrain Grand Prix,1,23.652866242038222,18.22738853503185
96.68,23.0,HARD,11.0,PIA,McLaren,Bahrain Grand Prix,1,23.652866242038222,18.22738853503185
96.884,24.0,HARD,12.0,PIA,McLaren,Bahrain Grand Prix,1,23.652866242038222,18.22738853503185
97.008,25.0,HARD,13.0,PIA,McLaren,Bahrain Grand Prix,1,23.652866242038222,18.22738853503185
96.882,26.0,HARD,14.0,PIA,McLaren,Bahrain Grand Prix,1,23.652866242038222,18.22738853503185
96.905,27.0,HARD,15.0,PIA,McLaren,Bahrain Grand Prix,1,23.652866242038222,18.22738853503185
96.905,28.0,HARD,16.0,PIA,McLaren,Bahrain Grand Prix,1,23.652866242038222,18.22738853503185
97.179,29.0,HARD,17.0,PIA,McLaren,Bahrain Grand Prix,1,23.652866242038222,18.22738853503185
97.177,30.0,HARD,18.0,PIA,McLaren,Bahrain Grand Prix,1,23.652866242038222,18.22738853503185
97.57,31.0,HARD,19.0,PIA,McLaren,Bahrain Grand Prix,1,23.652866242038222,18.22738853503185
97.163,32.0,HARD,20.0,PIA,McLaren,Bahrain Grand Prix,1,23.652866242038222,18.22738853503185
97.088,33.0,HARD,21.0,PIA,McLaren,Bahrain Grand Prix,1,23.652866242038222,18.22738853503185
99.211,34.0,HARD,22.0,PIA,McLaren,Bahrain Grand Prix,1,23.652866242038222,18.22738853503185
119.703,35.0,HARD,1.0,PIA,McLaren,Bahrain Grand Prix,1,23.652866242038222,18.22738853503185
95.153,36.0,HARD,2.0,PIA,McLaren,Bahrain Grand Prix,1,23.652866242038222,18.22738853503185
94.774,37.0,HARD,3.0,PIA,McLaren,Bahrain Grand Prix,1,23.652866242038222,18.22738853503185
95.298,38.0,HARD,4.0,PIA,McLaren,Bahrain Grand Prix,1,23.652866242038222,18.22738853503185
94.983,39.0,HARD,5.0,PIA,McLaren,Bahrain Grand Prix,1,23.652866242038222,18.22738853503185
95.005,40.0,HARD,6.0,PIA,McLaren,Bahrain Grand Prix,1,23.652866242038222,18.22738853503185
95.109,41.0,HARD,7.0,PIA,McLaren,Bahrain Grand Prix,1,23.652866242038222,18.22738853503185
95.341,42.0,HARD,8.0,PIA,McLaren,Bahrain Grand Prix,1,23.652866242038222,18.22738853503185
95.258,43.0,HARD,9.0,PIA,McLaren,Bahrain Grand Prix,1,23.652866242038222,18.22738853503185
95.238,44.0,HARD,10.0,PIA,McLaren,Bahrain Grand Prix,1,23.652866242038222,18.22738853503185
95.306,45.0,HARD,11.0,PIA,McLaren,Bahrain Grand Prix,1,23.652866242038222,18.22738853503185
95.296,46.0,HARD,12.0,PIA,McLaren,Bahrain Grand Prix,1,23.652866242038222,18.22738853503185
95.376,47.0,HARD,13.0,PIA,McLaren,Bahrain Grand Prix,1,23.652866242038222,18.22738853503185
95.702,48.0,HARD,14.0,PIA,McLaren,Bahrain Grand Prix,1,23.652866242038222,18.22738853503185
95.653,49.0,HARD,15.0,PIA,McLaren,Bahrain Grand Prix,1,23.652866242038222,18.22738853503185
95.984,50.0,HARD,16.0,PIA,McLaren,Bahrain Grand Prix,1,23.652866242038222,18.22738853503185
95.8,51.0,HARD,17.0,PIA,McLaren,Bahrain Grand Prix,1,23.652866242038222,18.22738853503185
96.024,52.0,HARD,18.0,PIA,McLaren,Bahrain Grand Prix,1,23.652866242038222,18.22738853503185
95.739,53.0,HARD,19.0,PIA,McLaren,Bahrain Grand Prix,1,23.652866242038222,18.22738853503185
96.107,54.0,HARD,20.0,PIA,McLaren,Bahrain Grand Prix,1,23.652866242038222,18.22738853503185
95.973,55.0,HARD,21.0,PIA,McLaren,Bahrain Grand Prix,1,23.652866242038222,18.22738853503185
96.1,56.0,HARD,22.0,PIA,McLaren,Bahrain Grand Prix,1,23.652866242038222,18.22738853503185
95.92,57.0,HARD,23.0,PIA,McLaren,Bahrain Grand Prix,1,23.652866242038222,18.22738853503185
99.046,3.0,SOFT,6.0,ALO,Aston Martin,Bahrain Grand Prix,1,23.652866242038222,18.22738853503185
97.776,4.0,SOFT,7.0,ALO,Aston Martin,Bahrain Grand Prix,1,23.652866242038222,18.22738853503185
99.292,5.0,SOFT,8.0,ALO,Aston Martin,Bahrain Grand Prix,1,23.652866242038222,18.22738853503185
98.053,6.0,SOFT,9.0,ALO,Aston Martin,Bahrain Grand Prix,1,23.652866242038222,18.22738853503185
98.008,7.0,SOFT,10.0,ALO,Aston Martin,Bahrain Grand Prix,1,23.652866242038222,18.22738853503185
98.103,8.0,SOFT,11.0,ALO,Aston Martin,Bahrain Grand Prix,1,23.652866242038222,18.22738853503185
98.896,9.0,SOFT,12.0,ALO,Aston Martin,Bahrain Grand Prix,1,23.652866242038222,18.22738853503185
99.325,10.0,SOFT,13.0,ALO,Aston Martin,Bahrain Grand Prix,1,23.652866242038222,18.22738853503185
98.554,11.0,SOFT,14.0,ALO,Aston Martin,Bahrain Grand Prix,1,23.652866242038222,18.22738853503185
98.543,12.0,SOFT,15.0,ALO,Aston Martin,Bahrain Grand Prix,1,23.652866242038222,18.22738853503185
98.587,13.0,SOFT,16.0,ALO,Aston Martin,Bahrain Grand Prix,1,23.652866242038222,18.22738853503185
98.612,14.0,SOFT,17.0,ALO,Aston Martin,Bahrain Grand Prix,1,23.652866242038222,18.22738853503185
101.101,15.0,SOFT,18.0,ALO,Aston Martin,Bahrain Grand Prix,1,23.652866242038222,18.22738853503185
118.814,16.0,HARD,1.0,ALO,Aston Martin,Bahrain Grand Prix,1,23.652866242038222,18.22738853503185
96.97,17.0,HARD,2.0,ALO,Aston Martin,Bahrain Grand Prix,1,23.652866242038222,18.22738853503185
97.361,18.0,HARD,3.0,ALO,Aston Martin,Bahrain Grand Prix,1,23.652866242038222,18.22738853503185
97.072,19.0,HARD,4.0,ALO,Aston Martin,Bahrain Grand Prix,1,23.652866242038222,18.22738853503185
97.357,20.0,HARD,5.0,ALO,Aston Martin,Bahrain Grand Prix,1,23.652866242038222,18.22738853503185
97.342,21.0,HARD,6.0,ALO,Aston Martin,Bahrain Grand Prix,1,23.652866242038222,18.22738853503185
97.122,22.0,HARD,7.0,ALO,Aston Martin,Bahrain Grand Prix,1,23.652866242038222,18.22738853503185
97.265,23.0,HARD,8.0,ALO,Aston Martin,Bahrain Grand Prix,1,23.652866242038222,18.22738853503185
97.046,24.0,HARD,9.0,ALO,Aston Martin,Bahrain Grand Prix,1,23.652866242038222,18.22738853503185
97.179,25.0,HARD,10.0,ALO,Aston Martin,Bahrain Grand Prix,1,23.652866242038222,18.22738853503185
97.638,26.0,HARD,11.0,ALO,Aston Martin,Bahrain Grand Prix,1,23.652866242038222,18.22738853503185
96.945,27.0,HARD,12.0,ALO,Aston Martin,Bahrain Grand Prix,1,23.652866242038222,18.22738853503185
97.256,28.0,HARD,13.0,ALO,Aston Martin,Bahrain Grand Prix,1,23.652866242038222,18.22738853503185
97.104,29.0,HARD,14.0,ALO,Aston Martin,Bahrain Grand Prix,1,23.652866242038222,18.22738853503185
96.982,30.0,HARD,15.0,ALO,Aston Martin,Bahrain Grand Prix,1,23.652866242038222,18.22738853503185
96.957,31.0,HARD,16.0,ALO,Aston Martin,Bahrain Grand Prix,1,23.652866242038222,18.22738853503185
97.056,32.0,HARD,17.0,ALO,Aston Martin,Bahrain Grand Prix,1,23.652866242038222,18.22738853503185
97.202,33.0,HARD,18.0,ALO,Aston Martin,Bahrain Grand Prix,1,23.652866242038222,18.22738853503185
97.601,34.0,HARD,19.0,ALO,Aston Martin,Bahrain Grand Prix,1,23.652866242038222,18.22738853503185
97.273,35.0,HARD,20.0,ALO,Aston Martin,Bahrain Grand Prix,1,23.652866242038222,18.22738853503185
98.343,36.0,HARD,21.0,ALO,Aston Martin,Bahrain Grand Prix,1,23.652866242038222,18.22738853503185
96.799,37.0,HARD,22.0,ALO,Aston Martin,Bahrain Grand Prix,1,23.652866242038222,18.22738853503185
97.297,38.0,HARD,23.0,ALO,Aston Martin,Bahrain Grand Prix,1,23.652866242038222,18.22738853503185
97.946,39.0,HARD,24.0,ALO,Aston Martin,Bahrain Grand Prix,1,23.652866242038222,18.22738853503185
98.061,40.0,HARD,25.0,ALO,Aston Martin,Bahrain Grand Prix,1,23.652866242038222,18.22738853503185
100.261,41.0,HARD,26.0,ALO,Aston Martin,Bahrain Grand Prix,1,23.652866242038222,18.22738853503185
116.899,42.0,HARD,1.0,ALO,Aston Martin,Bahrain Grand Prix,1,23.652866242038222,18.22738853503185
95.107,43.0,HARD,2.0,ALO,Aston Martin,Bahrain Grand Prix,1,23.652866242038222,18.22738853503185
94.981,44.0,HARD,3.0,ALO,Aston Martin,Bahrain Grand Prix,1,23.652866242038222,18.22738853503185
94.872,45.0,HARD,4.0,ALO,Aston Martin,Bahrain Grand Prix,1,23.652866242038222,18.22738853503185
95.126,46.0,HARD,5.0,ALO,Aston Martin,Bahrain Grand Prix,1,23.652866242038222,18.22738853503185
95.225,47.0,HARD,6.0,ALO,Aston Martin,Bahrain Grand Prix,1,23.652866242038222,18.22738853503185
94.199,48.0,HARD,7.0,ALO,Aston Martin,Bahrain Grand Prix,1,23.652866242038222,18.22738853503185
94.571,49.0,HARD,8.0,ALO,Aston Martin,Bahrain Grand Prix,1,23.652866242038222,18.22738853503185
94.677,50.0,HARD,9.0,ALO,Aston Martin,Bahrain Grand Prix,1,23.652866242038222,18.22738853503185
94.916,51.0,HARD,10.0,ALO,Aston Martin,Bahrain Grand Prix,1,23.652866242038222,18.22738853503185
94.862,52.0,HARD,11.0,ALO,Aston Martin,Bahrain Grand Prix,1,23.652866242038222,18.22738853503185
95.249,53.0,HARD,12.0,ALO,Aston Martin,Bahrain Grand Prix,1,23.652866242038222,18.22738853503185
95.745,54.0,HARD,13.0,ALO,Aston Martin,Bahrain Grand Prix,1,23.652866242038222,18.22738853503185
95.066,55.0,HARD,14.0,ALO,Aston Martin,Bahrain Grand Prix,1,23.652866242038222,18.22738853503185
95.014,56.0,HARD,15.0,ALO,Aston Martin,Bahrain Grand Prix,1,23.652866242038222,18.22738853503185
95.276,57.0,HARD,16.0,ALO,Aston Martin,Bahrain Grand Prix,1,23.652866242038222,18.22738853503185
98.279,3.0,SOFT,3.0,STR,Aston Martin,Bahrain Grand Prix,1,23.652866242038222,18.22738853503185
98.364,4.0,SOFT,4.0,STR,Aston Martin,Bahrain Grand Prix,1,23.652866242038222,18.22738853503185
98.725,5.0,SOFT,5.0,STR,Aston Martin,Bahrain Grand Prix,1,23.652866242038222,18.22738853503185
98.925,6.0,SOFT,6.0,STR,Aston Martin,Bahrain Grand Prix,1,23.652866242038222,18.22738853503185
98.769,7.0,SOFT,7.0,STR,Aston Martin,Bahrain Grand Prix,1,23.652866242038222,18.22738853503185
98.857,8.0,SOFT,8.0,STR,Aston Martin,Bahrain Grand Prix,1,23.652866242038222,18.22738853503185
102.112,9.0,SOFT,9.0,STR,Aston Martin,Bahrain Grand Prix,1,23.652866242038222,18.22738853503185
117.815,10.0,HARD,1.0,STR,Aston Martin,Bahrain Grand Prix,1,23.652866242038222,18.22738853503185
96.494,11.0,HARD,2.0,STR,Aston Martin,Bahrain Grand Prix,1,23.652866242038222,18.22738853503185
97.175,12.0,HARD,3.0,STR,Aston Martin,Bahrain Grand Prix,1,23.652866242038222,18.22738853503185
97.289,13.0,HARD,4.0,STR,Aston Martin,Bahrain Grand Prix,1,23.652866242038222,18.22738853503185
97.624,14.0,HARD,5.0,STR,Aston Martin,Bahrain Grand Prix,1,23.652866242038222,18.22738853503185
97.533,15.0,HARD,6.0,STR,Aston Martin,Bahrain Grand Prix,1,23.652866242038222,18.22738853503185
98.027,16.0,HARD,7.0,STR,Aston Martin,Bahrain Grand Prix,1,23.652866242038222,18.22738853503185
98.777,17.0,HARD,8.0,STR,Aston Martin,Bahrain Grand Prix,1,23.652866242038222,18.22738853503185
97.417,18.0,HARD,9.0,STR,Aston Martin,Bahrain Grand Prix,1,23.652866242038222,18.22738853503185
97.554,19.0,HARD,10.0,STR,Aston Martin,Bahrain Grand Prix,1,23.652866242038222,18.22738853503185
97.859,20.0,HARD,11.0,STR,Aston Martin,Bahrain Grand Prix,1,23.652866242038222,18.22738853503185
98.022,21.0,HARD,12.0,STR,Aston Martin,Bahrain Grand Prix,1,23.652866242038222,18.22738853503185
98.175,22.0,HARD,13.0,STR,Aston Martin,Bahrain Grand Prix,1,23.652866242038222,18.22738853503185
97.826,23.0,HARD,14.0,STR,Aston Martin,Bahrain Grand Prix,1,23.652866242038222,18.22738853503185
98.138,24.0,HARD,15.0,STR,Aston Martin,Bahrain Grand Prix,1,23.652866242038222,18.22738853503185
97.994,25.0,HARD,16.0,STR,Aston Martin,Bahrain Grand Prix,1,23.652866242038222,18.22738853503185
98.133,26.0,HARD,17.0,STR,Aston Martin,Bahrain Grand Prix,1,23.652866242038222,18.22738853503185
100.71,27.0,HARD,18.0,STR,Aston Martin,Bahrain Grand Prix,1,23.652866242038222,18.22738853503185
116.64,28.0,HARD,1.0,STR,Aston Martin,Bahrain Grand Prix,1,23.652866242038222,18.22738853503185
95.854,29.0,HARD,2.0,STR,Aston Martin,Bahrain Grand Prix,1,23.652866242038222,18.22738853503185
95.632,30.0,HARD,3.0,STR,Aston Martin,Bahrain Grand Prix,1,23.652866242038222,18.22738853503185
96.202,31.0,HARD,4.0,STR,Aston Martin,Bahrain Grand Prix,1,23.652866242038222,18.22738853503185
95.821,32.0,HARD,5.0,STR,Aston Martin,Bahrain Grand Prix,1,23.652866242038222,18.22738853503185
96.349,33.0,HARD,6.0,STR,Aston Martin,Bahrain Grand Prix,1,23.652866242038222,18.22738853503185
96.332,34.0,HARD,7.0,STR,Aston Martin,Bahrain Grand Prix,1,23.652866242038222,18.22738853503185
96.242,35.0,HARD,8.0,STR,Aston Martin,Bahrain Grand Prix,1,23.652866242038222,18.22738853503185
96.086,36.0,HARD,9.0,STR,Aston Martin,Bahrain Grand Prix,1,23.652866242038222,18.22738853503185
95.987,37.0,HARD,10.0,STR,Aston Martin,Bahrain Grand Prix,1,23.652866242038222,18.22738853503185
96.364,38.0,HARD,11.0,STR,Aston Martin,Bahrain Grand Prix,1,23.652866242038222,18.22738853503185
96.353,39.0,HARD,12.0,STR,Aston Martin,Bahrain Grand Prix,1,23.652866242038222,18.22738853503185
96.485,40.0,HARD,13.0,STR,Aston Martin,Bahrain Grand Prix,1,23.652866242038222,18.22738853503185
96.322,41.0,HARD,14.0,STR,Aston Martin,Bahrain Grand Prix,1,23.652866242038222,18.22738853503185
96.343,42.0,HARD,15.0,STR,Aston Martin,Bahrain Grand Prix,1,23.652866242038222,18.22738853503185
96.304,43.0,HARD,16.0,STR,Aston Martin,Bahrain Grand Prix,1,23.652866242038222,18.22738853503185
96.564,44.0,HARD,17.0,STR,Aston Martin,Bahrain Grand Prix,1,23.652866242038222,18.22738853503185
96.243,45.0,HARD,18.0,STR,Aston Martin,Bahrain Grand Prix,1,23.652866242038222,18.22738853503185
96.379,46.0,HARD,19.0,STR,Aston Martin,Bahrain Grand Prix,1,23.652866242038222,18.22738853503185
96.298,47.0,HARD,20.0,STR,Aston Martin,Bahrain Grand Prix,1,23.652866242038222,18.22738853503185
97.325,48.0,HARD,21.0,STR,Aston Martin,Bahrain Grand Prix,1,23.652866242038222,18.22738853503185
96.871,49.0,HARD,22.0,STR,Aston Martin,Bahrain Grand Prix,1,23.652866242038222,18.22738853503185
96.541,50.0,HARD,23.0,STR,Aston Martin,Bahrain Grand Prix,1,23.652866242038222,18.22738853503185
96.763,51.0,HARD,24.0,STR,Aston Martin,Bahrain Grand Prix,1,23.652866242038222,18.22738853503185
96.934,52.0,HARD,25.0,STR,Aston Martin,Bahrain Grand Prix,1,23.652866242038222,18.22738853503185
96.64,53.0,HARD,26.0,STR,Aston Martin,Bahrain Grand Prix,1,23.652866242038222,18.22738853503185
96.693,54.0,HARD,27.0,STR,Aston Martin,Bahrain Grand Prix,1,23.652866242038222,18.22738853503185
96.68,55.0,HARD,28.0,STR,Aston Martin,Bahrain Grand Prix,1,23.652866242038222,18.22738853503185
96.582,56.0,HARD,29.0,STR,Aston Martin,Bahrain Grand Prix,1,23.652866242038222,18.22738853503185
97.335,57.0,HARD,30.0,STR,Aston Martin,Bahrain Grand Prix,1,23.652866242038222,18.22738853503185
98.582,3.0,SOFT,3.0,ZHO,Kick Sauber,Bahrain Grand Prix,1,23.652866242038222,18.22738853503185
98.428,4.0,SOFT,4.0,ZHO,Kick Sauber,Bahrain Grand Prix,1,23.652866242038222,18.22738853503185
98.798,5.0,SOFT,5.0,ZHO,Kick Sauber,Bahrain Grand Prix,1,23.652866242038222,18.22738853503185
98.488,6.0,SOFT,6.0,ZHO,Kick Sauber,Bahrain Grand Prix,1,23.652866242038222,18.22738853503185
99.517,7.0,SOFT,7.0,ZHO,Kick Sauber,Bahrain Grand Prix,1,23.652866242038222,18.22738853503185
99.646,8.0,SOFT,8.0,ZHO,Kick Sauber,Bahrain Grand Prix,1,23.652866242038222,18.22738853503185
101.849,9.0,SOFT,9.0,ZHO,Kick Sauber,Bahrain Grand Prix,1,23.652866242038222,18.22738853503185
119.328,10.0,HARD,1.0,ZHO,Kick Sauber,Bahrain Grand Prix,1,23.652866242038222,18.22738853503185
96.365,11.0,HARD,2.0,ZHO,Kick Sauber,Bahrain Grand Prix,1,23.652866242038222,18.22738853503185
96.995,12.0,HARD,3.0,ZHO,Kick Sauber,Bahrain Grand Prix,1,23.652866242038222,18.22738853503185
97.436,13.0,HARD,4.0,ZHO,Kick Sauber,Bahrain Grand Prix,1,23.652866242038222,18.22738853503185
97.482,14.0,HARD,5.0,ZHO,Kick Sauber,Bahrain Grand Prix,1,23.652866242038222,18.22738853503185
97.5,15.0,HARD,6.0,ZHO,Kick Sauber,Bahrain Grand Prix,1,23.652866242038222,18.22738853503185
97.659,16.0,HARD,7.0,ZHO,Kick Sauber,Bahrain Grand Prix,1,23.652866242038222,18.22738853503185
98.475,17.0,HARD,8.0,ZHO,Kick Sauber,Bahrain Grand Prix,1,23.652866242038222,18.22738853503185
97.552,18.0,HARD,9.0,ZHO,Kick Sauber,Bahrain Grand Prix,1,23.652866242038222,18.22738853503185
97.652,19.0,HARD,10.0,ZHO,Kick Sauber,Bahrain Grand Prix,1,23.652866242038222,18.22738853503185
97.749,20.0,HARD,11.0,ZHO,Kick Sauber,Bahrain Grand Prix,1,23.652866242038222,18.22738853503185
97.947,21.0,HARD,12.0,ZHO,Kick Sauber,Bahrain Grand Prix,1,23.652866242038222,18.22738853503185
97.852,22.0,HARD,13.0,ZHO,Kick Sauber,Bahrain Grand Prix,1,23.652866242038222,18.22738853503185
97.788,23.0,HARD,14.0,ZHO,Kick Sauber,Bahrain Grand Prix,1,23.652866242038222,18.22738853503185
97.894,24.0,HARD,15.0,ZHO,Kick Sauber,Bahrain Grand Prix,1,23.652866242038222,18.22738853503185
97.883,25.0,HARD,16.0,ZHO,Kick Sauber,Bahrain Grand Prix,1,23.652866242038222,18.22738853503185
97.995,26.0,HARD,17.0,ZHO,Kick Sauber,Bahrain Grand Prix,1,23.652866242038222,18.22738853503185
98.053,27.0,HARD,18.0,ZHO,Kick Sauber,Bahrain Grand Prix,1,23.652866242038222,18.22738853503185
100.675,28.0,HARD,19.0,ZHO,Kick Sauber,Bahrain Grand Prix,1,23.652866242038222,18.22738853503185
117.076,29.0,HARD,1.0,ZHO,Kick Sauber,Bahrain Grand Prix,1,23.652866242038222,18.22738853503185
95.458,30.0,HARD,2.0,ZHO,Kick Sauber,Bahrain Grand Prix,1,23.652866242038222,18.22738853503185
96.297,31.0,HARD,3.0,ZHO,Kick Sauber,Bahrain Grand Prix,1,23.652866242038222,18.22738853503185
96.048,32.0,HARD,4.0,ZHO,Kick Sauber,Bahrain Grand Prix,1,23.652866242038222,18.22738853503185
97.971,33.0,HARD,5.0,ZHO,Kick Sauber,Bahrain Grand Prix,1,23.652866242038222,18.22738853503185
96.518,34.0,HARD,6.0,ZHO,Kick Sauber,Bahrain Grand Prix,1,23.652866242038222,18.22738853503185
96.546,35.0,HARD,7.0,ZHO,Kick Sauber,Bahrain Grand Prix,1,23.652866242038222,18.22738853503185
96.931,36.0,HARD,8.0,ZHO,Kick Sauber,Bahrain Grand Prix,1,23.652866242038222,18.22738853503185
96.805,37.0,HARD,9.0,ZHO,Kick Sauber,Bahrain Grand Prix,1,23.652866242038222,18.22738853503185
96.857,38.0,HARD,10.0,ZHO,Kick Sauber,Bahrain Grand Prix,1,23.652866242038222,18.22738853503185
96.637,39.0,HARD,11.0,ZHO,Kick Sauber,Bahrain Grand Prix,1,23.652866242038222,18.22738853503185
96.683,40.0,HARD,12.0,ZHO,Kick Sauber,Bahrain Grand Prix,1,23.652866242038222,18.22738853503185
96.695,41.0,HARD,13.0,ZHO,Kick Sauber,Bahrain Grand Prix,1,23.652866242038222,18.22738853503185
96.652,42.0,HARD,14.0,ZHO,Kick Sauber,Bahrain Grand Prix,1,23.652866242038222,18.22738853503185
96.771,43.0,HARD,15.0,ZHO,Kick Sauber,Bahrain Grand Prix,1,23.652866242038222,18.22738853503185
97.417,44.0,HARD,16.0,ZHO,Kick Sauber,Bahrain Grand Prix,1,23.652866242038222,18.22738853503185
96.68,45.0,HARD,17.0,ZHO,Kick Sauber,Bahrain Grand Prix,1,23.652866242038222,18.22738853503185
96.741,46.0,HARD,18.0,ZHO,Kick Sauber,Bahrain Grand Prix,1,23.652866242038222,18.22738853503185
96.561,47.0,HARD,19.0,ZHO,Kick Sauber,Bahrain Grand Prix,1,23.652866242038222,18.22738853503185
96.654,48.0,HARD,20.0,ZHO,Kick Sauber,Bahrain Grand Prix,1,23.652866242038222,18.22738853503185
96.72,49.0,HARD,21.0,ZHO,Kick Sauber,Bahrain Grand Prix,1,23.652866242038222,18.22738853503185
96.792,50.0,HARD,22.0,ZHO,Kick Sauber,Bahrain Grand Prix,1,23.652866242038222,18.22738853503185
97.042,51.0,HARD,23.0,ZHO,Kick Sauber,Bahrain Grand Prix,1,23.652866242038222,18.22738853503185
97.394,52.0,HARD,24.0,ZHO,Kick Sauber,Bahrain Grand Prix,1,23.652866242038222,18.22738853503185
97.141,53.0,HARD,25.0,ZHO,Kick Sauber,Bahrain Grand Prix,1,23.652866242038222,18.22738853503185
98.389,54.0,HARD,26.0,ZHO,Kick Sauber,Bahrain Grand Prix,1,23.652866242038222,18.22738853503185
97.383,55.0,HARD,27.0,ZHO,Kick Sauber,Bahrain Grand Prix,1,23.652866242038222,18.22738853503185
97.333,56.0,HARD,28.0,ZHO,Kick Sauber,Bahrain Grand Prix,1,23.652866242038222,18.22738853503185
98.399,3.0,SOFT,3.0,MAG,Haas F1 Team,Bahrain Grand Prix,1,23.652866242038222,18.22738853503185
98.497,4.0,SOFT,4.0,MAG,Haas F1 Team,Bahrain Grand Prix,1,23.652866242038222,18.22738853503185
98.576,5.0,SOFT,5.0,MAG,Haas F1 Team,Bahrain Grand Prix,1,23.652866242038222,18.22738853503185
98.529,6.0,SOFT,6.0,MAG,Haas F1 Team,Bahrain Grand Prix,1,23.652866242038222,18.22738853503185
100.058,7.0,SOFT,7.0,MAG,Haas F1 Team,Bahrain Grand Prix,1,23.652866242038222,18.22738853503185
99.172,8.0,SOFT,8.0,MAG,Haas F1 Team,Bahrain Grand Prix,1,23.652866242038222,18.22738853503185
98.861,9.0,SOFT,9.0,MAG,Haas F1 Team,Bahrain Grand Prix,1,23.652866242038222,18.22738853503185
98.747,10.0,SOFT,10.0,MAG,Haas F1 Team,Bahrain Grand Prix,1,23.652866242038222,18.22738853503185
101.088,11.0,SOFT,11.0,MAG,Haas F1 Team,Bahrain Grand Prix,1,23.652866242038222,18.22738853503185
119.682,12.0,HARD,1.0,MAG,Haas F1 Team,Bahrain Grand Prix,1,23.652866242038222,18.22738853503185
96.89,13.0,HARD,2.0,MAG,Haas F1 Team,Bahrain Grand Prix,1,23.652866242038222,18.22738853503185
97.59,14.0,HARD,3.0,MAG,Haas F1 Team,Bahrain Grand Prix,1,23.652866242038222,18.22738853503185
98.332,15.0,HARD,4.0,MAG,Haas F1 Team,Bahrain Grand Prix,1,23.652866242038222,18.22738853503185
97.749,16.0,HARD,5.0,MAG,Haas F1 Team,Bahrain Grand Prix,1,23.652866242038222,18.22738853503185
98.282,17.0,HARD,6.0,MAG,Haas F1 Team,Bahrain Grand Prix,1,23.652866242038222,18.22738853503185
97.583,18.0,HARD,7.0,MAG,Haas F1 Team,Bahrain Grand Prix,1,23.652866242038222,18.22738853503185
97.792,19.0,HARD,8.0,MAG,Haas F1 Team,Bahrain Grand Prix,1,23.652866242038222,18.22738853503185
98.062,20.0,HARD,9.0,MAG,Haas F1 Team,Bahrain Grand Prix,1,23.652866242038222,18.22738853503185
98.01,21.0,HARD,10.0,MAG,Haas F1 Team,Bahrain Grand Prix,1,23.652866242038222,18.22738853503185
98.147,22.0,HARD,11.0,MAG,Haas F1 Team,Bahrain Grand Prix,1,23.652866242038222,18.22738853503185
98.293,23.0,HARD,12.0,MAG,Haas F1 Team,Bahrain Grand Prix,1,23.652866242038222,18.22738853503185
98.156,24.0,HARD,13.0,MAG,Haas F1 Team,Bahrain Grand Prix,1,23.652866242038222,18.22738853503185
98.29,25.0,HARD,14.0,MAG,Haas F1 Team,Bahrain Grand Prix,1,23.652866242038222,18.22738853503185
98.093,26.0,HARD,15.0,MAG,Haas F1 Team,Bahrain Grand Prix,1,23.652866242038222,18.22738853503185
98.226,27.0,HARD,16.0,MAG,Haas F1 Team,Bahrain Grand Prix,1,23.652866242038222,18.22738853503185
97.936,28.0,HARD,17.0,MAG,Haas F1 Team,Bahrain Grand Prix,1,23.652866242038222,18.22738853503185
97.965,29.0,HARD,18.0,MAG,Haas F1 Team,Bahrain Grand Prix,1,23.652866242038222,18.22738853503185
98.04,30.0,HARD,19.0,MAG,Haas F1 Team,Bahrain Grand Prix,1,23.652866242038222,18.22738853503185
98.0,31.0,HARD,20.0,MAG,Haas F1 Team,Bahrain Grand Prix,1,23.652866242038222,18.22738853503185
100.565,32.0,HARD,21.0,MAG,Haas F1 Team,Bahrain Grand Prix,1,23.652866242038222,18.22738853503185
116.655,33.0,HARD,1.0,MAG,Haas F1 Team,Bahrain Grand Prix,1,23.652866242038222,18.22738853503185
95.57,34.0,HARD,2.0,MAG,Haas F1 Team,Bahrain Grand Prix,1,23.652866242038222,18.22738853503185
95.698,35.0,HARD,3.0,MAG,Haas F1 Team,Bahrain Grand Prix,1,23.652866242038222,18.22738853503185
95.851,36.0,HARD,4.0,MAG,Haas F1 Team,Bahrain Grand Prix,1,23.652866242038222,18.22738853503185
95.741,37.0,HARD,5.0,MAG,Haas F1 Team,Bahrain Grand Prix,1,23.652866242038222,18.22738853503185
96.042,38.0,HARD,6.0,MAG,Haas F1 Team,Bahrain Grand Prix,1,23.652866242038222,18.22738853503185
95.876,39.0,HARD,7.0,MAG,Haas F1 Team,Bahrain Grand Prix,1,23.652866242038222,18.22738853503185
96.071,40.0,HARD,8.0,MAG,Haas F1 Team,Bahrain Grand Prix,1,23.652866242038222,18.22738853503185
96.34,41.0,HARD,9.0,MAG,Haas F1 Team,Bahrain Grand Prix,1,23.652866242038222,18.22738853503185
96.31,42.0,HARD,10.0,MAG,Haas F1 Team,Bahrain Grand Prix,1,23.652866242038222,18.22738853503185
96.232,43.0,HARD,11.0,MAG,Haas F1 Team,Bahrain Grand Prix,1,23.652866242038222,18.22738853503185
96.249,44.0,HARD,12.0,MAG,Haas F1 Team,Bahrain Grand Prix,1,23.652866242038222,18.22738853503185
96.349,45.0,HARD,13.0,MAG,Haas F1 Team,Bahrain Grand Prix,1,23.652866242038222,18.22738853503185
96.446,46.0,HARD,14.0,MAG,Haas F1 Team,Bahrain Grand Prix,1,23.652866242038222,18.22738853503185
96.454,47.0,HARD,15.0,MAG,Haas F1 Team,Bahrain Grand Prix,1,23.652866242038222,18.22738853503185
96.679,48.0,HARD,16.0,MAG,Haas F1 Team,Bahrain Grand Prix,1,23.652866242038222,18.22738853503185
96.842,49.0,HARD,17.0,MAG,Haas F1 Team,Bahrain Grand Prix,1,23.652866242038222,18.22738853503185
97.035,50.0,HARD,18.0,MAG,Haas F1 Team,Bahrain Grand Prix,1,23.652866242038222,18.22738853503185
96.929,51.0,HARD,19.0,MAG,Haas F1 Team,Bahrain Grand Prix,1,23.652866242038222,18.22738853503185
96.93,52.0,HARD,20.0,MAG,Haas F1 Team,Bahrain Grand Prix,1,23.652866242038222,18.22738853503185
97.958,53.0,HARD,21.0,MAG,Haas F1 Team,Bahrain Grand Prix,1,23.652866242038222,18.22738853503185
96.89,54.0,HARD,22.0,MAG,Haas F1 Team,Bahrain Grand Prix,1,23.652866242038222,18.22738853503185
97.457,55.0,HARD,23.0,MAG,Haas F1 Team,Bahrain Grand Prix,1,23.652866242038222,18.22738853503185
97.584,56.0,HARD,24.0,MAG,Haas F1 Team,Bahrain Grand Prix,1,23.652866242038222,18.22738853503185
98.76,3.0,SOFT,6.0,RIC,RB,Bahrain Grand Prix,1,23.652866242038222,18.22738853503185
98.61,4.0,SOFT,7.0,RIC,RB,Bahrain Grand Prix,1,23.652866242038222,18.22738853503185
98.704,5.0,SOFT,8.0,RIC,RB,Bahrain Grand Prix,1,23.652866242038222,18.22738853503185
98.689,6.0,SOFT,9.0,RIC,RB,Bahrain Grand Prix,1,23.652866242038222,18.22738853503185
99.193,7.0,SOFT,10.0,RIC,RB,Bahrain Grand Prix,1,23.652866242038222,18.22738853503185
99.529,8.0,SOFT,11.0,RIC,RB,Bahrain Grand Prix,1,23.652866242038222,18.22738853503185
99.338,9.0,SOFT,12.0,RIC,RB,Bahrain Grand Prix,1,23.652866242038222,18.22738853503185
98.782,10.0,SOFT,13.0,RIC,RB,Bahrain Grand Prix,1,23.652866242038222,18.22738853503185
99.033,11.0,SOFT,14.0,RIC,RB,Bahrain Grand Prix,1,23.652866242038222,18.22738853503185
98.893,12.0,SOFT,15.0,RIC,RB,Bahrain Grand Prix,1,23.652866242038222,18.22738853503185
102.173,13.0,SOFT,16.0,RIC,RB,Bahrain Grand Prix,1,23.652866242038222,18.22738853503185
119.408,14.0,HARD,1.0,RIC,RB,Bahrain Grand Prix,1,23.652866242038222,18.22738853503185
97.07,15.0,HARD,2.0,RIC,RB,Bahrain Grand Prix,1,23.652866242038222,18.22738853503185
97.176,16.0,HARD,3.0,RIC,RB,Bahrain Grand Prix,1,23.652866242038222,18.22738853503185
97.29,17.0,HARD,4.0,RIC,RB,Bahrain Grand Prix,1,23.652866242038222,18.22738853503185
97.7,18.0,HARD,5.0,RIC,RB,Bahrain Grand Prix,1,23.652866242038222,18.22738853503185
98.35,19.0,HARD,6.0,RIC,RB,Bahrain Grand Prix,1,23.652866242038222,18.22738853503185
97.865,20.0,HARD,7.0,RIC,RB,Bahrain Grand Prix,1,23.652866242038222,18.22738853503185
97.392,21.0,HARD,8.0,RIC,RB,Bahrain Grand Prix,1,23.652866242038222,18.22738853503185
97.75,22.0,HARD,9.0,RIC,RB,Bahrain Grand Prix,1,23.652866242038222,18.22738853503185
97.772,23.0,HARD,10.0,RIC,RB,Bahrain Grand Prix,1,23.652866242038222,18.22738853503185
97.766,24.0,HARD,11.0,RIC,RB,Bahrain Grand Prix,1,23.652866242038222,18.22738853503185
97.973,25.0,HARD,12.0,RIC,RB,Bahrain Grand Prix,1,23.652866242038222,18.22738853503185
98.029,26.0,HARD,13.0,RIC,RB,Bahrain Grand Prix,1,23.652866242038222,18.22738853503185
98.152,27.0,HARD,14.0,RIC,RB,Bahrain Grand Prix,1,23.652866242038222,18.22738853503185
98.045,28.0,HARD,15.0,RIC,RB,Bahrain Grand Prix,1,23.652866242038222,18.22738853503185
97.96,29.0,HARD,16.0,RIC,RB,Bahrain Grand Prix,1,23.652866242038222,18.22738853503185
97.978,30.0,HARD,17.0,RIC,RB,Bahrain Grand Prix,1,23.652866242038222,18.22738853503185
98.154,31.0,HARD,18.0,RIC,RB,Bahrain Grand Prix,1,23.652866242038222,18.22738853503185
98.025,32.0,HARD,19.0,RIC,RB,Bahrain Grand Prix,1,23.652866242038222,18.22738853503185
98.15,33.0,HARD,20.0,RIC,RB,Bahrain Grand Prix,1,23.652866242038222,18.22738853503185
98.246,34.0,HARD,21.0,RIC,RB,Bahrain Grand Prix,1,23.652866242038222,18.22738853503185
100.595,35.0,HARD,22.0,RIC,RB,Bahrain Grand Prix,1,23.652866242038222,18.22738853503185
116.995,36.0,SOFT,1.0,RIC,RB,Bahrain Grand Prix,1,23.652866242038222,18.22738853503185
95.163,37.0,SOFT,2.0,RIC,RB,Bahrain Grand Prix,1,23.652866242038222,18.22738853503185
95.46,38.0,SOFT,3.0,RIC,RB,Bahrain Grand Prix,1,23.652866242038222,18.22738853503185
95.475,39.0,SOFT,4.0,RIC,RB,Bahrain Grand Prix,1,23.652866242038222,18.22738853503185
95.578,40.0,SOFT,5.0,RIC,RB,Bahrain Grand Prix,1,23.652866242038222,18.22738853503185
95.644,41.0,SOFT,6.0,RIC,RB,Bahrain Grand Prix,1,23.652866242038222,18.22738853503185
95.338,42.0,SOFT,7.0,RIC,RB,Bahrain Grand Prix,1,23.652866242038222,18.22738853503185
95.56,43.0,SOFT,8.0,RIC,RB,Bahrain Grand Prix,1,23.652866242038222,18.22738853503185
95.49,44.0,SOFT,9.0,RIC,RB,Bahrain Grand Prix,1,23.652866242038222,18.22738853503185
95.57,45.0,SOFT,10.0,RIC,RB,Bahrain Grand Prix,1,23.652866242038222,18.22738853503185
95.507,46.0,SOFT,11.0,RIC,RB,Bahrain Grand Prix,1,23.652866242038222,18.22738853503185
95.831,47.0,SOFT,12.0,RIC,RB,Bahrain Grand Prix,1,23.652866242038222,18.22738853503185
96.236,48.0,SOFT,13.0,RIC,RB,Bahrain Grand Prix,1,23.652866242038222,18.22738853503185
96.442,49.0,SOFT,14.0,RIC,RB,Bahrain Grand Prix,1,23.652866242038222,18.22738853503185
96.609,50.0,SOFT,15.0,RIC,RB,Bahrain Grand Prix,1,23.652866242038222,18.22738853503185
97.103,51.0,SOFT,16.0,RIC,RB,Bahrain Grand Prix,1,23.652866242038222,18.22738853503185
97.529,52.0,SOFT,17.0,RIC,RB,Bahrain Grand Prix,1,23.652866242038222,18.22738853503185
96.745,53.0,SOFT,18.0,RIC,RB,Bahrain Grand Prix,1,23.652866242038222,18.22738853503185
96.661,54.0,SOFT,19.0,RIC,RB,Bahrain Grand Prix,1,23.652866242038222,18.22738853503185
97.375,55.0,SOFT,20.0,RIC,RB,Bahrain Grand Prix,1,23.652866242038222,18.22738853503185
97.662,56.0,SOFT,21.0,RIC,RB,Bahrain Grand Prix,1,23.652866242038222,18.22738853503185
98.431,3.0,SOFT,3.0,TSU,RB,Bahrain Grand Prix,1,23.652866242038222,18.22738853503185
98.31,4.0,SOFT,4.0,TSU,RB,Bahrain Grand Prix,1,23.652866242038222,18.22738853503185
98.321,5.0,SOFT,5.0,TSU,RB,Bahrain Grand Prix,1,23.652866242038222,18.22738853503185
98.361,6.0,SOFT,6.0,TSU,RB,Bahrain Grand Prix,1,23.652866242038222,18.22738853503185
98.364,7.0,SOFT,7.0,TSU,RB,Bahrain Grand Prix,1,23.652866242038222,18.22738853503185
98.513,8.0,SOFT,8.0,TSU,RB,Bahrain Grand Prix,1,23.652866242038222,18.22738853503185
98.554,9.0,SOFT,9.0,TSU,RB,Bahrain Grand Prix,1,23.652866242038222,18.22738853503185
98.912,10.0,SOFT,10.0,TSU,RB,Bahrain Grand Prix,1,23.652866242038222,18.22738853503185
98.799,11.0,SOFT,11.0,TSU,RB,Bahrain Grand Prix,1,23.652866242038222,18.22738853503185
98.769,12.0,SOFT,12.0,TSU,RB,Bahrain Grand Prix,1,23.652866242038222,18.22738853503185
98.86,13.0,SOFT,13.0,TSU,RB,Bahrain Grand Prix,1,23.652866242038222,18.22738853503185
101.138,14.0,SOFT,14.0,TSU,RB,Bahrain Grand Prix,1,23.652866242038222,18.22738853503185
119.588,15.0,HARD,1.0,TSU,RB,Bahrain Grand Prix,1,23.652866242038222,18.22738853503185
97.516,16.0,HARD,2.0,TSU,RB,Bahrain Grand Prix,1,23.652866242038222,18.22738853503185
97.482,17.0,HARD,3.0,TSU,RB,Bahrain Grand Prix,1,23.652866242038222,18.22738853503185
97.359,18.0,HARD,4.0,TSU,RB,Bahrain Grand Prix,1,23.652866242038222,18.22738853503185
97.396,19.0,HARD,5.0,TSU,RB,Bahrain Grand Prix,1,23.652866242038222,18.22738853503185
97.766,20.0,HARD,6.0,TSU,RB,Bahrain Grand Prix,1,23.652866242038222,18.22738853503185
97.777,21.0,HARD,7.0,TSU,RB,Bahrain Grand Prix,1,23.652866242038222,18.22738853503185
97.837,22.0,HARD,8.0,TSU,RB,Bahrain Grand Prix,1,23.652866242038222,18.22738853503185
97.671,23.0,HARD,9.0,TSU,RB,Bahrain Grand Prix,1,23.652866242038222,18.22738853503185
97.634,24.0,HARD,10.0,TSU,RB,Bahrain Grand Prix,1,23.652866242038222,18.22738853503185
97.851,25.0,HARD,11.0,TSU,RB,Bahrain Grand Prix,1,23.652866242038222,18.22738853503185
98.058,26.0,HARD,12.0,TSU,RB,Bahrain Grand Prix,1,23.652866242038222,18.22738853503185
98.083,27.0,HARD,13.0,TSU,RB,Bahrain Grand Prix,1,23.652866242038222,18.22738853503185
98.164,28.0,HARD,14.0,TSU,RB,Bahrain Grand Prix,1,23.652866242038222,18.22738853503185
97.777,29.0,HARD,15.0,TSU,RB,Bahrain Grand Prix,1,23.652866242038222,18.22738853503185
97.477,30.0,HARD,16.0,TSU,RB,Bahrain Grand Prix,1,23.652866242038222,18.22738853503185
97.468,31.0,HARD,17.0,TSU,RB,Bahrain Grand Prix,1,23.652866242038222,18.22738853503185
97.847,32.0,HARD,18.0,TSU,RB,Bahrain Grand Prix,1,23.652866242038222,18.22738853503185
97.498,33.0,HARD,19.0,TSU,RB,Bahrain Grand Prix,1,23.652866242038222,18.22738853503185
100.835,34.0,HARD,20.0,TSU,RB,Bahrain Grand Prix,1,23.652866242038222,18.22738853503185
117.417,35.0,HARD,1.0,TSU,RB,Bahrain Grand Prix,1,23.652866242038222,18.22738853503185
97.706,36.0,HARD,2.0,TSU,RB,Bahrain Grand Prix,1,23.652866242038222,18.22738853503185
95.833,37.0,HARD,3.0,TSU,RB,Bahrain Grand Prix,1,23.652866242038222,18.22738853503185
97.046,38.0,HARD,4.0,TSU,RB,Bahrain Grand Prix,1,23.652866242038222,18.22738853503185
96.125,39.0,HARD,5.0,TSU,RB,Bahrain Grand Prix,1,23.652866242038222,18.22738853503185
96.263,40.0,HARD,6.0,TSU,RB,Bahrain Grand Prix,1,23.652866242038222,18.22738853503185
96.179,41.0,HARD,7.0,TSU,RB,Bahrain Grand Prix,1,23.652866242038222,18.22738853503185
95.981,42.0,HARD,8.0,TSU,RB,Bahrain Grand Prix,1,23.652866242038222,18.22738853503185
95.956,43.0,HARD,9.0,TSU,RB,Bahrain Grand Prix,1,23.652866242038222,18.22738853503185
96.144,44.0,HARD,10.0,TSU,RB,Bahrain Grand Prix,1,23.652866242038222,18.22738853503185
95.964,45.0,HARD,11.0,TSU,RB,Bahrain Grand Prix,1,23.652866242038222,18.22738853503185
96.187,46.0,HARD,12.0,TSU,RB,Bahrain Grand Prix,1,23.652866242038222,18.22738853503185
96.396,47.0,HARD,13.0,TSU,RB,Bahrain Grand Prix,1,23.652866242038222,18.22738853503185
96.554,48.0,HARD,14.0,TSU,RB,Bahrain Grand Prix,1,23.652866242038222,18.22738853503185
96.695,49.0,HARD,15.0,TSU,RB,Bahrain Grand Prix,1,23.652866242038222,18.22738853503185
96.827,50.0,HARD,16.0,TSU,RB,Bahrain Grand Prix,1,23.652866242038222,18.22738853503185
97.067,51.0,HARD,17.0,TSU,RB,Bahrain Grand Prix,1,23.652866242038222,18.22738853503185
99.042,52.0,HARD,18.0,TSU,RB,Bahrain Grand Prix,1,23.652866242038222,18.22738853503185
96.838,53.0,HARD,19.0,TSU,RB,Bahrain Grand Prix,1,23.652866242038222,18.22738853503185
96.672,54.0,HARD,20.0,TSU,RB,Bahrain Grand Prix,1,23.652866242038222,18.22738853503185
97.269,55.0,HARD,21.0,TSU,RB,Bahrain Grand Prix,1,23.652866242038222,18.22738853503185
97.473,56.0,HARD,22.0,TSU,RB,Bahrain Grand Prix,1,23.652866242038222,18.22738853503185
98.507,3.0,SOFT,3.0,ALB,Williams,Bahrain Grand Prix,1,23.652866242038222,18.22738853503185
98.422,4.0,SOFT,4.0,ALB,Williams,Bahrain Grand Prix,1,23.652866242038222,18.22738853503185
98.509,5.0,SOFT,5.0,ALB,Williams,Bahrain Grand Prix,1,23.652866242038222,18.22738853503185
98.575,6.0,SOFT,6.0,ALB,Williams,Bahrain Grand Prix,1,23.652866242038222,18.22738853503185
98.971,7.0,SOFT,7.0,ALB,Williams,Bahrain Grand Prix,1,23.652866242038222,18.22738853503185
98.66,8.0,SOFT,8.0,ALB,Williams,Bahrain Grand Prix,1,23.652866242038222,18.22738853503185
98.652,9.0,SOFT,9.0,ALB,Williams,Bahrain Grand Prix,1,23.652866242038222,18.22738853503185
98.952,10.0,SOFT,10.0,ALB,Williams,Bahrain Grand Prix,1,23.652866242038222,18.22738853503185
98.835,11.0,SOFT,11.0,ALB,Williams,Bahrain Grand Prix,1,23.652866242038222,18.22738853503185
98.934,12.0,SOFT,12.0,ALB,Williams,Bahrain Grand Prix,1,23.652866242038222,18.22738853503185
98.823,13.0,SOFT,13.0,ALB,Williams,Bahrain Grand Prix,1,23.652866242038222,18.22738853503185
98.977,14.0,SOFT,14.0,ALB,Williams,Bahrain Grand Prix,1,23.652866242038222,18.22738853503185
101.171,15.0,SOFT,15.0,ALB,Williams,Bahrain Grand Prix,1,23.652866242038222,18.22738853503185
119.341,16.0,HARD,1.0,ALB,Williams,Bahrain Grand Prix,1,23.652866242038222,18.22738853503185
97.392,17.0,HARD,2.0,ALB,Williams,Bahrain Grand Prix,1,23.652866242038222,18.22738853503185
97.59,18.0,HARD,3.0,ALB,Williams,Bahrain Grand Prix,1,23.652866242038222,18.22738853503185
97.763,19.0,HARD,4.0,ALB,Williams,Bahrain Grand Prix,1,23.652866242038222,18.22738853503185
97.701,20.0,HARD,5.0,ALB,Williams,Bahrain Grand Prix,1,23.652866242038222,18.22738853503185
97.918,21.0,HARD,6.0,ALB,Williams,Bahrain Grand Prix,1,23.652866242038222,18.22738853503185
98.031,22.0,HARD,7.0,ALB,Williams,Bahrain Grand Prix,1,23.652866242038222,18.22738853503185
97.869,23.0,HARD,8.0,ALB,Williams,Bahrain Grand Prix,1,23.652866242038222,18.22738853503185
98.204,24.0,HARD,9.0,ALB,Williams,Bahrain Grand Prix,1,23.652866242038222,18.22738853503185
98.226,25.0,HARD,10.0,ALB,Williams,Bahrain Grand Prix,1,23.652866242038222,18.22738853503185
98.1,26.0,HARD,11.0,ALB,Williams,Bahrain Grand Prix,1,23.652866242038222,18.22738853503185
98.296,27.0,HARD,12.0,ALB,Williams,Bahrain Grand Prix,1,23.652866242038222,18.22738853503185
98.048,28.0,HARD,13.0,ALB,Williams,Bahrain Grand Prix,1,23.652866242038222,18.22738853503185
97.879,29.0,HARD,14.0,ALB,Williams,Bahrain Grand Prix,1,23.652866242038222,18.22738853503185
97.968,30.0,HARD,15.0,ALB,Williams,Bahrain Grand Prix,1,23.652866242038222,18.22738853503185
98.135,31.0,HARD,16.0,ALB,Williams,Bahrain Grand Prix,1,23.652866242038222,18.22738853503185
98.183,32.0,HARD,17.0,ALB,Williams,Bahrain Grand Prix,1,23.652866242038222,18.22738853503185
98.346,33.0,HARD,18.0,ALB,Williams,Bahrain Grand Prix,1,23.652866242038222,18.22738853503185
97.75,34.0,HARD,19.0,ALB,Williams,Bahrain Grand Prix,1,23.652866242038222,18.22738853503185
97.767,35.0,HARD,20.0,ALB,Williams,Bahrain Grand Prix,1,23.652866242038222,18.22738853503185
100.333,36.0,HARD,21.0,ALB,Williams,Bahrain Grand Prix,1,23.652866242038222,18.22738853503185
117.632,37.0,HARD,1.0,ALB,Williams,Bahrain Grand Prix,1,23.652866242038222,18.22738853503185
96.129,38.0,HARD,2.0,ALB,Williams,Bahrain Grand Prix,1,23.652866242038222,18.22738853503185
95.856,39.0,HARD,3.0,ALB,Williams,Bahrain Grand Prix,1,23.652866242038222,18.22738853503185
95.723,40.0,HARD,4.0,ALB,Williams,Bahrain Grand Prix,1,23.652866242038222,18.22738853503185
95.885,41.0,HARD,5.0,ALB,Williams,Bahrain Grand Prix,1,23.652866242038222,18.22738853503185
95.799,42.0,HARD,6.0,ALB,Williams,Bahrain Grand Prix,1,23.652866242038222,18.22738853503185
95.766,43.0,HARD,7.0,ALB,Williams,Bahrain Grand Prix,1,23.652866242038222,18.22738853503185
95.783,44.0,HARD,8.0,ALB,Williams,Bahrain Grand Prix,1,23.652866242038222,18.22738853503185
95.758,45.0,HARD,9.0,ALB,Williams,Bahrain Grand Prix,1,23.652866242038222,18.22738853503185
96.008,46.0,HARD,10.0,ALB,Williams,Bahrain Grand Prix,1,23.652866242038222,18.22738853503185
96.026,47.0,HARD,11.0,ALB,Williams,Bahrain Grand Prix,1,23.652866242038222,18.22738853503185
96.135,48.0,HARD,12.0,ALB,Williams,Bahrain Grand Prix,1,23.652866242038222,18.22738853503185
97.102,49.0,HARD,13.0,ALB,Williams,Bahrain Grand Prix,1,23.652866242038222,18.22738853503185
97.616,50.0,HARD,14.0,ALB,Williams,Bahrain Grand Prix,1,23.652866242038222,18.22738853503185
97.493,51.0,HARD,15.0,ALB,Williams,Bahrain Grand Prix,1,23.652866242038222,18.22738853503185
96.218,52.0,HARD,16.0,ALB,Williams,Bahrain Grand Prix,1,23.652866242038222,18.22738853503185
96.308,53.0,HARD,17.0,ALB,Williams,Bahrain Grand Prix,1,23.652866242038222,18.22738853503185
96.334,54.0,HARD,18.0,ALB,Williams,Bahrain Grand Prix,1,23.652866242038222,18.22738853503185
96.593,55.0,HARD,19.0,ALB,Williams,Bahrain Grand Prix,1,23.652866242038222,18.22738853503185
96.922,56.0,HARD,20.0,ALB,Williams,Bahrain Grand Prix,1,23.652866242038222,18.22738853503185
97.317,3.0,HARD,2.0,HUL,Haas F1 Team,Bahrain Grand Prix,1,23.652866242038222,18.22738853503185
97.349,4.0,HARD,3.0,HUL,Haas F1 Team,Bahrain Grand Prix,1,23.652866242038222,18.22738853503185
97.663,5.0,HARD,4.0,HUL,Haas F1 Team,Bahrain Grand Prix,1,23.652866242038222,18.22738853503185
97.896,6.0,HARD,5.0,HUL,Haas F1 Team,Bahrain Grand Prix,1,23.652866242038222,18.22738853503185
97.682,7.0,HARD,6.0,HUL,Haas F1 Team,Bahrain Grand Prix,1,23.652866242038222,18.22738853503185
97.82,8.0,HARD,7.0,HUL,Haas F1 Team,Bahrain Grand Prix,1,23.652866242038222,18.22738853503185
97.883,9.0,HARD,8.0,HUL,Haas F1 Team,Bahrain Grand Prix,1,23.652866242038222,18.22738853503185
98.37,10.0,HARD,9.0,HUL,Haas F1 Team,Bahrain Grand Prix,1,23.652866242038222,18.22738853503185
97.638,11.0,HARD,10.0,HUL,Haas F1 Team,Bahrain Grand Prix,1,23.652866242038222,18.22738853503185
97.706,12.0,HARD,11.0,HUL,Haas F1 Team,Bahrain Grand Prix,1,23.652866242038222,18.22738853503185
97.801,13.0,HARD,12.0,HUL,Haas F1 Team,Bahrain Grand Prix,1,23.652866242038222,18.22738853503185
97.879,14.0,HARD,13.0,HUL,Haas F1 Team,Bahrain Grand Prix,1,23.652866242038222,18.22738853503185
98.11,15.0,HARD,14.0,HUL,Haas F1 Team,Bahrain Grand Prix,1,23.652866242038222,18.22738853503185
97.796,16.0,HARD,15.0,HUL,Haas F1 Team,Bahrain Grand Prix,1,23.652866242038222,18.22738853503185
97.891,17.0,HARD,16.0,HUL,Haas F1 Team,Bahrain Grand Prix,1,23.652866242038222,18.22738853503185
98.216,18.0,HARD,17.0,HUL,Haas F1 Team,Bahrain Grand Prix,1,23.652866242038222,18.22738853503185
97.862,19.0,HARD,18.0,HUL,Haas F1 Team,Bahrain Grand Prix,1,23.652866242038222,18.22738853503185
100.798,20.0,HARD,19.0,HUL,Haas F1 Team,Bahrain Grand Prix,1,23.652866242038222,18.22738853503185
118.699,21.0,HARD,1.0,HUL,Haas F1 Team,Bahrain Grand Prix,1,23.652866242038222,18.22738853503185
96.858,22.0,HARD,2.0,HUL,Haas F1 Team,Bahrain Grand Prix,1,23.652866242038222,18.22738853503185
96.725,23.0,HARD,3.0,HUL,Haas F1 Team,Bahrain Grand Prix,1,23.652866242038222,18.22738853503185
96.626,24.0,HARD,4.0,HUL,Haas F1 Team,Bahrain Grand Prix,1,23.652866242038222,18.22738853503185
96.652,25.0,HARD,5.0,HUL,Haas F1 Team,Bahrain Grand Prix,1,23.652866242038222,18.22738853503185
96.548,26.0,HARD,6.0,HUL,Haas F1 Team,Bahrain Grand Prix,1,23.652866242038222,18.22738853503185
96.647,27.0,HARD,7.0,HUL,Haas F1 Team,Bahrain Grand Prix,1,23.652866242038222,18.22738853503185
97.254,28.0,HARD,8.0,HUL,Haas F1 Team,Bahrain Grand Prix,1,23.652866242038222,18.22738853503185
96.837,29.0,HARD,9.0,HUL,Haas F1 Team,Bahrain Grand Prix,1,23.652866242038222,18.22738853503185
96.691,30.0,HARD,10.0,HUL,Haas F1 Team,Bahrain Grand Prix,1,23.652866242038222,18.22738853503185
96.578,31.0,HARD,11.0,HUL,Haas F1 Team,Bahrain Grand Prix,1,23.652866242038222,18.22738853503185
96.935,32.0,HARD,12.0,HUL,Haas F1 Team,Bahrain Grand Prix,1,23.652866242038222,18.22738853503185
96.784,33.0,HARD,13.0,HUL,Haas F1 Team,Bahrain Grand Prix,1,23.652866242038222,18.22738853503185
96.692,34.0,HARD,14.0,HUL,Haas F1 Team,Bahrain Grand Prix,1,23.652866242038222,18.22738853503185
96.959,35.0,HARD,15.0,HUL,Haas F1 Team,Bahrain Grand Prix,1,23.652866242038222,18.22738853503185
96.795,36.0,HARD,16.0,HUL,Haas F1 Team,Bahrain Grand Prix,1,23.652866242038222,18.22738853503185
96.723,37.0,HARD,17.0,HUL,Haas F1 Team,Bahrain Grand Prix,1,23.652866242038222,18.22738853503185
100.083,38.0,HARD,18.0,HUL,Haas F1 Team,Bahrain Grand Prix,1,23.652866242038222,18.22738853503185
97.476,39.0,HARD,19.0,HUL,Haas F1 Team,Bahrain Grand Prix,1,23.652866242038222,18.22738853503185
97.088,40.0,HARD,20.0,HUL,Haas F1 Team,Bahrain Grand Prix,1,23.652866242038222,18.22738853503185
99.569,41.0,HARD,21.0,HUL,Haas F1 Team,Bahrain Grand Prix,1,23.652866242038222,18.22738853503185
116.108,42.0,SOFT,2.0,HUL,Haas F1 Team,Bahrain Grand Prix,1,23.652866242038222,18.22738853503185
95.76,43.0,SOFT,3.0,HUL,Haas F1 Team,Bahrain Grand Prix,1,23.652866242038222,18.22738853503185
95.59,44.0,SOFT,4.0,HUL,Haas F1 Team,Bahrain Grand Prix,1,23.652866242038222,18.22738853503185
95.119,45.0,SOFT,5.0,HUL,Haas F1 Team,Bahrain Grand Prix,1,23.652866242038222,18.22738853503185
94.834,46.0,SOFT,6.0,HUL,Haas F1 Team,Bahrain Grand Prix,1,23.652866242038222,18.22738853503185
95.226,47.0,SOFT,7.0,HUL,Haas F1 Team,Bahrain Grand Prix,1,23.652866242038222,18.22738853503185
95.146,48.0,SOFT,8.0,HUL,Haas F1 Team,Bahrain Grand Prix,1,23.652866242038222,18.22738853503185
95.494,49.0,SOFT,9.0,HUL,Haas F1 Team,Bahrain Grand Prix,1,23.652866242038222,18.22738853503185
95.167,50.0,SOFT,10.0,HUL,Haas F1 Team,Bahrain Grand Prix,1,23.652866242038222,18.22738853503185
95.529,51.0,SOFT,11.0,HUL,Haas F1 Team,Bahrain Grand Prix,1,23.652866242038222,18.22738853503185
95.921,52.0,SOFT,12.0,HUL,Haas F1 Team,Bahrain Grand Prix,1,23.652866242038222,18.22738853503185
95.994,53.0,SOFT,13.0,HUL,Haas F1 Team,Bahrain Grand Prix,1,23.652866242038222,18.22738853503185
95.786,54.0,SOFT,14.0,HUL,Haas F1 Team,Bahrain Grand Prix,1,23.652866242038222,18.22738853503185
95.736,55.0,SOFT,15.0,HUL,Haas F1 Team,Bahrain Grand Prix,1,23.652866242038222,18.22738853503185
95.602,56.0,SOFT,16.0,HUL,Haas F1 Team,Bahrain Grand Prix,1,23.652866242038222,18.22738853503185
98.771,3.0,SOFT,3.0,OCO,Alpine,Bahrain Grand Prix,1,23.652866242038222,18.22738853503185
98.625,4.0,SOFT,4.0,OCO,Alpine,Bahrain Grand Prix,1,23.652866242038222,18.22738853503185
98.64,5.0,SOFT,5.0,OCO,Alpine,Bahrain Grand Prix,1,23.652866242038222,18.22738853503185
98.874,6.0,SOFT,6.0,OCO,Alpine,Bahrain Grand Prix,1,23.652866242038222,18.22738853503185
99.152,7.0,SOFT,7.0,OCO,Alpine,Bahrain Grand Prix,1,23.652866242038222,18.22738853503185
99.422,8.0,SOFT,8.0,OCO,Alpine,Bahrain Grand Prix,1,23.652866242038222,18.22738853503185
99.312,9.0,SOFT,9.0,OCO,Alpine,Bahrain Grand Prix,1,23.652866242038222,18.22738853503185
101.642,10.0,SOFT,10.0,OCO,Alpine,Bahrain Grand Prix,1,23.652866242038222,18.22738853503185
119.014,11.0,HARD,1.0,OCO,Alpine,Bahrain Grand Prix,1,23.652866242038222,18.22738853503185
97.599,12.0,HARD,2.0,OCO,Alpine,Bahrain Grand Prix,1,23.652866242038222,18.22738853503185
97.363,13.0,HARD,3.0,OCO,Alpine,Bahrain Grand Prix,1,23.652866242038222,18.22738853503185
97.537,14.0,HARD,4.0,OCO,Alpine,Bahrain Grand Prix,1,23.652866242038222,18.22738853503185
97.843,15.0,HARD,5.0,OCO,Alpine,Bahrain Grand Prix,1,23.652866242038222,18.22738853503185
97.902,16.0,HARD,6.0,OCO,Alpine,Bahrain Grand Prix,1,23.652866242038222,18.22738853503185
98.911,17.0,HARD,7.0,OCO,Alpine,Bahrain Grand Prix,1,23.652866242038222,18.22738853503185
98.12,18.0,HARD,8.0,OCO,Alpine,Bahrain Grand Prix,1,23.652866242038222,18.22738853503185
98.332,19.0,HARD,9.0,OCO,Alpine,Bahrain Grand Prix,1,23.652866242038222,18.22738853503185
98.185,20.0,HARD,10.0,OCO,Alpine,Bahrain Grand Prix,1,23.652866242038222,18.22738853503185
99.363,21.0,HARD,11.0,OCO,Alpine,Bahrain Grand Prix,1,23.652866242038222,18.22738853503185
98.655,22.0,HARD,12.0,OCO,Alpine,Bahrain Grand Prix,1,23.652866242038222,18.22738853503185
98.407,23.0,HARD,13.0,OCO,Alpine,Bahrain Grand Prix,1,23.652866242038222,18.22738853503185
98.42,24.0,HARD,14.0,OCO,Alpine,Bahrain Grand Prix,1,23.652866242038222,18.22738853503185
98.494,25.0,HARD,15.0,OCO,Alpine,Bahrain Grand Prix,1,23.652866242038222,18.22738853503185
98.665,26.0,HARD,16.0,OCO,Alpine,Bahrain Grand Prix,1,23.652866242038222,18.22738853503185
98.549,27.0,HARD,17.0,OCO,Alpine,Bahrain Grand Prix,1,23.652866242038222,18.22738853503185
98.372,28.0,HARD,18.0,OCO,Alpine,Bahrain Grand Prix,1,23.652866242038222,18.22738853503185
98.556,29.0,HARD,19.0,OCO,Alpine,Bahrain Grand Prix,1,23.652866242038222,18.22738853503185
101.21,30.0,HARD,20.0,OCO,Alpine,Bahrain Grand Prix,1,23.652866242038222,18.22738853503185
119.322,31.0,HARD,1.0,OCO,Alpine,Bahrain Grand Prix,1,23.652866242038222,18.22738853503185
96.887,32.0,HARD,2.0,OCO,Alpine,Bahrain Grand Prix,1,23.652866242038222,18.22738853503185
96.704,33.0,HARD,3.0,OCO,Alpine,Bahrain Grand Prix,1,23.652866242038222,18.22738853503185
96.226,34.0,HARD,4.0,OCO,Alpine,Bahrain Grand Prix,1,23.652866242038222,18.22738853503185
96.354,35.0,HARD,5.0,OCO,Alpine,Bahrain Grand Prix,1,23.652866242038222,18.22738853503185
97.229,36.0,HARD,6.0,OCO,Alpine,Bahrain Grand Prix,1,23.652866242038222,18.22738853503185
96.58,37.0,HARD,7.0,OCO,Alpine,Bahrain Grand Prix,1,23.652866242038222,18.22738853503185
96.814,38.0,HARD,8.0,OCO,Alpine,Bahrain Grand Prix,1,23.652866242038222,18.22738853503185
96.552,39.0,HARD,9.0,OCO,Alpine,Bahrain Grand Prix,1,23.652866242038222,18.22738853503185
96.608,40.0,HARD,10.0,OCO,Alpine,Bahrain Grand Prix,1,23.652866242038222,18.22738853503185
96.621,41.0,HARD,11.0,OCO,Alpine,Bahrain Grand Prix,1,23.652866242038222,18.22738853503185
96.592,42.0,HARD,12.0,OCO,Alpine,Bahrain Grand Prix,1,23.652866242038222,18.22738853503185
96.679,43.0,HARD,13.0,OCO,Alpine,Bahrain Grand Prix,1,23.652866242038222,18.22738853503185
96.649,44.0,HARD,14.0,OCO,Alpine,Bahrain Grand Prix,1,23.652866242038222,18.22738853503185
98.049,45.0,HARD,15.0,OCO,Alpine,Bahrain Grand Prix,1,23.652866242038222,18.22738853503185
96.975,46.0,HARD,16.0,OCO,Alpine,Bahrain Grand Prix,1,23.652866242038222,18.22738853503185
96.656,47.0,HARD,17.0,OCO,Alpine,Bahrain Grand Prix,1,23.652866242038222,18.22738853503185
97.117,48.0,HARD,18.0,OCO,Alpine,Bahrain Grand Prix,1,23.652866242038222,18.22738853503185
97.726,49.0,HARD,19.0,OCO,Alpine,Bahrain Grand Prix,1,23.652866242038222,18.22738853503185
97.784,50.0,HARD,20.0,OCO,Alpine,Bahrain Grand Prix,1,23.652866242038222,18.22738853503185
97.091,51.0,HARD,21.0,OCO,Alpine,Bahrain Grand Prix,1,23.652866242038222,18.22738853503185
98.631,52.0,HARD,22.0,OCO,Alpine,Bahrain Grand Prix,1,23.652866242038222,18.22738853503185
97.145,53.0,HARD,23.0,OCO,Alpine,Bahrain Grand Prix,1,23.652866242038222,18.22738853503185
98.707,54.0,HARD,24.0,OCO,Alpine,Bahrain Grand Prix,1,23.652866242038222,18.22738853503185
97.393,55.0,HARD,25.0,OCO,Alpine,Bahrain Grand Prix,1,23.652866242038222,18.22738853503185
97.415,56.0,HARD,26.0,OCO,Alpine,Bahrain Grand Prix,1,23.652866242038222,18.22738853503185
98.744,3.0,SOFT,3.0,GAS,Alpine,Bahrain Grand Prix,1,23.652866242038222,18.22738853503185
98.503,4.0,SOFT,4.0,GAS,Alpine,Bahrain Grand Prix,1,23.652866242038222,18.22738853503185
98.664,5.0,SOFT,5.0,GAS,Alpine,Bahrain Grand Prix,1,23.652866242038222,18.22738853503185
99.099,6.0,SOFT,6.0,GAS,Alpine,Bahrain Grand Prix,1,23.652866242038222,18.22738853503185
99.078,7.0,SOFT,7.0,GAS,Alpine,Bahrain Grand Prix,1,23.652866242038222,18.22738853503185
99.287,8.0,SOFT,8.0,GAS,Alpine,Bahrain Grand Prix,1,23.652866242038222,18.22738853503185
99.452,9.0,SOFT,9.0,GAS,Alpine,Bahrain Grand Prix,1,23.652866242038222,18.22738853503185
98.929,10.0,SOFT,10.0,GAS,Alpine,Bahrain Grand Prix,1,23.652866242038222,18.22738853503185
98.656,11.0,SOFT,11.0,GAS,Alpine,Bahrain Grand Prix,1,23.652866242038222,18.22738853503185
101.456,12.0,SOFT,12.0,GAS,Alpine,Bahrain Grand Prix,1,23.652866242038222,18.22738853503185
124.565,13.0,HARD,1.0,GAS,Alpine,Bahrain Grand Prix,1,23.652866242038222,18.22738853503185
97.689,14.0,HARD,2.0,GAS,Alpine,Bahrain Grand Prix,1,23.652866242038222,18.22738853503185
97.492,15.0,HARD,3.0,GAS,Alpine,Bahrain Grand Prix,1,23.652866242038222,18.22738853503185
97.521,16.0,HARD,4.0,GAS,Alpine,Bahrain Grand Prix,1,23.652866242038222,18.22738853503185
97.949,17.0,HARD,5.0,GAS,Alpine,Bahrain Grand Prix,1,23.652866242038222,18.22738853503185
97.791,18.0,HARD,6.0,GAS,Alpine,Bahrain Grand Prix,1,23.652866242038222,18.22738853503185
97.702,19.0,HARD,7.0,GAS,Alpine,Bahrain Grand Prix,1,23.652866242038222,18.22738853503185
98.036,20.0,HARD,8.0,GAS,Alpine,Bahrain Grand Prix,1,23.652866242038222,18.22738853503185
98.094,21.0,HARD,9.0,GAS,Alpine,Bahrain Grand Prix,1,23.652866242038222,18.22738853503185
97.868,22.0,HARD,10.0,GAS,Alpine,Bahrain Grand Prix,1,23.652866242038222,18.22738853503185
98.104,23.0,HARD,11.0,GAS,Alpine,Bahrain Grand Prix,1,23.652866242038222,18.22738853503185
98.192,24.0,HARD,12.0,GAS,Alpine,Bahrain Grand Prix,1,23.652866242038222,18.22738853503185
98.16,25.0,HARD,13.0,GAS,Alpine,Bahrain Grand Prix,1,23.652866242038222,18.22738853503185
98.379,26.0,HARD,14.0,GAS,Alpine,Bahrain Grand Prix,1,23.652866242038222,18.22738853503185
98.4,27.0,HARD,15.0,GAS,Alpine,Bahrain Grand Prix,1,23.652866242038222,18.22738853503185
98.615,28.0,HARD,16.0,GAS,Alpine,Bahrain Grand Prix,1,23.652866242038222,18.22738853503185
98.55,29.0,HARD,17.0,GAS,Alpine,Bahrain Grand Prix,1,23.652866242038222,18.22738853503185
98.832,30.0,HARD,18.0,GAS,Alpine,Bahrain Grand Prix,1,23.652866242038222,18.22738853503185
100.432,31.0,HARD,19.0,GAS,Alpine,Bahrain Grand Prix,1,23.652866242038222,18.22738853503185
119.77,32.0,HARD,1.0,GAS,Alpine,Bahrain Grand Prix,1,23.652866242038222,18.22738853503185
96.112,33.0,HARD,2.0,GAS,Alpine,Bahrain Grand Prix,1,23.652866242038222,18.22738853503185
96.622,34.0,HARD,3.0,GAS,Alpine,Bahrain Grand Prix,1,23.652866242038222,18.22738853503185
96.313,35.0,HARD,4.0,GAS,Alpine,Bahrain Grand Prix,1,23.652866242038222,18.22738853503185
96.45,36.0,HARD,5.0,GAS,Alpine,Bahrain Grand Prix,1,23.652866242038222,18.22738853503185
96.629,37.0,HARD,6.0,GAS,Alpine,Bahrain Grand Prix,1,23.652866242038222,18.22738853503185
96.802,38.0,HARD,7.0,GAS,Alpine,Bahrain Grand Prix,1,23.652866242038222,18.22738853503185
96.537,39.0,HARD,8.0,GAS,Alpine,Bahrain Grand Prix,1,23.652866242038222,18.22738853503185
96.742,40.0,HARD,9.0,GAS,Alpine,Bahrain Grand Prix,1,23.652866242038222,18.22738853503185
96.571,41.0,HARD,10.0,GAS,Alpine,Bahrain Grand Prix,1,23.652866242038222,18.22738853503185
96.631,42.0,HARD,11.0,GAS,Alpine,Bahrain Grand Prix,1,23.652866242038222,18.22738853503185
99.291,43.0,HARD,12.0,GAS,Alpine,Bahrain Grand Prix,1,23.652866242038222,18.22738853503185
116.481,44.0,SOFT,1.0,GAS,Alpine,Bahrain Grand Prix,1,23.652866242038222,18.22738853503185
94.805,45.0,SOFT,2.0,GAS,Alpine,Bahrain Grand Prix,1,23.652866242038222,18.22738853503185
95.293,46.0,SOFT,3.0,GAS,Alpine,Bahrain Grand Prix,1,23.652866242038222,18.22738853503185
95.341,47.0,SOFT,4.0,GAS,Alpine,Bahrain Grand Prix,1,23.652866242038222,18.22738853503185
95.411,48.0,SOFT,5.0,GAS,Alpine,Bahrain Grand Prix,1,23.652866242038222,18.22738853503185
95.511,49.0,SOFT,6.0,GAS,Alpine,Bahrain Grand Prix,1,23.652866242038222,18.22738853503185
95.228,50.0,SOFT,7.0,GAS,Alpine,Bahrain Grand Prix,1,23.652866242038222,18.22738853503185
95.334,51.0,SOFT,8.0,GAS,Alpine,Bahrain Grand Prix,1,23.652866242038222,18.22738853503185
95.511,52.0,SOFT,9.0,GAS,Alpine,Bahrain Grand Prix,1,23.652866242038222,18.22738853503185
95.389,53.0,SOFT,10.0,GAS,Alpine,Bahrain Grand Prix,1,23.652866242038222,18.22738853503185
95.853,54.0,SOFT,11.0,GAS,Alpine,Bahrain Grand Prix,1,23.652866242038222,18.22738853503185
95.908,55.0,SOFT,12.0,GAS,Alpine,Bahrain Grand Prix,1,23.652866242038222,18.22738853503185
96.086,56.0,SOFT,13.0,GAS,Alpine,Bahrain Grand Prix,1,23.652866242038222,18.22738853503185
98.837,3.0,SOFT,3.0,BOT,Kick Sauber,Bahrain Grand Prix,1,23.652866242038222,18.22738853503185
98.643,4.0,SOFT,4.0,BOT,Kick Sauber,Bahrain Grand Prix,1,23.652866242038222,18.22738853503185
100.087,5.0,SOFT,5.0,BOT,Kick Sauber,Bahrain Grand Prix,1,23.652866242038222,18.22738853503185
99.206,6.0,SOFT,6.0,BOT,Kick Sauber,Bahrain Grand Prix,1,23.652866242038222,18.22738853503185
98.654,7.0,SOFT,7.0,BOT,Kick Sauber,Bahrain Grand Prix,1,23.652866242038222,18.22738853503185
98.968,8.0,SOFT,8.0,BOT,Kick Sauber,Bahrain Grand Prix,1,23.652866242038222,18.22738853503185
99.425,9.0,SOFT,9.0,BOT,Kick Sauber,Bahrain Grand Prix,1,23.652866242038222,18.22738853503185
99.112,10.0,SOFT,10.0,BOT,Kick Sauber,Bahrain Grand Prix,1,23.652866242038222,18.22738853503185
99.187,11.0,SOFT,11.0,BOT,Kick Sauber,Bahrain Grand Prix,1,23.652866242038222,18.22738853503185
103.145,12.0,SOFT,12.0,BOT,Kick Sauber,Bahrain Grand Prix,1,23.652866242038222,18.22738853503185
121.081,13.0,HARD,1.0,BOT,Kick Sauber,Bahrain Grand Prix,1,23.652866242038222,18.22738853503185
96.454,14.0,HARD,2.0,BOT,Kick Sauber,Bahrain Grand Prix,1,23.652866242038222,18.22738853503185
97.287,15.0,HARD,3.0,BOT,Kick Sauber,Bahrain Grand Prix,1,23.652866242038222,18.22738853503185
97.718,16.0,HARD,4.0,BOT,Kick Sauber,Bahrain Grand Prix,1,23.652866242038222,18.22738853503185
97.765,17.0,HARD,5.0,BOT,Kick Sauber,Bahrain Grand Prix,1,23.652866242038222,18.22738853503185
97.918,18.0,HARD,6.0,BOT,Kick Sauber,Bahrain Grand Prix,1,23.652866242038222,18.22738853503185
97.662,19.0,HARD,7.0,BOT,Kick Sauber,Bahrain Grand Prix,1,23.652866242038222,18.22738853503185
98.285,20.0,HARD,8.0,BOT,Kick Sauber,Bahrain Grand Prix,1,23.652866242038222,18.22738853503185
97.73,21.0,HARD,9.0,BOT,Kick Sauber,Bahrain Grand Prix,1,23.652866242038222,18.22738853503185
97.998,22.0,HARD,10.0,BOT,Kick Sauber,Bahrain Grand Prix,1,23.652866242038222,18.22738853503185
98.18,23.0,HARD,11.0,BOT,Kick Sauber,Bahrain Grand Prix,1,23.652866242038222,18.22738853503185
98.146,24.0,HARD,12.0,BOT,Kick Sauber,Bahrain Grand Prix,1,23.652866242038222,18.22738853503185
98.262,25.0,HARD,13.0,BOT,Kick Sauber,Bahrain Grand Prix,1,23.652866242038222,18.22738853503185
98.308,26.0,HARD,14.0,BOT,Kick Sauber,Bahrain Grand Prix,1,23.652866242038222,18.22738853503185
98.426,27.0,HARD,15.0,BOT,Kick Sauber,Bahrain Grand Prix,1,23.652866242038222,18.22738853503185
98.595,28.0,HARD,16.0,BOT,Kick Sauber,Bahrain Grand Prix,1,23.652866242038222,18.22738853503185
98.654,29.0,HARD,17.0,BOT,Kick Sauber,Bahrain Grand Prix,1,23.652866242038222,18.22738853503185
101.252,30.0,HARD,18.0,BOT,Kick Sauber,Bahrain Grand Prix,1,23.652866242038222,18.22738853503185
96.763,32.0,HARD,2.0,BOT,Kick Sauber,Bahrain Grand Prix,1,23.652866242038222,18.22738853503185
96.202,33.0,HARD,3.0,BOT,Kick Sauber,Bahrain Grand Prix,1,23.652866242038222,18.22738853503185
98.009,34.0,HARD,4.0,BOT,Kick Sauber,Bahrain Grand Prix,1,23.652866242038222,18.22738853503185
96.578,35.0,HARD,5.0,BOT,Kick Sauber,Bahrain Grand Prix,1,23.652866242038222,18.22738853503185
96.792,36.0,HARD,6.0,BOT,Kick Sauber,Bahrain Grand Prix,1,23.652866242038222,18.22738853503185
98.008,37.0,HARD,7.0,BOT,Kick Sauber,Bahrain Grand Prix,1,23.652866242038222,18.22738853503185
97.774,38.0,HARD,8.0,BOT,Kick Sauber,Bahrain Grand Prix,1,23.652866242038222,18.22738853503185
97.189,39.0,HARD,9.0,BOT,Kick Sauber,Bahrain Grand Prix,1,23.652866242038222,18.22738853503185
97.393,40.0,HARD,10.0,BOT,Kick Sauber,Bahrain Grand Prix,1,23.652866242038222,18.22738853503185
96.437,41.0,HARD,11.0,BOT,Kick Sauber,Bahrain Grand Prix,1,23.652866242038222,18.22738853503185
96.374,42.0,HARD,12.0,BOT,Kick Sauber,Bahrain Grand Prix,1,23.652866242038222,18.22738853503185
96.569,43.0,HARD,13.0,BOT,Kick Sauber,Bahrain Grand Prix,1,23.652866242038222,18.22738853503185
96.63,44.0,HARD,14.0,BOT,Kick Sauber,Bahrain Grand Prix,1,23.652866242038222,18.22738853503185
96.663,45.0,HARD,15.0,BOT,Kick Sauber,Bahrain Grand Prix,1,23.652866242038222,18.22738853503185
96.297,46.0,HARD,16.0,BOT,Kick Sauber,Bahrain Grand Prix,1,23.652866242038222,18.22738853503185
96.604,47.0,HARD,17.0,BOT,Kick Sauber,Bahrain Grand Prix,1,23.652866242038222,18.22738853503185
96.765,48.0,HARD,18.0,BOT,Kick Sauber,Bahrain Grand Prix,1,23.652866242038222,18.22738853503185
96.91,49.0,HARD,19.0,BOT,Kick Sauber,Bahrain Grand Prix,1,23.652866242038222,18.22738853503185
96.91,50.0,HARD,20.0,BOT,Kick Sauber,Bahrain Grand Prix,1,23.652866242038222,18.22738853503185
96.819,51.0,HARD,21.0,BOT,Kick Sauber,Bahrain Grand Prix,1,23.652866242038222,18.22738853503185
96.949,52.0,HARD,22.0,BOT,Kick Sauber,Bahrain Grand Prix,1,23.652866242038222,18.22738853503185
99.035,53.0,HARD,23.0,BOT,Kick Sauber,Bahrain Grand Prix,1,23.652866242038222,18.22738853503185
97.095,54.0,HARD,24.0,BOT,Kick Sauber,Bahrain Grand Prix,1,23.652866242038222,18.22738853503185
97.205,55.0,HARD,25.0,BOT,Kick Sauber,Bahrain Grand Prix,1,23.652866242038222,18.22738853503185
97.956,56.0,HARD,26.0,BOT,Kick Sauber,Bahrain Grand Prix,1,23.652866242038222,18.22738853503185
98.707,3.0,SOFT,3.0,SAR,Williams,Bahrain Grand Prix,1,23.652866242038222,18.22738853503185
98.39,4.0,SOFT,4.0,SAR,Williams,Bahrain Grand Prix,1,23.652866242038222,18.22738853503185
98.757,5.0,SOFT,5.0,SAR,Williams,Bahrain Grand Prix,1,23.652866242038222,18.22738853503185
98.582,6.0,SOFT,6.0,SAR,Williams,Bahrain Grand Prix,1,23.652866242038222,18.22738853503185
99.464,7.0,SOFT,7.0,SAR,Williams,Bahrain Grand Prix,1,23.652866242038222,18.22738853503185
99.58,8.0,SOFT,8.0,SAR,Williams,Bahrain Grand Prix,1,23.652866242038222,18.22738853503185
99.366,9.0,SOFT,9.0,SAR,Williams,Bahrain Grand Prix,1,23.652866242038222,18.22738853503185
98.493,12.0,HARD,2.0,SAR,Williams,Bahrain Grand Prix,1,23.652866242038222,18.22738853503185
100.989,13.0,HARD,3.0,SAR,Williams,Bahrain Grand Prix,1,23.652866242038222,18.22738853503185
101.47,14.0,HARD,4.0,SAR,Williams,Bahrain Grand Prix,1,23.652866242038222,18.22738853503185
97.594,15.0,HARD,5.0,SAR,Williams,Bahrain Grand Prix,1,23.652866242038222,18.22738853503185
101.37,16.0,HARD,6.0,SAR,Williams,Bahrain Grand Prix,1,23.652866242038222,18.22738853503185
99.758,17.0,HARD,7.0,SAR,Williams,Bahrain Grand Prix,1,23.652866242038222,18.22738853503185
98.077,18.0,HARD,8.0,SAR,Williams,Bahrain Grand Prix,1,23.652866242038222,18.22738853503185
97.742,19.0,HARD,9.0,SAR,Williams,Bahrain Grand Prix,1,23.652866242038222,18.22738853503185
97.82,20.0,HARD,10.0,SAR,Williams,Bahrain Grand Prix,1,23.652866242038222,18.22738853503185
98.009,21.0,HARD,11.0,SAR,Williams,Bahrain Grand Prix,1,23.652866242038222,18.22738853503185
97.728,22.0,HARD,12.0,SAR,Williams,Bahrain Grand Prix,1,23.652866242038222,18.22738853503185
97.621,23.0,HARD,13.0,SAR,Williams,Bahrain Grand Prix,1,23.652866242038222,18.22738853503185
99.437,24.0,HARD,14.0,SAR,Williams,Bahrain Grand Prix,1,23.652866242038222,18.22738853503185
99.093,25.0,HARD,15.0,SAR,Williams,Bahrain Grand Prix,1,23.652866242038222,18.22738853503185
97.859,26.0,HARD,16.0,SAR,Williams,Bahrain Grand Prix,1,23.652866242038222,18.22738853503185
98.288,27.0,HARD,17.0,SAR,Williams,Bahrain Grand Prix,1,23.652866242038222,18.22738853503185
100.535,28.0,HARD,18.0,SAR,Williams,Bahrain Grand Prix,1,23.652866242038222,18.22738853503185
121.581,29.0,HARD,1.0,SAR,Williams,Bahrain Grand Prix,1,23.652866242038222,18.22738853503185
95.715,30.0,HARD,2.0,SAR,Williams,Bahrain Grand Prix,1,23.652866242038222,18.22738853503185
96.713,31.0,HARD,3.0,SAR,Williams,Bahrain Grand Prix,1,23.652866242038222,18.22738853503185
96.563,32.0,HARD,4.0,SAR,Williams,Bahrain Grand Prix,1,23.652866242038222,18.22738853503185
97.433,33.0,HARD,5.0,SAR,Williams,Bahrain Grand Prix,1,23.652866242038222,18.22738853503185
96.475,34.0,HARD,6.0,SAR,Williams,Bahrain Grand Prix,1,23.652866242038222,18.22738853503185
96.859,35.0,HARD,7.0,SAR,Williams,Bahrain Grand Prix,1,23.652866242038222,18.22738853503185
96.462,36.0,HARD,8.0,SAR,Williams,Bahrain Grand Prix,1,23.652866242038222,18.22738853503185
96.785,37.0,HARD,9.0,SAR,Williams,Bahrain Grand Prix,1,23.652866242038222,18.22738853503185
96.732,38.0,HARD,10.0,SAR,Williams,Bahrain Grand Prix,1,23.652866242038222,18.22738853503185
97.016,39.0,HARD,11.0,SAR,Williams,Bahrain Grand Prix,1,23.652866242038222,18.22738853503185
99.817,40.0,HARD,12.0,SAR,Williams,Bahrain Grand Prix,1,23.652866242038222,18.22738853503185
120.282,41.0,SOFT,1.0,SAR,Williams,Bahrain Grand Prix,1,23.652866242038222,18.22738853503185
94.735,42.0,SOFT,2.0,SAR,Williams,Bahrain Grand Prix,1,23.652866242038222,18.22738853503185
95.001,43.0,SOFT,3.0,SAR,Williams,Bahrain Grand Prix,1,23.652866242038222,18.22738853503185
95.13,44.0,SOFT,4.0,SAR,Williams,Bahrain Grand Prix,1,23.652866242038222,18.22738853503185
95.333,45.0,SOFT,5.0,SAR,Williams,Bahrain Grand Prix,1,23.652866242038222,18.22738853503185
95.939,46.0,SOFT,6.0,SAR,Williams,Bahrain Grand Prix,1,23.652866242038222,18.22738853503185
96.729,47.0,SOFT,7.0,SAR,Williams,Bahrain Grand Prix,1,23.652866242038222,18.22738853503185
95.688,48.0,SOFT,8.0,SAR,Williams,Bahrain Grand Prix,1,23.652866242038222,18.22738853503185
95.59,49.0,SOFT,9.0,SAR,Williams,Bahrain Grand Prix,1,23.652866242038222,18.22738853503185
95.66,50.0,SOFT,10.0,SAR,Williams,Bahrain Grand Prix,1,23.652866242038222,18.22738853503185
95.972,51.0,SOFT,11.0,SAR,Williams,Bahrain Grand Prix,1,23.652866242038222,18.22738853503185
95.987,52.0,SOFT,12.0,SAR,Williams,Bahrain Grand Prix,1,23.652866242038222,18.22738853503185
96.088,53.0,SOFT,13.0,SAR,Williams,Bahrain Grand Prix,1,23.652866242038222,18.22738853503185
99.614,54.0,SOFT,14.0,SAR,Williams,Bahrain Grand Prix,1,23.652866242038222,18.22738853503185
96.209,55.0,SOFT,15.0,SAR,Williams,Bahrain Grand Prix,1,23.652866242038222,18.22738853503185
94.043,3.0,MEDIUM,3.0,VER,Red Bull Racing,Saudi Arabian Grand Prix,2,31.59315068493151,25.528082191780825
93.754,4.0,MEDIUM,4.0,VER,Red Bull Racing,Saudi Arabian Grand Prix,2,31.59315068493151,25.528082191780825
93.955,5.0,MEDIUM,5.0,VER,Red Bull Racing,Saudi Arabian Grand Prix,2,31.59315068493151,25.528082191780825
93.676,6.0,MEDIUM,6.0,VER,Red Bull Racing,Saudi Arabian Grand Prix,2,31.59315068493151,25.528082191780825
122.919,7.0,MEDIUM,7.0,VER,Red Bull Racing,Saudi Arabian Grand Prix,2,31.59315068493151,25.528082191780825
95.024,10.0,HARD,3.0,VER,Red Bull Racing,Saudi Arabian Grand Prix,2,31.59315068493151,25.528082191780825
93.61,11.0,HARD,4.0,VER,Red Bull Racing,Saudi Arabian Grand Prix,2,31.59315068493151,25.528082191780825
93.321,12.0,HARD,5.0,VER,Red Bull Racing,Saudi Arabian Grand Prix,2,31.59315068493151,25.528082191780825
93.144,13.0,HARD,6.0,VER,Red Bull Racing,Saudi Arabian Grand Prix,2,31.59315068493151,25.528082191780825
93.194,14.0,HARD,7.0,VER,Red Bull Racing,Saudi Arabian Grand Prix,2,31.59315068493151,25.528082191780825
93.512,15.0,HARD,8.0,VER,Red Bull Racing,Saudi Arabian Grand Prix,2,31.59315068493151,25.528082191780825
93.192,16.0,HARD,9.0,VER,Red Bull Racing,Saudi Arabian Grand Prix,2,31.59315068493151,25.528082191780825
93.059,17.0,HARD,10.0,VER,Red Bull Racing,Saudi Arabian Grand Prix,2,31.59315068493151,25.528082191780825
93.139,18.0,HARD,11.0,VER,Red Bull Racing,Saudi Arabian Grand Prix,2,31.59315068493151,25.528082191780825
93.135,19.0,HARD,12.0,VER,Red Bull Racing,Saudi Arabian Grand Prix,2,31.59315068493151,25.528082191780825
93.066,20.0,HARD,13.0,VER,Red Bull Racing,Saudi Arabian Grand Prix,2,31.59315068493151,25.528082191780825
92.933,21.0,HARD,14.0,VER,Red Bull Racing,Saudi Arabian Grand Prix,2,31.59315068493151,25.528082191780825
92.98,22.0,HARD,15.0,VER,Red Bull Racing,Saudi Arabian Grand Prix,2,31.59315068493151,25.528082191780825
92.792,23.0,HARD,16.0,VER,Red Bull Racing,Saudi Arabian Grand Prix,2,31.59315068493151,25.528082191780825
92.683,24.0,HARD,17.0,VER,Red Bull Racing,Saudi Arabian Grand Prix,2,31.59315068493151,25.528082191780825
92.785,25.0,HARD,18.0,VER,Red Bull Racing,Saudi Arabian Grand Prix,2,31.59315068493151,25.528082191780825
92.561,26.0,HARD,19.0,VER,Red Bull Racing,Saudi Arabian Grand Prix,2,31.59315068493151,25.528082191780825
92.722,27.0,HARD,20.0,VER,Red Bull Racing,Saudi Arabian Grand Prix,2,31.59315068493151,25.528082191780825
92.674,28.0,HARD,21.0,VER,Red Bull Racing,Saudi Arabian Grand Prix,2,31.59315068493151,25.528082191780825
92.752,29.0,HARD,22.0,VER,Red Bull Racing,Saudi Arabian Grand Prix,2,31.59315068493151,25.528082191780825
92.601,30.0,HARD,23.0,VER,Red Bull Racing,Saudi Arabian Grand Prix,2,31.59315068493151,25.528082191780825
92.454,31.0,HARD,24.0,VER,Red Bull Racing,Saudi Arabian Grand Prix,2,31.59315068493151,25.528082191780825
92.545,32.0,HARD,25.0,VER,Red Bull Racing,Saudi Arabian Grand Prix,2,31.59315068493151,25.528082191780825
92.309,33.0,HARD,26.0,VER,Red Bull Racing,Saudi Arabian Grand Prix,2,31.59315068493151,25.528082191780825
92.558,34.0,HARD,27.0,VER,Red Bull Racing,Saudi Arabian Grand Prix,2,31.59315068493151,25.528082191780825
92.536,35.0,HARD,28.0,VER,Red Bull Racing,Saudi Arabian Grand Prix,2,31.59315068493151,25.528082191780825
92.413,36.0,HARD,29.0,VER,Red Bull Racing,Saudi Arabian Grand Prix,2,31.59315068493151,25.528082191780825
92.412,37.0,HARD,30.0,VER,Red Bull Racing,Saudi Arabian Grand Prix,2,31.59315068493151,25.528082191780825
92.296,38.0,HARD,31.0,VER,Red Bull Racing,Saudi Arabian Grand Prix,2,31.59315068493151,25.528082191780825
91.995,39.0,HARD,32.0,VER,Red Bull Racing,Saudi Arabian Grand Prix,2,31.59315068493151,25.528082191780825
92.555,40.0,HARD,33.0,VER,Red Bull Racing,Saudi Arabian Grand Prix,2,31.59315068493151,25.528082191780825
92.491,41.0,HARD,34.0,VER,Red Bull Racing,Saudi Arabian Grand Prix,2,31.59315068493151,25.528082191780825
93.013,42.0,HARD,35.0,VER,Red Bull Racing,Saudi Arabian Grand Prix,2,31.59315068493151,25.528082191780825
93.123,43.0,HARD,36.0,VER,Red Bull Racing,Saudi Arabian Grand Prix,2,31.59315068493151,25.528082191780825
92.377,44.0,HARD,37.0,VER,Red Bull Racing,Saudi Arabian Grand Prix,2,31.59315068493151,25.528082191780825
93.01,45.0,HARD,38.0,VER,Red Bull Racing,Saudi Arabian Grand Prix,2,31.59315068493151,25.528082191780825
92.889,46.0,HARD,39.0,VER,Red Bull Racing,Saudi Arabian Grand Prix,2,31.59315068493151,25.528082191780825
92.784,47.0,HARD,40.0,VER,Red Bull Racing,Saudi Arabian Grand Prix,2,31.59315068493151,25.528082191780825
92.563,48.0,HARD,41.0,VER,Red Bull Racing,Saudi Arabian Grand Prix,2,31.59315068493151,25.528082191780825
92.163,49.0,HARD,42.0,VER,Red Bull Racing,Saudi Arabian Grand Prix,2,31.59315068493151,25.528082191780825
91.773,50.0,HARD,43.0,VER,Red Bull Racing,Saudi Arabian Grand Prix,2,31.59315068493151,25.528082191780825
94.055,3.0,MEDIUM,3.0,PER,Red Bull Racing,Saudi Arabian Grand Prix,2,31.59315068493151,25.528082191780825
94.046,4.0,MEDIUM,4.0,PER,Red Bull Racing,Saudi Arabian Grand Prix,2,31.59315068493151,25.528082191780825
94.085,5.0,MEDIUM,5.0,PER,Red Bull Racing,Saudi Arabian Grand Prix,2,31.59315068493151,25.528082191780825
93.842,6.0,MEDIUM,6.0,PER,Red Bull Racing,Saudi Arabian Grand Prix,2,31.59315068493151,25.528082191780825
124.615,7.0,MEDIUM,7.0,PER,Red Bull Racing,Saudi Arabian Grand Prix,2,31.59315068493151,25.528082191780825
96.005,10.0,HARD,3.0,PER,Red Bull Racing,Saudi Arabian Grand Prix,2,31.59315068493151,25.528082191780825
93.859,11.0,HARD,4.0,PER,Red Bull Racing,Saudi Arabian Grand Prix,2,31.59315068493151,25.528082191780825
93.93,12.0,HARD,5.0,PER,Red Bull Racing,Saudi Arabian Grand Prix,2,31.59315068493151,25.528082191780825
94.053,13.0,HARD,6.0,PER,Red Bull Racing,Saudi Arabian Grand Prix,2,31.59315068493151,25.528082191780825
93.814,14.0,HARD,7.0,PER,Red Bull Racing,Saudi Arabian Grand Prix,2,31.59315068493151,25.528082191780825
93.45,15.0,HARD,8.0,PER,Red Bull Racing,Saudi Arabian Grand Prix,2,31.59315068493151,25.528082191780825
93.536,16.0,HARD,9.0,PER,Red Bull Racing,Saudi Arabian Grand Prix,2,31.59315068493151,25.528082191780825
94.169,17.0,HARD,10.0,PER,Red Bull Racing,Saudi Arabian Grand Prix,2,31.59315068493151,25.528082191780825
93.282,18.0,HARD,11.0,PER,Red Bull Racing,Saudi Arabian Grand Prix,2,31.59315068493151,25.528082191780825
93.545,19.0,HARD,12.0,PER,Red Bull Racing,Saudi Arabian Grand Prix,2,31.59315068493151,25.528082191780825
93.377,20.0,HARD,13.0,PER,Red Bull Racing,Saudi Arabian Grand Prix,2,31.59315068493151,25.528082191780825
93.132,21.0,HARD,14.0,PER,Red Bull Racing,Saudi Arabian Grand Prix,2,31.59315068493151,25.528082191780825
93.064,22.0,HARD,15.0,PER,Red Bull Racing,Saudi Arabian Grand Prix,2,31.59315068493151,25.528082191780825
92.97,23.0,HARD,16.0,PER,Red Bull Racing,Saudi Arabian Grand Prix,2,31.59315068493151,25.528082191780825
92.795,24.0,HARD,17.0,PER,Red Bull Racing,Saudi Arabian Grand Prix,2,31.59315068493151,25.528082191780825
93.029,25.0,HARD,18.0,PER,Red Bull Racing,Saudi Arabian Grand Prix,2,31.59315068493151,25.528082191780825
92.75,26.0,HARD,19.0,PER,Red Bull Racing,Saudi Arabian Grand Prix,2,31.59315068493151,25.528082191780825
92.734,27.0,HARD,20.0,PER,Red Bull Racing,Saudi Arabian Grand Prix,2,31.59315068493151,25.528082191780825
92.968,28.0,HARD,21.0,PER,Red Bull Racing,Saudi Arabian Grand Prix,2,31.59315068493151,25.528082191780825
92.671,29.0,HARD,22.0,PER,Red Bull Racing,Saudi Arabian Grand Prix,2,31.59315068493151,25.528082191780825
92.782,30.0,HARD,23.0,PER,Red Bull Racing,Saudi Arabian Grand Prix,2,31.59315068493151,25.528082191780825
92.825,31.0,HARD,24.0,PER,Red Bull Racing,Saudi Arabian Grand Prix,2,31.59315068493151,25.528082191780825
92.506,32.0,HARD,25.0,PER,Red Bull Racing,Saudi Arabian Grand Prix,2,31.59315068493151,25.528082191780825
92.564,33.0,HARD,26.0,PER,Red Bull Racing,Saudi Arabian Grand Prix,2,31.59315068493151,25.528082191780825
92.631,34.0,HARD,27.0,PER,Red Bull Racing,Saudi Arabian Grand Prix,2,31.59315068493151,25.528082191780825
92.418,35.0,HARD,28.0,PER,Red Bull Racing,Saudi Arabian Grand Prix,2,31.59315068493151,25.528082191780825
92.363,36.0,HARD,29.0,PER,Red Bull Racing,Saudi Arabian Grand Prix,2,31.59315068493151,25.528082191780825
92.273,37.0,HARD,30.0,PER,Red Bull Racing,Saudi Arabian Grand Prix,2,31.59315068493151,25.528082191780825
92.711,38.0,HARD,31.0,PER,Red Bull Racing,Saudi Arabian Grand Prix,2,31.59315068493151,25.528082191780825
92.35,39.0,HARD,32.0,PER,Red Bull Racing,Saudi Arabian Grand Prix,2,31.59315068493151,25.528082191780825
92.72,40.0,HARD,33.0,PER,Red Bull Racing,Saudi Arabian Grand Prix,2,31.59315068493151,25.528082191780825
92.48,41.0,HARD,34.0,PER,Red Bull Racing,Saudi Arabian Grand Prix,2,31.59315068493151,25.528082191780825
92.433,42.0,HARD,35.0,PER,Red Bull Racing,Saudi Arabian Grand Prix,2,31.59315068493151,25.528082191780825
92.392,43.0,HARD,36.0,PER,Red Bull Racing,Saudi Arabian Grand Prix,2,31.59315068493151,25.528082191780825
92.441,44.0,HARD,37.0,PER,Red Bull Racing,Saudi Arabian Grand Prix,2,31.59315068493151,25.528082191780825
92.562,45.0,HARD,38.0,PER,Red Bull Racing,Saudi Arabian Grand Prix,2,31.59315068493151,25.528082191780825
92.481,46.0,HARD,39.0,PER,Red Bull Racing,Saudi Arabian Grand Prix,2,31.59315068493151,25.528082191780825
92.832,47.0,HARD,40.0,PER,Red Bull Racing,Saudi Arabian Grand Prix,2,31.59315068493151,25.528082191780825
92.514,48.0,HARD,41.0,PER,Red Bull Racing,Saudi Arabian Grand Prix,2,31.59315068493151,25.528082191780825
93.029,49.0,HARD,42.0,PER,Red Bull Racing,Saudi Arabian Grand Prix,2,31.59315068493151,25.528082191780825
92.831,50.0,HARD,43.0,PER,Red Bull Racing,Saudi Arabian Grand Prix,2,31.59315068493151,25.528082191780825
94.439,3.0,MEDIUM,4.0,ALO,Aston Martin,Saudi Arabian Grand Prix,2,31.59315068493151,25.528082191780825
94.746,4.0,MEDIUM,5.0,ALO,Aston Martin,Saudi Arabian Grand Prix,2,31.59315068493151,25.528082191780825
94.512,5.0,MEDIUM,6.0,ALO,Aston Martin,Saudi Arabian Grand Prix,2,31.59315068493151,25.528082191780825
94.48,6.0,MEDIUM,7.0,ALO,Aston Martin,Saudi Arabian Grand Prix,2,31.59315068493151,25.528082191780825
126.883,7.0,MEDIUM,8.0,ALO,Aston Martin,Saudi Arabian Grand Prix,2,31.59315068493151,25.528082191780825
97.296,10.0,HARD,4.0,ALO,Aston Martin,Saudi Arabian Grand Prix,2,31.59315068493151,25.528082191780825
94.53,11.0,HARD,5.0,ALO,Aston Martin,Saudi Arabian Grand Prix,2,31.59315068493151,25.528082191780825
94.735,12.0,HARD,6.0,ALO,Aston Martin,Saudi Arabian Grand Prix,2,31.59315068493151,25.528082191780825
94.664,13.0,HARD,7.0,ALO,Aston Martin,Saudi Arabian Grand Prix,2,31.59315068493151,25.528082191780825
94.877,14.0,HARD,8.0,ALO,Aston Martin,Saudi Arabian Grand Prix,2,31.59315068493151,25.528082191780825
94.678,15.0,HARD,9.0,ALO,Aston Martin,Saudi Arabian Grand Prix,2,31.59315068493151,25.528082191780825
94.773,16.0,HARD,10.0,ALO,Aston Martin,Saudi Arabian Grand Prix,2,31.59315068493151,25.528082191780825
94.695,17.0,HARD,11.0,ALO,Aston Martin,Saudi Arabian Grand Prix,2,31.59315068493151,25.528082191780825
94.651,18.0,HARD,12.0,ALO,Aston Martin,Saudi Arabian Grand Prix,2,31.59315068493151,25.528082191780825
94.576,19.0,HARD,13.0,ALO,Aston Martin,Saudi Arabian Grand Prix,2,31.59315068493151,25.528082191780825
94.39,20.0,HARD,14.0,ALO,Aston Martin,Saudi Arabian Grand Prix,2,31.59315068493151,25.528082191780825
94.378,21.0,HARD,15.0,ALO,Aston Martin,Saudi Arabian Grand Prix,2,31.59315068493151,25.528082191780825
94.173,22.0,HARD,16.0,ALO,Aston Martin,Saudi Arabian Grand Prix,2,31.59315068493151,25.528082191780825
93.958,23.0,HARD,17.0,ALO,Aston Martin,Saudi Arabian Grand Prix,2,31.59315068493151,25.528082191780825
94.033,24.0,HARD,18.0,ALO,Aston Martin,Saudi Arabian Grand Prix,2,31.59315068493151,25.528082191780825
93.89,25.0,HARD,19.0,ALO,Aston Martin,Saudi Arabian Grand Prix,2,31.59315068493151,25.528082191780825
93.841,26.0,HARD,20.0,ALO,Aston Martin,Saudi Arabian Grand Prix,2,31.59315068493151,25.528082191780825
93.58,27.0,HARD,21.0,ALO,Aston Martin,Saudi Arabian Grand Prix,2,31.59315068493151,25.528082191780825
93.863,28.0,HARD,22.0,ALO,Aston Martin,Saudi Arabian Grand Prix,2,31.59315068493151,25.528082191780825
93.682,29.0,HARD,23.0,ALO,Aston Martin,Saudi Arabian Grand Prix,2,31.59315068493151,25.528082191780825
93.493,30.0,HARD,24.0,ALO,Aston Martin,Saudi Arabian Grand Prix,2,31.59315068493151,25.528082191780825
93.67,31.0,HARD,25.0,ALO,Aston Martin,Saudi Arabian Grand Prix,2,31.59315068493151,25.528082191780825
93.398,32.0,HARD,26.0,ALO,Aston Martin,Saudi Arabian Grand Prix,2,31.59315068493151,25.528082191780825
93.452,33.0,HARD,27.0,ALO,Aston Martin,Saudi Arabian Grand Prix,2,31.59315068493151,25.528082191780825
93.261,34.0,HARD,28.0,ALO,Aston Martin,Saudi Arabian Grand Prix,2,31.59315068493151,25.528082191780825
93.395,35.0,HARD,29.0,ALO,Aston Martin,Saudi Arabian Grand Prix,2,31.59315068493151,25.528082191780825
93.014,36.0,HARD,30.0,ALO,Aston Martin,Saudi Arabian Grand Prix,2,31.59315068493151,25.528082191780825
93.116,37.0,HARD,31.0,ALO,Aston Martin,Saudi Arabian Grand Prix,2,31.59315068493151,25.528082191780825
92.937,38.0,HARD,32.0,ALO,Aston Martin,Saudi Arabian Grand Prix,2,31.59315068493151,25.528082191780825
92.692,39.0,HARD,33.0,ALO,Aston Martin,Saudi Arabian Grand Prix,2,31.59315068493151,25.528082191780825
92.427,40.0,HARD,34.0,ALO,Aston Martin,Saudi Arabian Grand Prix,2,31.59315068493151,25.528082191780825
92.662,41.0,HARD,35.0,ALO,Aston Martin,Saudi Arabian Grand Prix,2,31.59315068493151,25.528082191780825
92.41,42.0,HARD,36.0,ALO,Aston Martin,Saudi Arabian Grand Prix,2,31.59315068493151,25.528082191780825
92.387,43.0,HARD,37.0,ALO,Aston Martin,Saudi Arabian Grand Prix,2,31.59315068493151,25.528082191780825
92.474,44.0,HARD,38.0,ALO,Aston Martin,Saudi Arabian Grand Prix,2,31.59315068493151,25.528082191780825
92.413,45.0,HARD,39.0,ALO,Aston Martin,Saudi Arabian Grand Prix,2,31.59315068493151,25.528082191780825
92.641,46.0,HARD,40.0,ALO,Aston Martin,Saudi Arabian Grand Prix,2,31.59315068493151,25.528082191780825
92.579,47.0,HARD,41.0,ALO,Aston Martin,Saudi Arabian Grand Prix,2,31.59315068493151,25.528082191780825
92.629,48.0,HARD,42.0,ALO,Aston Martin,Saudi Arabian Grand Prix,2,31.59315068493151,25.528082191780825
92.389,49.0,HARD,43.0,ALO,Aston Martin,Saudi Arabian Grand Prix,2,31.59315068493151,25.528082191780825
92.779,50.0,HARD,44.0,ALO,Aston Martin,Saudi Arabian Grand Prix,2,31.59315068493151,25.528082191780825
94.549,3.0,MEDIUM,3.0,LEC,Ferrari,Saudi Arabian Grand Prix,2,31.59315068493151,25.528082191780825
95.213,4.0,MEDIUM,4.0,LEC,Ferrari,Saudi Arabian Grand Prix,2,31.59315068493151,25.528082191780825
94.382,5.0,MEDIUM,5.0,LEC,Ferrari,Saudi Arabian Grand Prix,2,31.59315068493151,25.528082191780825
94.244,6.0,MEDIUM,6.0,LEC,Ferrari,Saudi Arabian Grand Prix,2,31.59315068493151,25.528082191780825
124.831,7.0,MEDIUM,7.0,LEC,Ferrari,Saudi Arabian Grand Prix,2,31.59315068493151,25.528082191780825
96.082,10.0,HARD,3.0,LEC,Ferrari,Saudi Arabian Grand Prix,2,31.59315068493151,25.528082191780825
94.443,11.0,HARD,4.0,LEC,Ferrari,Saudi Arabian Grand Prix,2,31.59315068493151,25.528082191780825
93.599,12.0,HARD,5.0,LEC,Ferrari,Saudi Arabian Grand Prix,2,31.59315068493151,25.528082191780825
94.627,13.0,HARD,6.0,LEC,Ferrari,Saudi Arabian Grand Prix,2,31.59315068493151,25.528082191780825
94.039,14.0,HARD,7.0,LEC,Ferrari,Saudi Arabian Grand Prix,2,31.59315068493151,25.528082191780825
94.225,15.0,HARD,8.0,LEC,Ferrari,Saudi Arabian Grand Prix,2,31.59315068493151,25.528082191780825
94.033,16.0,HARD,9.0,LEC,Ferrari,Saudi Arabian Grand Prix,2,31.59315068493151,25.528082191780825
94.073,17.0,HARD,10.0,LEC,Ferrari,Saudi Arabian Grand Prix,2,31.59315068493151,25.528082191780825
94.142,18.0,HARD,11.0,LEC,Ferrari,Saudi Arabian Grand Prix,2,31.59315068493151,25.528082191780825
93.94,19.0,HARD,12.0,LEC,Ferrari,Saudi Arabian Grand Prix,2,31.59315068493151,25.528082191780825
93.949,20.0,HARD,13.0,LEC,Ferrari,Saudi Arabian Grand Prix,2,31.59315068493151,25.528082191780825
93.722,21.0,HARD,14.0,LEC,Ferrari,Saudi Arabian Grand Prix,2,31.59315068493151,25.528082191780825
93.702,22.0,HARD,15.0,LEC,Ferrari,Saudi Arabian Grand Prix,2,31.59315068493151,25.528082191780825
93.602,23.0,HARD,16.0,LEC,Ferrari,Saudi Arabian Grand Prix,2,31.59315068493151,25.528082191780825
93.511,24.0,HARD,17.0,LEC,Ferrari,Saudi Arabian Grand Prix,2,31.59315068493151,25.528082191780825
93.136,25.0,HARD,18.0,LEC,Ferrari,Saudi Arabian Grand Prix,2,31.59315068493151,25.528082191780825
93.51,26.0,HARD,19.0,LEC,Ferrari,Saudi Arabian Grand Prix,2,31.59315068493151,25.528082191780825
93.151,27.0,HARD,20.0,LEC,Ferrari,Saudi Arabian Grand Prix,2,31.59315068493151,25.528082191780825
93.202,28.0,HARD,21.0,LEC,Ferrari,Saudi Arabian Grand Prix,2,31.59315068493151,25.528082191780825
93.305,29.0,HARD,22.0,LEC,Ferrari,Saudi Arabian Grand Prix,2,31.59315068493151,25.528082191780825
92.863,30.0,HARD,23.0,LEC,Ferrari,Saudi Arabian Grand Prix,2,31.59315068493151,25.528082191780825
92.606,31.0,HARD,24.0,LEC,Ferrari,Saudi Arabian Grand Prix,2,31.59315068493151,25.528082191780825
92.959,32.0,HARD,25.0,LEC,Ferrari,Saudi Arabian Grand Prix,2,31.59315068493151,25.528082191780825
93.064,33.0,HARD,26.0,LEC,Ferrari,Saudi Arabian Grand Prix,2,31.59315068493151,25.528082191780825
93.097,34.0,HARD,27.0,LEC,Ferrari,Saudi Arabian Grand Prix,2,31.59315068493151,25.528082191780825
93.013,35.0,HARD,28.0,LEC,Ferrari,Saudi Arabian Grand Prix,2,31.59315068493151,25.528082191780825
92.915,36.0,HARD,29.0,LEC,Ferrari,Saudi Arabian Grand Prix,2,31.59315068493151,25.528082191780825
92.674,37.0,HARD,30.0,LEC,Ferrari,Saudi Arabian Grand Prix,2,31.59315068493151,25.528082191780825
92.632,38.0,HARD,31.0,LEC,Ferrari,Saudi Arabian Grand Prix,2,31.59315068493151,25.528082191780825
92.722,39.0,HARD,32.0,LEC,Ferrari,Saudi Arabian Grand Prix,2,31.59315068493151,25.528082191780825
92.282,40.0,HARD,33.0,LEC,Ferrari,Saudi Arabian Grand Prix,2,31.59315068493151,25.528082191780825
92.504,41.0,HARD,34.0,LEC,Ferrari,Saudi Arabian Grand Prix,2,31.59315068493151,25.528082191780825
92.66,42.0,HARD,35.0,LEC,Ferrari,Saudi Arabian Grand Prix,2,31.59315068493151,25.528082191780825
92.556,43.0,HARD,36.0,LEC,Ferrari,Saudi Arabian Grand Prix,2,31.59315068493151,25.528082191780825
92.679,44.0,HARD,37.0,LEC,Ferrari,Saudi Arabian Grand Prix,2,31.59315068493151,25.528082191780825
92.552,45.0,HARD,38.0,LEC,Ferrari,Saudi Arabian Grand Prix,2,31.59315068493151,25.528082191780825
92.052,46.0,HARD,39.0,LEC,Ferrari,Saudi Arabian Grand Prix,2,31.59315068493151,25.528082191780825
92.029,47.0,HARD,40.0,LEC,Ferrari,Saudi Arabian Grand Prix,2,31.59315068493151,25.528082191780825
93.364,48.0,HARD,41.0,LEC,Ferrari,Saudi Arabian Grand Prix,2,31.59315068493151,25.528082191780825
91.931,49.0,HARD,42.0,LEC,Ferrari,Saudi Arabian Grand Prix,2,31.59315068493151,25.528082191780825
91.632,50.0,HARD,43.0,LEC,Ferrari,Saudi Arabian Grand Prix,2,31.59315068493151,25.528082191780825
95.79,3.0,MEDIUM,4.0,STR,Aston Martin,Saudi Arabian Grand Prix,2,31.59315068493151,25.528082191780825
95.735,4.0,MEDIUM,5.0,STR,Aston Martin,Saudi Arabian Grand Prix,2,31.59315068493151,25.528082191780825
95.56,5.0,MEDIUM,6.0,STR,Aston Martin,Saudi Arabian Grand Prix,2,31.59315068493151,25.528082191780825
96.871,3.0,MEDIUM,3.0,SAR,Williams,Saudi Arabian Grand Prix,2,31.59315068493151,25.528082191780825
96.544,4.0,MEDIUM,4.0,SAR,Williams,Saudi Arabian Grand Prix,2,31.59315068493151,25.528082191780825
96.204,5.0,MEDIUM,5.0,SAR,Williams,Saudi Arabian Grand Prix,2,31.59315068493151,25.528082191780825
96.203,6.0,MEDIUM,6.0,SAR,Williams,Saudi Arabian Grand Prix,2,31.59315068493151,25.528082191780825
100.141,10.0,HARD,3.0,SAR,Williams,Saudi Arabian Grand Prix,2,31.59315068493151,25.528082191780825
96.468,11.0,HARD,4.0,SAR,Williams,Saudi Arabian Grand Prix,2,31.59315068493151,25.528082191780825
95.642,12.0,HARD,5.0,SAR,Williams,Saudi Arabian Grand Prix,2,31.59315068493151,25.528082191780825
95.751,13.0,HARD,6.0,SAR,Williams,Saudi Arabian Grand Prix,2,31.59315068493151,25.528082191780825
95.207,14.0,HARD,7.0,SAR,Williams,Saudi Arabian Grand Prix,2,31.59315068493151,25.528082191780825
95.601,15.0,HARD,8.0,SAR,Williams,Saudi Arabian Grand Prix,2,31.59315068493151,25.528082191780825
96.062,16.0,HARD,9.0,SAR,Williams,Saudi Arabian Grand Prix,2,31.59315068493151,25.528082191780825
96.336,17.0,HARD,10.0,SAR,Williams,Saudi Arabian Grand Prix,2,31.59315068493151,25.528082191780825
96.039,18.0,HARD,11.0,SAR,Williams,Saudi Arabian Grand Prix,2,31.59315068493151,25.528082191780825
95.361,19.0,HARD,12.0,SAR,Williams,Saudi Arabian Grand Prix,2,31.59315068493151,25.528082191780825
95.251,20.0,HARD,13.0,SAR,Williams,Saudi Arabian Grand Prix,2,31.59315068493151,25.528082191780825
95.082,21.0,HARD,14.0,SAR,Williams,Saudi Arabian Grand Prix,2,31.59315068493151,25.528082191780825
95.601,22.0,HARD,15.0,SAR,Williams,Saudi Arabian Grand Prix,2,31.59315068493151,25.528082191780825
95.016,23.0,HARD,16.0,SAR,Williams,Saudi Arabian Grand Prix,2,31.59315068493151,25.528082191780825
95.133,24.0,HARD,17.0,SAR,Williams,Saudi Arabian Grand Prix,2,31.59315068493151,25.528082191780825
96.539,25.0,HARD,18.0,SAR,Williams,Saudi Arabian Grand Prix,2,31.59315068493151,25.528082191780825
96.497,26.0,HARD,19.0,SAR,Williams,Saudi Arabian Grand Prix,2,31.59315068493151,25.528082191780825
96.198,27.0,HARD,20.0,SAR,Williams,Saudi Arabian Grand Prix,2,31.59315068493151,25.528082191780825
95.886,28.0,HARD,21.0,SAR,Williams,Saudi Arabian Grand Prix,2,31.59315068493151,25.528082191780825
96.047,29.0,HARD,22.0,SAR,Williams,Saudi Arabian Grand Prix,2,31.59315068493151,25.528082191780825
95.75,30.0,HARD,23.0,SAR,Williams,Saudi Arabian Grand Prix,2,31.59315068493151,25.528082191780825
95.879,31.0,HARD,24.0,SAR,Williams,Saudi Arabian Grand Prix,2,31.59315068493151,25.528082191780825
95.897,32.0,HARD,25.0,SAR,Williams,Saudi Arabian Grand Prix,2,31.59315068493151,25.528082191780825
95.7,33.0,HARD,26.0,SAR,Williams,Saudi Arabian Grand Prix,2,31.59315068493151,25.528082191780825
94.843,34.0,HARD,27.0,SAR,Williams,Saudi Arabian Grand Prix,2,31.59315068493151,25.528082191780825
94.716,35.0,HARD,28.0,SAR,Williams,Saudi Arabian Grand Prix,2,31.59315068493151,25.528082191780825
94.576,36.0,HARD,29.0,SAR,Williams,Saudi Arabian Grand Prix,2,31.59315068493151,25.528082191780825
94.228,37.0,HARD,30.0,SAR,Williams,Saudi Arabian Grand Prix,2,31.59315068493151,25.528082191780825
93.763,38.0,HARD,31.0,SAR,Williams,Saudi Arabian Grand Prix,2,31.59315068493151,25.528082191780825
93.97,39.0,HARD,32.0,SAR,Williams,Saudi Arabian Grand Prix,2,31.59315068493151,25.528082191780825
93.547,40.0,HARD,33.0,SAR,Williams,Saudi Arabian Grand Prix,2,31.59315068493151,25.528082191780825
93.838,41.0,HARD,34.0,SAR,Williams,Saudi Arabian Grand Prix,2,31.59315068493151,25.528082191780825
93.648,42.0,HARD,35.0,SAR,Williams,Saudi Arabian Grand Prix,2,31.59315068493151,25.528082191780825
93.766,43.0,HARD,36.0,SAR,Williams,Saudi Arabian Grand Prix,2,31.59315068493151,25.528082191780825
95.215,44.0,HARD,37.0,SAR,Williams,Saudi Arabian Grand Prix,2,31.59315068493151,25.528082191780825
94.077,45.0,HARD,38.0,SAR,Williams,Saudi Arabian Grand Prix,2,31.59315068493151,25.528082191780825
94.141,46.0,HARD,39.0,SAR,Williams,Saudi Arabian Grand Prix,2,31.59315068493151,25.528082191780825
93.718,47.0,HARD,40.0,SAR,Williams,Saudi Arabian Grand Prix,2,31.59315068493151,25.528082191780825
93.383,48.0,HARD,41.0,SAR,Williams,Saudi Arabian Grand Prix,2,31.59315068493151,25.528082191780825
93.026,49.0,HARD,42.0,SAR,Williams,Saudi Arabian Grand Prix,2,31.59315068493151,25.528082191780825
95.85,3.0,MEDIUM,3.0,MAG,Haas F1 Team,Saudi Arabian Grand Prix,2,31.59315068493151,25.528082191780825
95.367,4.0,MEDIUM,4.0,MAG,Haas F1 Team,Saudi Arabian Grand Prix,2,31.59315068493151,25.528082191780825
95.684,5.0,MEDIUM,5.0,MAG,Haas F1 Team,Saudi Arabian Grand Prix,2,31.59315068493151,25.528082191780825
96.027,6.0,MEDIUM,6.0,MAG,Haas F1 Team,Saudi Arabian Grand Prix,2,31.59315068493151,25.528082191780825
99.463,10.0,HARD,3.0,MAG,Haas F1 Team,Saudi Arabian Grand Prix,2,31.59315068493151,25.528082191780825
96.036,11.0,HARD,4.0,MAG,Haas F1 Team,Saudi Arabian Grand Prix,2,31.59315068493151,25.528082191780825
95.229,12.0,HARD,5.0,MAG,Haas F1 Team,Saudi Arabian Grand Prix,2,31.59315068493151,25.528082191780825
95.062,13.0,HARD,6.0,MAG,Haas F1 Team,Saudi Arabian Grand Prix,2,31.59315068493151,25.528082191780825
95.553,14.0,HARD,7.0,MAG,Haas F1 Team,Saudi Arabian Grand Prix,2,31.59315068493151,25.528082191780825
95.746,15.0,HARD,8.0,MAG,Haas F1 Team,Saudi Arabian Grand Prix,2,31.59315068493151,25.528082191780825
96.1,16.0,HARD,9.0,MAG,Haas F1 Team,Saudi Arabian Grand Prix,2,31.59315068493151,25.528082191780825
96.621,17.0,HARD,10.0,MAG,Haas F1 Team,Saudi Arabian Grand Prix,2,31.59315068493151,25.528082191780825
95.266,18.0,HARD,11.0,MAG,Haas F1 Team,Saudi Arabian Grand Prix,2,31.59315068493151,25.528082191780825
95.22,19.0,HARD,12.0,MAG,Haas F1 Team,Saudi Arabian Grand Prix,2,31.59315068493151,25.528082191780825
95.012,20.0,HARD,13.0,MAG,Haas F1 Team,Saudi Arabian Grand Prix,2,31.59315068493151,25.528082191780825
94.923,21.0,HARD,14.0,MAG,Haas F1 Team,Saudi Arabian Grand Prix,2,31.59315068493151,25.528082191780825
95.804,22.0,HARD,15.0,MAG,Haas F1 Team,Saudi Arabian Grand Prix,2,31.59315068493151,25.528082191780825
96.198,23.0,HARD,16.0,MAG,Haas F1 Team,Saudi Arabian Grand Prix,2,31.59315068493151,25.528082191780825
96.072,24.0,HARD,17.0,MAG,Haas F1 Team,Saudi Arabian Grand Prix,2,31.59315068493151,25.528082191780825
96.555,25.0,HARD,18.0,MAG,Haas F1 Team,Saudi Arabian Grand Prix,2,31.59315068493151,25.528082191780825
96.26,26.0,HARD,19.0,MAG,Haas F1 Team,Saudi Arabian Grand Prix,2,31.59315068493151,25.528082191780825
96.222,27.0,HARD,20.0,MAG,Haas F1 Team,Saudi Arabian Grand Prix,2,31.59315068493151,25.528082191780825
96.099,28.0,HARD,21.0,MAG,Haas F1 Team,Saudi Arabian Grand Prix,2,31.59315068493151,25.528082191780825
95.797,29.0,HARD,22.0,MAG,Haas F1 Team,Saudi Arabian Grand Prix,2,31.59315068493151,25.528082191780825
95.843,30.0,HARD,23.0,MAG,Haas F1 Team,Saudi Arabian Grand Prix,2,31.59315068493151,25.528082191780825
96.061,31.0,HARD,24.0,MAG,Haas F1 Team,Saudi Arabian Grand Prix,2,31.59315068493151,25.528082191780825
95.783,32.0,HARD,25.0,MAG,Haas F1 Team,Saudi Arabian Grand Prix,2,31.59315068493151,25.528082191780825
95.7,33.0,HARD,26.0,MAG,Haas F1 Team,Saudi Arabian Grand Prix,2,31.59315068493151,25.528082191780825
94.174,34.0,HARD,27.0,MAG,Haas F1 Team,Saudi Arabian Grand Prix,2,31.59315068493151,25.528082191780825
93.923,35.0,HARD,28.0,MAG,Haas F1 Team,Saudi Arabian Grand Prix,2,31.59315068493151,25.528082191780825
93.76,36.0,HARD,29.0,MAG,Haas F1 Team,Saudi Arabian Grand Prix,2,31.59315068493151,25.528082191780825
93.516,37.0,HARD,30.0,MAG,Haas F1 Team,Saudi Arabian Grand Prix,2,31.59315068493151,25.528082191780825
93.429,38.0,HARD,31.0,MAG,Haas F1 Team,Saudi Arabian Grand Prix,2,31.59315068493151,25.528082191780825
93.203,39.0,HARD,32.0,MAG,Haas F1 Team,Saudi Arabian Grand Prix,2,31.59315068493151,25.528082191780825
92.93,40.0,HARD,33.0,MAG,Haas F1 Team,Saudi Arabian Grand Prix,2,31.59315068493151,25.528082191780825
92.855,41.0,HARD,34.0,MAG,Haas F1 Team,Saudi Arabian Grand Prix,2,31.59315068493151,25.528082191780825
92.715,42.0,HARD,35.0,MAG,Haas F1 Team,Saudi Arabian Grand Prix,2,31.59315068493151,25.528082191780825
92.902,43.0,HARD,36.0,MAG,Haas F1 Team,Saudi Arabian Grand Prix,2,31.59315068493151,25.528082191780825
92.644,44.0,HARD,37.0,MAG,Haas F1 Team,Saudi Arabian Grand Prix,2,31.59315068493151,25.528082191780825
92.638,45.0,HARD,38.0,MAG,Haas F1 Team,Saudi Arabian Grand Prix,2,31.59315068493151,25.528082191780825
92.812,46.0,HARD,39.0,MAG,Haas F1 Team,Saudi Arabian Grand Prix,2,31.59315068493151,25.528082191780825
92.338,47.0,HARD,40.0,MAG,Haas F1 Team,Saudi Arabian Grand Prix,2,31.59315068493151,25.528082191780825
93.474,48.0,HARD,41.0,MAG,Haas F1 Team,Saudi Arabian Grand Prix,2,31.59315068493151,25.528082191780825
93.437,49.0,HARD,42.0,MAG,Haas F1 Team,Saudi Arabian Grand Prix,2,31.59315068493151,25.528082191780825
94.603,50.0,HARD,43.0,MAG,Haas F1 Team,Saudi Arabian Grand Prix,2,31.59315068493151,25.528082191780825
95.703,3.0,MEDIUM,3.0,TSU,RB,Saudi Arabian Grand Prix,2,31.59315068493151,25.528082191780825
95.378,4.0,MEDIUM,4.0,TSU,RB,Saudi Arabian Grand Prix,2,31.59315068493151,25.528082191780825
95.589,5.0,MEDIUM,5.0,TSU,RB,Saudi Arabian Grand Prix,2,31.59315068493151,25.528082191780825
96.275,6.0,MEDIUM,6.0,TSU,RB,Saudi Arabian Grand Prix,2,31.59315068493151,25.528082191780825
99.222,10.0,HARD,3.0,TSU,RB,Saudi Arabian Grand Prix,2,31.59315068493151,25.528082191780825
95.738,11.0,HARD,4.0,TSU,RB,Saudi Arabian Grand Prix,2,31.59315068493151,25.528082191780825
95.263,12.0,HARD,5.0,TSU,RB,Saudi Arabian Grand Prix,2,31.59315068493151,25.528082191780825
95.325,13.0,HARD,6.0,TSU,RB,Saudi Arabian Grand Prix,2,31.59315068493151,25.528082191780825
95.575,14.0,HARD,7.0,TSU,RB,Saudi Arabian Grand Prix,2,31.59315068493151,25.528082191780825
95.952,15.0,HARD,8.0,TSU,RB,Saudi Arabian Grand Prix,2,31.59315068493151,25.528082191780825
95.995,16.0,HARD,9.0,TSU,RB,Saudi Arabian Grand Prix,2,31.59315068493151,25.528082191780825
97.603,17.0,HARD,10.0,TSU,RB,Saudi Arabian Grand Prix,2,31.59315068493151,25.528082191780825
95.367,18.0,HARD,11.0,TSU,RB,Saudi Arabian Grand Prix,2,31.59315068493151,25.528082191780825
95.146,19.0,HARD,12.0,TSU,RB,Saudi Arabian Grand Prix,2,31.59315068493151,25.528082191780825
95.06,20.0,HARD,13.0,TSU,RB,Saudi Arabian Grand Prix,2,31.59315068493151,25.528082191780825
94.71,21.0,HARD,14.0,TSU,RB,Saudi Arabian Grand Prix,2,31.59315068493151,25.528082191780825
95.698,22.0,HARD,15.0,TSU,RB,Saudi Arabian Grand Prix,2,31.59315068493151,25.528082191780825
96.285,23.0,HARD,16.0,TSU,RB,Saudi Arabian Grand Prix,2,31.59315068493151,25.528082191780825
95.882,24.0,HARD,17.0,TSU,RB,Saudi Arabian Grand Prix,2,31.59315068493151,25.528082191780825
96.548,25.0,HARD,18.0,TSU,RB,Saudi Arabian Grand Prix,2,31.59315068493151,25.528082191780825
96.662,26.0,HARD,19.0,TSU,RB,Saudi Arabian Grand Prix,2,31.59315068493151,25.528082191780825
96.093,27.0,HARD,20.0,TSU,RB,Saudi Arabian Grand Prix,2,31.59315068493151,25.528082191780825
95.668,28.0,HARD,21.0,TSU,RB,Saudi Arabian Grand Prix,2,31.59315068493151,25.528082191780825
96.731,29.0,HARD,22.0,TSU,RB,Saudi Arabian Grand Prix,2,31.59315068493151,25.528082191780825
96.041,30.0,HARD,23.0,TSU,RB,Saudi Arabian Grand Prix,2,31.59315068493151,25.528082191780825
95.939,31.0,HARD,24.0,TSU,RB,Saudi Arabian Grand Prix,2,31.59315068493151,25.528082191780825
95.694,32.0,HARD,25.0,TSU,RB,Saudi Arabian Grand Prix,2,31.59315068493151,25.528082191780825
96.118,33.0,HARD,26.0,TSU,RB,Saudi Arabian Grand Prix,2,31.59315068493151,25.528082191780825
94.768,34.0,HARD,27.0,TSU,RB,Saudi Arabian Grand Prix,2,31.59315068493151,25.528082191780825
94.781,35.0,HARD,28.0,TSU,RB,Saudi Arabian Grand Prix,2,31.59315068493151,25.528082191780825
94.358,36.0,HARD,29.0,TSU,RB,Saudi Arabian Grand Prix,2,31.59315068493151,25.528082191780825
94.233,37.0,HARD,30.0,TSU,RB,Saudi Arabian Grand Prix,2,31.59315068493151,25.528082191780825
93.961,38.0,HARD,31.0,TSU,RB,Saudi Arabian Grand Prix,2,31.59315068493151,25.528082191780825
93.894,39.0,HARD,32.0,TSU,RB,Saudi Arabian Grand Prix,2,31.59315068493151,25.528082191780825
93.601,40.0,HARD,33.0,TSU,RB,Saudi Arabian Grand Prix,2,31.59315068493151,25.528082191780825
93.731,41.0,HARD,34.0,TSU,RB,Saudi Arabian Grand Prix,2,31.59315068493151,25.528082191780825
93.623,42.0,HARD,35.0,TSU,RB,Saudi Arabian Grand Prix,2,31.59315068493151,25.528082191780825
93.767,43.0,HARD,36.0,TSU,RB,Saudi Arabian Grand Prix,2,31.59315068493151,25.528082191780825
93.523,44.0,HARD,37.0,TSU,RB,Saudi Arabian Grand Prix,2,31.59315068493151,25.528082191780825
93.644,45.0,HARD,38.0,TSU,RB,Saudi Arabian Grand Prix,2,31.59315068493151,25.528082191780825
94.961,46.0,HARD,39.0,TSU,RB,Saudi Arabian Grand Prix,2,31.59315068493151,25.528082191780825
93.525,47.0,HARD,40.0,TSU,RB,Saudi Arabian Grand Prix,2,31.59315068493151,25.528082191780825
93.84,48.0,HARD,41.0,TSU,RB,Saudi Arabian Grand Prix,2,31.59315068493151,25.528082191780825
93.56,49.0,HARD,42.0,TSU,RB,Saudi Arabian Grand Prix,2,31.59315068493151,25.528082191780825
95.986,3.0,MEDIUM,3.0,ALB,Williams,Saudi Arabian Grand Prix,2,31.59315068493151,25.528082191780825
95.553,4.0,MEDIUM,4.0,ALB,Williams,Saudi Arabian Grand Prix,2,31.59315068493151,25.528082191780825
95.59,5.0,MEDIUM,5.0,ALB,Williams,Saudi Arabian Grand Prix,2,31.59315068493151,25.528082191780825
95.977,6.0,MEDIUM,6.0,ALB,Williams,Saudi Arabian Grand Prix,2,31.59315068493151,25.528082191780825
100.318,10.0,HARD,3.0,ALB,Williams,Saudi Arabian Grand Prix,2,31.59315068493151,25.528082191780825
96.232,11.0,HARD,4.0,ALB,Williams,Saudi Arabian Grand Prix,2,31.59315068493151,25.528082191780825
95.441,12.0,HARD,5.0,ALB,Williams,Saudi Arabian Grand Prix,2,31.59315068493151,25.528082191780825
95.213,13.0,HARD,6.0,ALB,Williams,Saudi Arabian Grand Prix,2,31.59315068493151,25.528082191780825
95.181,14.0,HARD,7.0,ALB,Williams,Saudi Arabian Grand Prix,2,31.59315068493151,25.528082191780825
95.533,15.0,HARD,8.0,ALB,Williams,Saudi Arabian Grand Prix,2,31.59315068493151,25.528082191780825
96.47,16.0,HARD,9.0,ALB,Williams,Saudi Arabian Grand Prix,2,31.59315068493151,25.528082191780825
97.029,17.0,HARD,10.0,ALB,Williams,Saudi Arabian Grand Prix,2,31.59315068493151,25.528082191780825
95.608,18.0,HARD,11.0,ALB,Williams,Saudi Arabian Grand Prix,2,31.59315068493151,25.528082191780825
95.064,19.0,HARD,12.0,ALB,Williams,Saudi Arabian Grand Prix,2,31.59315068493151,25.528082191780825
95.278,20.0,HARD,13.0,ALB,Williams,Saudi Arabian Grand Prix,2,31.59315068493151,25.528082191780825
94.82,21.0,HARD,14.0,ALB,Williams,Saudi Arabian Grand Prix,2,31.59315068493151,25.528082191780825
96.016,22.0,HARD,15.0,ALB,Williams,Saudi Arabian Grand Prix,2,31.59315068493151,25.528082191780825
95.363,23.0,HARD,16.0,ALB,Williams,Saudi Arabian Grand Prix,2,31.59315068493151,25.528082191780825
95.967,24.0,HARD,17.0,ALB,Williams,Saudi Arabian Grand Prix,2,31.59315068493151,25.528082191780825
96.124,25.0,HARD,18.0,ALB,Williams,Saudi Arabian Grand Prix,2,31.59315068493151,25.528082191780825
96.633,26.0,HARD,19.0,ALB,Williams,Saudi Arabian Grand Prix,2,31.59315068493151,25.528082191780825
96.127,27.0,HARD,20.0,ALB,Williams,Saudi Arabian Grand Prix,2,31.59315068493151,25.528082191780825
96.166,28.0,HARD,21.0,ALB,Williams,Saudi Arabian Grand Prix,2,31.59315068493151,25.528082191780825
95.687,29.0,HARD,22.0,ALB,Williams,Saudi Arabian Grand Prix,2,31.59315068493151,25.528082191780825
96.135,30.0,HARD,23.0,ALB,Williams,Saudi Arabian Grand Prix,2,31.59315068493151,25.528082191780825
95.84,31.0,HARD,24.0,ALB,Williams,Saudi Arabian Grand Prix,2,31.59315068493151,25.528082191780825
95.621,32.0,HARD,25.0,ALB,Williams,Saudi Arabian Grand Prix,2,31.59315068493151,25.528082191780825
95.221,33.0,HARD,26.0,ALB,Williams,Saudi Arabian Grand Prix,2,31.59315068493151,25.528082191780825
94.524,34.0,HARD,27.0,ALB,Williams,Saudi Arabian Grand Prix,2,31.59315068493151,25.528082191780825
95.05,35.0,HARD,28.0,ALB,Williams,Saudi Arabian Grand Prix,2,31.59315068493151,25.528082191780825
93.987,36.0,HARD,29.0,ALB,Williams,Saudi Arabian Grand Prix,2,31.59315068493151,25.528082191780825
93.939,37.0,HARD,30.0,ALB,Williams,Saudi Arabian Grand Prix,2,31.59315068493151,25.528082191780825
93.673,38.0,HARD,31.0,ALB,Williams,Saudi Arabian Grand Prix,2,31.59315068493151,25.528082191780825
93.504,39.0,HARD,32.0,ALB,Williams,Saudi Arabian Grand Prix,2,31.59315068493151,25.528082191780825
93.424,40.0,HARD,33.0,ALB,Williams,Saudi Arabian Grand Prix,2,31.59315068493151,25.528082191780825
93.75,41.0,HARD,34.0,ALB,Williams,Saudi Arabian Grand Prix,2,31.59315068493151,25.528082191780825
92.85,42.0,HARD,35.0,ALB,Williams,Saudi Arabian Grand Prix,2,31.59315068493151,25.528082191780825
92.994,43.0,HARD,36.0,ALB,Williams,Saudi Arabian Grand Prix,2,31.59315068493151,25.528082191780825
92.997,44.0,HARD,37.0,ALB,Williams,Saudi Arabian Grand Prix,2,31.59315068493151,25.528082191780825
92.564,45.0,HARD,38.0,ALB,Williams,Saudi Arabian Grand Prix,2,31.59315068493151,25.528082191780825
92.54,46.0,HARD,39.0,ALB,Williams,Saudi Arabian Grand Prix,2,31.59315068493151,25.528082191780825
93.858,47.0,HARD,40.0,ALB,Williams,Saudi Arabian Grand Prix,2,31.59315068493151,25.528082191780825
92.711,48.0,HARD,41.0,ALB,Williams,Saudi Arabian Grand Prix,2,31.59315068493151,25.528082191780825
92.56,49.0,HARD,42.0,ALB,Williams,Saudi Arabian Grand Prix,2,31.59315068493151,25.528082191780825
92.307,50.0,HARD,43.0,ALB,Williams,Saudi Arabian Grand Prix,2,31.59315068493151,25.528082191780825
97.232,3.0,MEDIUM,3.0,ZHO,Kick Sauber,Saudi Arabian Grand Prix,2,31.59315068493151,25.528082191780825
96.526,4.0,MEDIUM,4.0,ZHO,Kick Sauber,Saudi Arabian Grand Prix,2,31.59315068493151,25.528082191780825
96.238,5.0,MEDIUM,5.0,ZHO,Kick Sauber,Saudi Arabian Grand Prix,2,31.59315068493151,25.528082191780825
97.072,6.0,MEDIUM,6.0,ZHO,Kick Sauber,Saudi Arabian Grand Prix,2,31.59315068493151,25.528082191780825
98.417,10.0,MEDIUM,10.0,ZHO,Kick Sauber,Saudi Arabian Grand Prix,2,31.59315068493151,25.528082191780825
95.695,11.0,MEDIUM,11.0,ZHO,Kick Sauber,Saudi Arabian Grand Prix,2,31.59315068493151,25.528082191780825
94.998,12.0,MEDIUM,12.0,ZHO,Kick Sauber,Saudi Arabian Grand Prix,2,31.59315068493151,25.528082191780825
95.355,13.0,MEDIUM,13.0,ZHO,Kick Sauber,Saudi Arabian Grand Prix,2,31.59315068493151,25.528082191780825
96.658,14.0,MEDIUM,14.0,ZHO,Kick Sauber,Saudi Arabian Grand Prix,2,31.59315068493151,25.528082191780825
96.053,15.0,MEDIUM,15.0,ZHO,Kick Sauber,Saudi Arabian Grand Prix,2,31.59315068493151,25.528082191780825
96.065,16.0,MEDIUM,16.0,ZHO,Kick Sauber,Saudi Arabian Grand Prix,2,31.59315068493151,25.528082191780825
95.882,17.0,MEDIUM,17.0,ZHO,Kick Sauber,Saudi Arabian Grand Prix,2,31.59315068493151,25.528082191780825
95.466,18.0,MEDIUM,18.0,ZHO,Kick Sauber,Saudi Arabian Grand Prix,2,31.59315068493151,25.528082191780825
95.407,19.0,MEDIUM,19.0,ZHO,Kick Sauber,Saudi Arabian Grand Prix,2,31.59315068493151,25.528082191780825
95.087,20.0,MEDIUM,20.0,ZHO,Kick Sauber,Saudi Arabian Grand Prix,2,31.59315068493151,25.528082191780825
95.399,21.0,MEDIUM,21.0,ZHO,Kick Sauber,Saudi Arabian Grand Prix,2,31.59315068493151,25.528082191780825
95.158,22.0,MEDIUM,22.0,ZHO,Kick Sauber,Saudi Arabian Grand Prix,2,31.59315068493151,25.528082191780825
95.296,23.0,MEDIUM,23.0,ZHO,Kick Sauber,Saudi Arabian Grand Prix,2,31.59315068493151,25.528082191780825
95.145,24.0,MEDIUM,24.0,ZHO,Kick Sauber,Saudi Arabian Grand Prix,2,31.59315068493151,25.528082191780825
95.145,25.0,MEDIUM,25.0,ZHO,Kick Sauber,Saudi Arabian Grand Prix,2,31.59315068493151,25.528082191780825
95.036,26.0,MEDIUM,26.0,ZHO,Kick Sauber,Saudi Arabian Grand Prix,2,31.59315068493151,25.528082191780825
95.002,27.0,MEDIUM,27.0,ZHO,Kick Sauber,Saudi Arabian Grand Prix,2,31.59315068493151,25.528082191780825
94.879,28.0,MEDIUM,28.0,ZHO,Kick Sauber,Saudi Arabian Grand Prix,2,31.59315068493151,25.528082191780825
94.99,29.0,MEDIUM,29.0,ZHO,Kick Sauber,Saudi Arabian Grand Prix,2,31.59315068493151,25.528082191780825
94.885,30.0,MEDIUM,30.0,ZHO,Kick Sauber,Saudi Arabian Grand Prix,2,31.59315068493151,25.528082191780825
94.8,31.0,MEDIUM,31.0,ZHO,Kick Sauber,Saudi Arabian Grand Prix,2,31.59315068493151,25.528082191780825
94.631,32.0,MEDIUM,32.0,ZHO,Kick Sauber,Saudi Arabian Grand Prix,2,31.59315068493151,25.528082191780825
94.679,33.0,MEDIUM,33.0,ZHO,Kick Sauber,Saudi Arabian Grand Prix,2,31.59315068493151,25.528082191780825
94.65,34.0,MEDIUM,34.0,ZHO,Kick Sauber,Saudi Arabian Grand Prix,2,31.59315068493151,25.528082191780825
94.405,35.0,MEDIUM,35.0,ZHO,Kick Sauber,Saudi Arabian Grand Prix,2,31.59315068493151,25.528082191780825
94.282,36.0,MEDIUM,36.0,ZHO,Kick Sauber,Saudi Arabian Grand Prix,2,31.59315068493151,25.528082191780825
94.132,37.0,MEDIUM,37.0,ZHO,Kick Sauber,Saudi Arabian Grand Prix,2,31.59315068493151,25.528082191780825
93.914,38.0,MEDIUM,38.0,ZHO,Kick Sauber,Saudi Arabian Grand Prix,2,31.59315068493151,25.528082191780825
93.915,39.0,MEDIUM,39.0,ZHO,Kick Sauber,Saudi Arabian Grand Prix,2,31.59315068493151,25.528082191780825
93.736,40.0,MEDIUM,40.0,ZHO,Kick Sauber,Saudi Arabian Grand Prix,2,31.59315068493151,25.528082191780825
96.379,41.0,MEDIUM,41.0,ZHO,Kick Sauber,Saudi Arabian Grand Prix,2,31.59315068493151,25.528082191780825
93.047,43.0,SOFT,2.0,ZHO,Kick Sauber,Saudi Arabian Grand Prix,2,31.59315068493151,25.528082191780825
92.77,44.0,SOFT,3.0,ZHO,Kick Sauber,Saudi Arabian Grand Prix,2,31.59315068493151,25.528082191780825
92.857,45.0,SOFT,4.0,ZHO,Kick Sauber,Saudi Arabian Grand Prix,2,31.59315068493151,25.528082191780825
92.874,46.0,SOFT,5.0,ZHO,Kick Sauber,Saudi Arabian Grand Prix,2,31.59315068493151,25.528082191780825
93.207,47.0,SOFT,6.0,ZHO,Kick Sauber,Saudi Arabian Grand Prix,2,31.59315068493151,25.528082191780825
92.761,48.0,SOFT,7.0,ZHO,Kick Sauber,Saudi Arabian Grand Prix,2,31.59315068493151,25.528082191780825
92.208,49.0,SOFT,8.0,ZHO,Kick Sauber,Saudi Arabian Grand Prix,2,31.59315068493151,25.528082191780825
96.382,3.0,MEDIUM,3.0,HUL,Haas F1 Team,Saudi Arabian Grand Prix,2,31.59315068493151,25.528082191780825
96.231,4.0,MEDIUM,4.0,HUL,Haas F1 Team,Saudi Arabian Grand Prix,2,31.59315068493151,25.528082191780825
95.723,5.0,MEDIUM,5.0,HUL,Haas F1 Team,Saudi Arabian Grand Prix,2,31.59315068493151,25.528082191780825
96.398,6.0,MEDIUM,6.0,HUL,Haas F1 Team,Saudi Arabian Grand Prix,2,31.59315068493151,25.528082191780825
129.724,7.0,MEDIUM,7.0,HUL,Haas F1 Team,Saudi Arabian Grand Prix,2,31.59315068493151,25.528082191780825
97.796,10.0,MEDIUM,10.0,HUL,Haas F1 Team,Saudi Arabian Grand Prix,2,31.59315068493151,25.528082191780825
94.864,11.0,MEDIUM,11.0,HUL,Haas F1 Team,Saudi Arabian Grand Prix,2,31.59315068493151,25.528082191780825
94.605,12.0,MEDIUM,12.0,HUL,Haas F1 Team,Saudi Arabian Grand Prix,2,31.59315068493151,25.528082191780825
95.367,13.0,MEDIUM,13.0,HUL,Haas F1 Team,Saudi Arabian Grand Prix,2,31.59315068493151,25.528082191780825
96.481,14.0,MEDIUM,14.0,HUL,Haas F1 Team,Saudi Arabian Grand Prix,2,31.59315068493151,25.528082191780825
95.495,15.0,MEDIUM,15.0,HUL,Haas F1 Team,Saudi Arabian Grand Prix,2,31.59315068493151,25.528082191780825
95.153,16.0,MEDIUM,16.0,HUL,Haas F1 Team,Saudi Arabian Grand Prix,2,31.59315068493151,25.528082191780825
95.205,17.0,MEDIUM,17.0,HUL,Haas F1 Team,Saudi Arabian Grand Prix,2,31.59315068493151,25.528082191780825
95.687,18.0,MEDIUM,18.0,HUL,Haas F1 Team,Saudi Arabian Grand Prix,2,31.59315068493151,25.528082191780825
95.174,19.0,MEDIUM,19.0,HUL,Haas F1 Team,Saudi Arabian Grand Prix,2,31.59315068493151,25.528082191780825
95.067,20.0,MEDIUM,20.0,HUL,Haas F1 Team,Saudi Arabian Grand Prix,2,31.59315068493151,25.528082191780825
96.369,21.0,MEDIUM,21.0,HUL,Haas F1 Team,Saudi Arabian Grand Prix,2,31.59315068493151,25.528082191780825
95.358,22.0,MEDIUM,22.0,HUL,Haas F1 Team,Saudi Arabian Grand Prix,2,31.59315068493151,25.528082191780825
94.816,23.0,MEDIUM,23.0,HUL,Haas F1 Team,Saudi Arabian Grand Prix,2,31.59315068493151,25.528082191780825
94.843,24.0,MEDIUM,24.0,HUL,Haas F1 Team,Saudi Arabian Grand Prix,2,31.59315068493151,25.528082191780825
94.725,25.0,MEDIUM,25.0,HUL,Haas F1 Team,Saudi Arabian Grand Prix,2,31.59315068493151,25.528082191780825
94.694,26.0,MEDIUM,26.0,HUL,Haas F1 Team,Saudi Arabian Grand Prix,2,31.59315068493151,25.528082191780825
94.704,27.0,MEDIUM,27.0,HUL,Haas F1 Team,Saudi Arabian Grand Prix,2,31.59315068493151,25.528082191780825
94.482,28.0,MEDIUM,28.0,HUL,Haas F1 Team,Saudi Arabian Grand Prix,2,31.59315068493151,25.528082191780825
94.235,29.0,MEDIUM,29.0,HUL,Haas F1 Team,Saudi Arabian Grand Prix,2,31.59315068493151,25.528082191780825
94.307,30.0,MEDIUM,30.0,HUL,Haas F1 Team,Saudi Arabian Grand Prix,2,31.59315068493151,25.528082191780825
94.182,31.0,MEDIUM,31.0,HUL,Haas F1 Team,Saudi Arabian Grand Prix,2,31.59315068493151,25.528082191780825
93.999,32.0,MEDIUM,32.0,HUL,Haas F1 Team,Saudi Arabian Grand Prix,2,31.59315068493151,25.528082191780825
96.601,33.0,MEDIUM,33.0,HUL,Haas F1 Team,Saudi Arabian Grand Prix,2,31.59315068493151,25.528082191780825
111.863,34.0,HARD,1.0,HUL,Haas F1 Team,Saudi Arabian Grand Prix,2,31.59315068493151,25.528082191780825
93.106,35.0,HARD,2.0,HUL,Haas F1 Team,Saudi Arabian Grand Prix,2,31.59315068493151,25.528082191780825
93.015,36.0,HARD,3.0,HUL,Haas F1 Team,Saudi Arabian Grand Prix,2,31.59315068493151,25.528082191780825
93.248,37.0,HARD,4.0,HUL,Haas F1 Team,Saudi Arabian Grand Prix,2,31.59315068493151,25.528082191780825
93.153,38.0,HARD,5.0,HUL,Haas F1 Team,Saudi Arabian Grand Prix,2,31.59315068493151,25.528082191780825
93.045,39.0,HARD,6.0,HUL,Haas F1 Team,Saudi Arabian Grand Prix,2,31.59315068493151,25.528082191780825
92.932,40.0,HARD,7.0,HUL,Haas F1 Team,Saudi Arabian Grand Prix,2,31.59315068493151,25.528082191780825
92.84,41.0,HARD,8.0,HUL,Haas F1 Team,Saudi Arabian Grand Prix,2,31.59315068493151,25.528082191780825
92.592,42.0,HARD,9.0,HUL,Haas F1 Team,Saudi Arabian Grand Prix,2,31.59315068493151,25.528082191780825
92.752,43.0,HARD,10.0,HUL,Haas F1 Team,Saudi Arabian Grand Prix,2,31.59315068493151,25.528082191780825
92.636,44.0,HARD,11.0,HUL,Haas F1 Team,Saudi Arabian Grand Prix,2,31.59315068493151,25.528082191780825
92.493,45.0,HARD,12.0,HUL,Haas F1 Team,Saudi Arabian Grand Prix,2,31.59315068493151,25.528082191780825
92.43,46.0,HARD,13.0,HUL,Haas F1 Team,Saudi Arabian Grand Prix,2,31.59315068493151,25.528082191780825
92.379,47.0,HARD,14.0,HUL,Haas F1 Team,Saudi Arabian Grand Prix,2,31.59315068493151,25.528082191780825
92.52,48.0,HARD,15.0,HUL,Haas F1 Team,Saudi Arabian Grand Prix,2,31.59315068493151,25.528082191780825
92.366,49.0,HARD,16.0,HUL,Haas F1 Team,Saudi Arabian Grand Prix,2,31.59315068493151,25.528082191780825
93.081,50.0,HARD,17.0,HUL,Haas F1 Team,Saudi Arabian Grand Prix,2,31.59315068493151,25.528082191780825
96.766,3.0,MEDIUM,3.0,RIC,RB,Saudi Arabian Grand Prix,2,31.59315068493151,25.528082191780825
96.271,4.0,MEDIUM,4.0,RIC,RB,Saudi Arabian Grand Prix,2,31.59315068493151,25.528082191780825
95.699,5.0,MEDIUM,5.0,RIC,RB,Saudi Arabian Grand Prix,2,31.59315068493151,25.528082191780825
95.847,6.0,MEDIUM,6.0,RIC,RB,Saudi Arabian Grand Prix,2,31.59315068493151,25.528082191780825
129.998,9.0,HARD,2.0,RIC,RB,Saudi Arabian Grand Prix,2,31.59315068493151,25.528082191780825
99.99,10.0,HARD,3.0,RIC,RB,Saudi Arabian Grand Prix,2,31.59315068493151,25.528082191780825
96.819,11.0,HARD,4.0,RIC,RB,Saudi Arabian Grand Prix,2,31.59315068493151,25.528082191780825
96.095,12.0,HARD,5.0,RIC,RB,Saudi Arabian Grand Prix,2,31.59315068493151,25.528082191780825
96.337,13.0,HARD,6.0,RIC,RB,Saudi Arabian Grand Prix,2,31.59315068493151,25.528082191780825
95.606,14.0,HARD,7.0,RIC,RB,Saudi Arabian Grand Prix,2,31.59315068493151,25.528082191780825
95.466,15.0,HARD,8.0,RIC,RB,Saudi Arabian Grand Prix,2,31.59315068493151,25.528082191780825
95.805,16.0,HARD,9.0,RIC,RB,Saudi Arabian Grand Prix,2,31.59315068493151,25.528082191780825
96.267,17.0,HARD,10.0,RIC,RB,Saudi Arabian Grand Prix,2,31.59315068493151,25.528082191780825
96.093,18.0,HARD,11.0,RIC,RB,Saudi Arabian Grand Prix,2,31.59315068493151,25.528082191780825
95.853,19.0,HARD,12.0,RIC,RB,Saudi Arabian Grand Prix,2,31.59315068493151,25.528082191780825
96.073,20.0,HARD,13.0,RIC,RB,Saudi Arabian Grand Prix,2,31.59315068493151,25.528082191780825
96.779,21.0,HARD,14.0,RIC,RB,Saudi Arabian Grand Prix,2,31.59315068493151,25.528082191780825
96.433,22.0,HARD,15.0,RIC,RB,Saudi Arabian Grand Prix,2,31.59315068493151,25.528082191780825
95.855,23.0,HARD,16.0,RIC,RB,Saudi Arabian Grand Prix,2,31.59315068493151,25.528082191780825
94.935,24.0,HARD,17.0,RIC,RB,Saudi Arabian Grand Prix,2,31.59315068493151,25.528082191780825
94.739,25.0,HARD,18.0,RIC,RB,Saudi Arabian Grand Prix,2,31.59315068493151,25.528082191780825
94.973,26.0,HARD,19.0,RIC,RB,Saudi Arabian Grand Prix,2,31.59315068493151,25.528082191780825
95.648,27.0,HARD,20.0,RIC,RB,Saudi Arabian Grand Prix,2,31.59315068493151,25.528082191780825
95.285,28.0,HARD,21.0,RIC,RB,Saudi Arabian Grand Prix,2,31.59315068493151,25.528082191780825
95.649,29.0,HARD,22.0,RIC,RB,Saudi Arabian Grand Prix,2,31.59315068493151,25.528082191780825
95.608,30.0,HARD,23.0,RIC,RB,Saudi Arabian Grand Prix,2,31.59315068493151,25.528082191780825
95.433,31.0,HARD,24.0,RIC,RB,Saudi Arabian Grand Prix,2,31.59315068493151,25.528082191780825
95.804,32.0,HARD,25.0,RIC,RB,Saudi Arabian Grand Prix,2,31.59315068493151,25.528082191780825
95.753,33.0,HARD,26.0,RIC,RB,Saudi Arabian Grand Prix,2,31.59315068493151,25.528082191780825
95.25,34.0,HARD,27.0,RIC,RB,Saudi Arabian Grand Prix,2,31.59315068493151,25.528082191780825
94.658,35.0,HARD,28.0,RIC,RB,Saudi Arabian Grand Prix,2,31.59315068493151,25.528082191780825
94.92,36.0,HARD,29.0,RIC,RB,Saudi Arabian Grand Prix,2,31.59315068493151,25.528082191780825
94.125,37.0,HARD,30.0,RIC,RB,Saudi Arabian Grand Prix,2,31.59315068493151,25.528082191780825
93.821,38.0,HARD,31.0,RIC,RB,Saudi Arabian Grand Prix,2,31.59315068493151,25.528082191780825
93.974,39.0,HARD,32.0,RIC,RB,Saudi Arabian Grand Prix,2,31.59315068493151,25.528082191780825
93.494,40.0,HARD,33.0,RIC,RB,Saudi Arabian Grand Prix,2,31.59315068493151,25.528082191780825
94.574,41.0,HARD,34.0,RIC,RB,Saudi Arabian Grand Prix,2,31.59315068493151,25.528082191780825
95.812,42.0,HARD,35.0,RIC,RB,Saudi Arabian Grand Prix,2,31.59315068493151,25.528082191780825
93.705,43.0,HARD,36.0,RIC,RB,Saudi Arabian Grand Prix,2,31.59315068493151,25.528082191780825
93.436,44.0,HARD,37.0,RIC,RB,Saudi Arabian Grand Prix,2,31.59315068493151,25.528082191780825
93.75,45.0,HARD,38.0,RIC,RB,Saudi Arabian Grand Prix,2,31.59315068493151,25.528082191780825
93.4,46.0,HARD,39.0,RIC,RB,Saudi Arabian Grand Prix,2,31.59315068493151,25.528082191780825
93.323,47.0,HARD,40.0,RIC,RB,Saudi Arabian Grand Prix,2,31.59315068493151,25.528082191780825
103.781,48.0,HARD,41.0,RIC,RB,Saudi Arabian Grand Prix,2,31.59315068493151,25.528082191780825
95.536,49.0,HARD,42.0,RIC,RB,Saudi Arabian Grand Prix,2,31.59315068493151,25.528082191780825
96.92,3.0,MEDIUM,3.0,OCO,Alpine,Saudi Arabian Grand Prix,2,31.59315068493151,25.528082191780825
96.261,4.0,MEDIUM,4.0,OCO,Alpine,Saudi Arabian Grand Prix,2,31.59315068493151,25.528082191780825
96.003,5.0,MEDIUM,5.0,OCO,Alpine,Saudi Arabian Grand Prix,2,31.59315068493151,25.528082191780825
96.798,6.0,MEDIUM,6.0,OCO,Alpine,Saudi Arabian Grand Prix,2,31.59315068493151,25.528082191780825
99.439,10.0,HARD,3.0,OCO,Alpine,Saudi Arabian Grand Prix,2,31.59315068493151,25.528082191780825
95.969,11.0,HARD,4.0,OCO,Alpine,Saudi Arabian Grand Prix,2,31.59315068493151,25.528082191780825
95.4,12.0,HARD,5.0,OCO,Alpine,Saudi Arabian Grand Prix,2,31.59315068493151,25.528082191780825
95.107,13.0,HARD,6.0,OCO,Alpine,Saudi Arabian Grand Prix,2,31.59315068493151,25.528082191780825
95.432,14.0,HARD,7.0,OCO,Alpine,Saudi Arabian Grand Prix,2,31.59315068493151,25.528082191780825
95.717,15.0,HARD,8.0,OCO,Alpine,Saudi Arabian Grand Prix,2,31.59315068493151,25.528082191780825
96.245,16.0,HARD,9.0,OCO,Alpine,Saudi Arabian Grand Prix,2,31.59315068493151,25.528082191780825
97.264,17.0,HARD,10.0,OCO,Alpine,Saudi Arabian Grand Prix,2,31.59315068493151,25.528082191780825
95.436,18.0,HARD,11.0,OCO,Alpine,Saudi Arabian Grand Prix,2,31.59315068493151,25.528082191780825
95.152,19.0,HARD,12.0,OCO,Alpine,Saudi Arabian Grand Prix,2,31.59315068493151,25.528082191780825
95.02,20.0,HARD,13.0,OCO,Alpine,Saudi Arabian Grand Prix,2,31.59315068493151,25.528082191780825
94.925,21.0,HARD,14.0,OCO,Alpine,Saudi Arabian Grand Prix,2,31.59315068493151,25.528082191780825
95.218,22.0,HARD,15.0,OCO,Alpine,Saudi Arabian Grand Prix,2,31.59315068493151,25.528082191780825
96.216,23.0,HARD,16.0,OCO,Alpine,Saudi Arabian Grand Prix,2,31.59315068493151,25.528082191780825
96.124,24.0,HARD,17.0,OCO,Alpine,Saudi Arabian Grand Prix,2,31.59315068493151,25.528082191780825
96.373,25.0,HARD,18.0,OCO,Alpine,Saudi Arabian Grand Prix,2,31.59315068493151,25.528082191780825
96.331,26.0,HARD,19.0,OCO,Alpine,Saudi Arabian Grand Prix,2,31.59315068493151,25.528082191780825
96.399,27.0,HARD,20.0,OCO,Alpine,Saudi Arabian Grand Prix,2,31.59315068493151,25.528082191780825
95.884,28.0,HARD,21.0,OCO,Alpine,Saudi Arabian Grand Prix,2,31.59315068493151,25.528082191780825
95.305,29.0,HARD,22.0,OCO,Alpine,Saudi Arabian Grand Prix,2,31.59315068493151,25.528082191780825
96.117,30.0,HARD,23.0,OCO,Alpine,Saudi Arabian Grand Prix,2,31.59315068493151,25.528082191780825
95.912,31.0,HARD,24.0,OCO,Alpine,Saudi Arabian Grand Prix,2,31.59315068493151,25.528082191780825
95.709,32.0,HARD,25.0,OCO,Alpine,Saudi Arabian Grand Prix,2,31.59315068493151,25.528082191780825
95.753,33.0,HARD,26.0,OCO,Alpine,Saudi Arabian Grand Prix,2,31.59315068493151,25.528082191780825
94.087,34.0,HARD,27.0,OCO,Alpine,Saudi Arabian Grand Prix,2,31.59315068493151,25.528082191780825
94.061,35.0,HARD,28.0,OCO,Alpine,Saudi Arabian Grand Prix,2,31.59315068493151,25.528082191780825
93.799,36.0,HARD,29.0,OCO,Alpine,Saudi Arabian Grand Prix,2,31.59315068493151,25.528082191780825
93.81,37.0,HARD,30.0,OCO,Alpine,Saudi Arabian Grand Prix,2,31.59315068493151,25.528082191780825
93.845,38.0,HARD,31.0,OCO,Alpine,Saudi Arabian Grand Prix,2,31.59315068493151,25.528082191780825
94.047,39.0,HARD,32.0,OCO,Alpine,Saudi Arabian Grand Prix,2,31.59315068493151,25.528082191780825
93.716,40.0,HARD,33.0,OCO,Alpine,Saudi Arabian Grand Prix,2,31.59315068493151,25.528082191780825
93.711,41.0,HARD,34.0,OCO,Alpine,Saudi Arabian Grand Prix,2,31.59315068493151,25.528082191780825
93.633,42.0,HARD,35.0,OCO,Alpine,Saudi Arabian Grand Prix,2,31.59315068493151,25.528082191780825
94.59,43.0,HARD,36.0,OCO,Alpine,Saudi Arabian Grand Prix,2,31.59315068493151,25.528082191780825
93.871,44.0,HARD,37.0,OCO,Alpine,Saudi Arabian Grand Prix,2,31.59315068493151,25.528082191780825
93.643,45.0,HARD,38.0,OCO,Alpine,Saudi Arabian Grand Prix,2,31.59315068493151,25.528082191780825
93.757,46.0,HARD,39.0,OCO,Alpine,Saudi Arabian Grand Prix,2,31.59315068493151,25.528082191780825
95.294,47.0,HARD,40.0,OCO,Alpine,Saudi Arabian Grand Prix,2,31.59315068493151,25.528082191780825
93.481,48.0,HARD,41.0,OCO,Alpine,Saudi Arabian Grand Prix,2,31.59315068493151,25.528082191780825
93.813,49.0,HARD,42.0,OCO,Alpine,Saudi Arabian Grand Prix,2,31.59315068493151,25.528082191780825
95.515,3.0,SOFT,3.0,BEA,Ferrari,Saudi Arabian Grand Prix,2,31.59315068493151,25.528082191780825
95.645,4.0,SOFT,4.0,BEA,Ferrari,Saudi Arabian Grand Prix,2,31.59315068493151,25.528082191780825
95.593,5.0,SOFT,5.0,BEA,Ferrari,Saudi Arabian Grand Prix,2,31.59315068493151,25.528082191780825
96.122,6.0,SOFT,6.0,BEA,Ferrari,Saudi Arabian Grand Prix,2,31.59315068493151,25.528082191780825
98.427,10.0,HARD,3.0,BEA,Ferrari,Saudi Arabian Grand Prix,2,31.59315068493151,25.528082191780825
95.645,11.0,HARD,4.0,BEA,Ferrari,Saudi Arabian Grand Prix,2,31.59315068493151,25.528082191780825
94.907,12.0,HARD,5.0,BEA,Ferrari,Saudi Arabian Grand Prix,2,31.59315068493151,25.528082191780825
95.153,13.0,HARD,6.0,BEA,Ferrari,Saudi Arabian Grand Prix,2,31.59315068493151,25.528082191780825
95.479,14.0,HARD,7.0,BEA,Ferrari,Saudi Arabian Grand Prix,2,31.59315068493151,25.528082191780825
95.118,15.0,HARD,8.0,BEA,Ferrari,Saudi Arabian Grand Prix,2,31.59315068493151,25.528082191780825
94.715,16.0,HARD,9.0,BEA,Ferrari,Saudi Arabian Grand Prix,2,31.59315068493151,25.528082191780825
94.681,17.0,HARD,10.0,BEA,Ferrari,Saudi Arabian Grand Prix,2,31.59315068493151,25.528082191780825
95.27,18.0,HARD,11.0,BEA,Ferrari,Saudi Arabian Grand Prix,2,31.59315068493151,25.528082191780825
95.616,19.0,HARD,12.0,BEA,Ferrari,Saudi Arabian Grand Prix,2,31.59315068493151,25.528082191780825
94.828,20.0,HARD,13.0,BEA,Ferrari,Saudi Arabian Grand Prix,2,31.59315068493151,25.528082191780825
94.368,21.0,HARD,14.0,BEA,Ferrari,Saudi Arabian Grand Prix,2,31.59315068493151,25.528082191780825
94.559,22.0,HARD,15.0,BEA,Ferrari,Saudi Arabian Grand Prix,2,31.59315068493151,25.528082191780825
94.128,23.0,HARD,16.0,BEA,Ferrari,Saudi Arabian Grand Prix,2,31.59315068493151,25.528082191780825
93.966,24.0,HARD,17.0,BEA,Ferrari,Saudi Arabian Grand Prix,2,31.59315068493151,25.528082191780825
93.924,25.0,HARD,18.0,BEA,Ferrari,Saudi Arabian Grand Prix,2,31.59315068493151,25.528082191780825
93.788,26.0,HARD,19.0,BEA,Ferrari,Saudi Arabian Grand Prix,2,31.59315068493151,25.528082191780825
93.808,27.0,HARD,20.0,BEA,Ferrari,Saudi Arabian Grand Prix,2,31.59315068493151,25.528082191780825
93.639,28.0,HARD,21.0,BEA,Ferrari,Saudi Arabian Grand Prix,2,31.59315068493151,25.528082191780825
93.379,29.0,HARD,22.0,BEA,Ferrari,Saudi Arabian Grand Prix,2,31.59315068493151,25.528082191780825
93.771,30.0,HARD,23.0,BEA,Ferrari,Saudi Arabian Grand Prix,2,31.59315068493151,25.528082191780825
93.446,31.0,HARD,24.0,BEA,Ferrari,Saudi Arabian Grand Prix,2,31.59315068493151,25.528082191780825
93.086,32.0,HARD,25.0,BEA,Ferrari,Saudi Arabian Grand Prix,2,31.59315068493151,25.528082191780825
93.551,33.0,HARD,26.0,BEA,Ferrari,Saudi Arabian Grand Prix,2,31.59315068493151,25.528082191780825
93.256,34.0,HARD,27.0,BEA,Ferrari,Saudi Arabian Grand Prix,2,31.59315068493151,25.528082191780825
93.266,35.0,HARD,28.0,BEA,Ferrari,Saudi Arabian Grand Prix,2,31.59315068493151,25.528082191780825
93.053,36.0,HARD,29.0,BEA,Ferrari,Saudi Arabian Grand Prix,2,31.59315068493151,25.528082191780825
93.052,37.0,HARD,30.0,BEA,Ferrari,Saudi Arabian Grand Prix,2,31.59315068493151,25.528082191780825
92.708,38.0,HARD,31.0,BEA,Ferrari,Saudi Arabian Grand Prix,2,31.59315068493151,25.528082191780825
92.756,39.0,HARD,32.0,BEA,Ferrari,Saudi Arabian Grand Prix,2,31.59315068493151,25.528082191780825
92.607,40.0,HARD,33.0,BEA,Ferrari,Saudi Arabian Grand Prix,2,31.59315068493151,25.528082191780825
92.691,41.0,HARD,34.0,BEA,Ferrari,Saudi Arabian Grand Prix,2,31.59315068493151,25.528082191780825
92.656,42.0,HARD,35.0,BEA,Ferrari,Saudi Arabian Grand Prix,2,31.59315068493151,25.528082191780825
92.672,43.0,HARD,36.0,BEA,Ferrari,Saudi Arabian Grand Prix,2,31.59315068493151,25.528082191780825
92.322,44.0,HARD,37.0,BEA,Ferrari,Saudi Arabian Grand Prix,2,31.59315068493151,25.528082191780825
92.613,45.0,HARD,38.0,BEA,Ferrari,Saudi Arabian Grand Prix,2,31.59315068493151,25.528082191780825
92.749,46.0,HARD,39.0,BEA,Ferrari,Saudi Arabian Grand Prix,2,31.59315068493151,25.528082191780825
92.583,47.0,HARD,40.0,BEA,Ferrari,Saudi Arabian Grand Prix,2,31.59315068493151,25.528082191780825
92.262,48.0,HARD,41.0,BEA,Ferrari,Saudi Arabian Grand Prix,2,31.59315068493151,25.528082191780825
92.484,49.0,HARD,42.0,BEA,Ferrari,Saudi Arabian Grand Prix,2,31.59315068493151,25.528082191780825
92.186,50.0,HARD,43.0,BEA,Ferrari,Saudi Arabian Grand Prix,2,31.59315068493151,25.528082191780825
95.079,3.0,MEDIUM,3.0,NOR,McLaren,Saudi Arabian Grand Prix,2,31.59315068493151,25.528082191780825
94.897,4.0,MEDIUM,4.0,NOR,McLaren,Saudi Arabian Grand Prix,2,31.59315068493151,25.528082191780825
94.902,5.0,MEDIUM,5.0,NOR,McLaren,Saudi Arabian Grand Prix,2,31.59315068493151,25.528082191780825
95.014,6.0,MEDIUM,6.0,NOR,McLaren,Saudi Arabian Grand Prix,2,31.59315068493151,25.528082191780825
127.025,7.0,MEDIUM,7.0,NOR,McLaren,Saudi Arabian Grand Prix,2,31.59315068493151,25.528082191780825
94.352,10.0,MEDIUM,10.0,NOR,McLaren,Saudi Arabian Grand Prix,2,31.59315068493151,25.528082191780825
93.674,11.0,MEDIUM,11.0,NOR,McLaren,Saudi Arabian Grand Prix,2,31.59315068493151,25.528082191780825
93.877,12.0,MEDIUM,12.0,NOR,McLaren,Saudi Arabian Grand Prix,2,31.59315068493151,25.528082191780825
95.131,13.0,MEDIUM,13.0,NOR,McLaren,Saudi Arabian Grand Prix,2,31.59315068493151,25.528082191780825
93.971,14.0,MEDIUM,14.0,NOR,McLaren,Saudi Arabian Grand Prix,2,31.59315068493151,25.528082191780825
93.944,15.0,MEDIUM,15.0,NOR,McLaren,Saudi Arabian Grand Prix,2,31.59315068493151,25.528082191780825
93.858,16.0,MEDIUM,16.0,NOR,McLaren,Saudi Arabian Grand Prix,2,31.59315068493151,25.528082191780825
94.497,17.0,MEDIUM,17.0,NOR,McLaren,Saudi Arabian Grand Prix,2,31.59315068493151,25.528082191780825
95.607,18.0,MEDIUM,18.0,NOR,McLaren,Saudi Arabian Grand Prix,2,31.59315068493151,25.528082191780825
94.194,19.0,MEDIUM,19.0,NOR,McLaren,Saudi Arabian Grand Prix,2,31.59315068493151,25.528082191780825
94.003,20.0,MEDIUM,20.0,NOR,McLaren,Saudi Arabian Grand Prix,2,31.59315068493151,25.528082191780825
93.941,21.0,MEDIUM,21.0,NOR,McLaren,Saudi Arabian Grand Prix,2,31.59315068493151,25.528082191780825
93.698,22.0,MEDIUM,22.0,NOR,McLaren,Saudi Arabian Grand Prix,2,31.59315068493151,25.528082191780825
93.824,23.0,MEDIUM,23.0,NOR,McLaren,Saudi Arabian Grand Prix,2,31.59315068493151,25.528082191780825
93.561,24.0,MEDIUM,24.0,NOR,McLaren,Saudi Arabian Grand Prix,2,31.59315068493151,25.528082191780825
93.572,25.0,MEDIUM,25.0,NOR,McLaren,Saudi Arabian Grand Prix,2,31.59315068493151,25.528082191780825
93.792,26.0,MEDIUM,26.0,NOR,McLaren,Saudi Arabian Grand Prix,2,31.59315068493151,25.528082191780825
94.718,27.0,MEDIUM,27.0,NOR,McLaren,Saudi Arabian Grand Prix,2,31.59315068493151,25.528082191780825
93.794,28.0,MEDIUM,28.0,NOR,McLaren,Saudi Arabian Grand Prix,2,31.59315068493151,25.528082191780825
93.631,29.0,MEDIUM,29.0,NOR,McLaren,Saudi Arabian Grand Prix,2,31.59315068493151,25.528082191780825
93.65,30.0,MEDIUM,30.0,NOR,McLaren,Saudi Arabian Grand Prix,2,31.59315068493151,25.528082191780825
93.562,31.0,MEDIUM,31.0,NOR,McLaren,Saudi Arabian Grand Prix,2,31.59315068493151,25.528082191780825
93.309,32.0,MEDIUM,32.0,NOR,McLaren,Saudi Arabian Grand Prix,2,31.59315068493151,25.528082191780825
93.514,33.0,MEDIUM,33.0,NOR,McLaren,Saudi Arabian Grand Prix,2,31.59315068493151,25.528082191780825
93.399,34.0,MEDIUM,34.0,NOR,McLaren,Saudi Arabian Grand Prix,2,31.59315068493151,25.528082191780825
93.571,35.0,MEDIUM,35.0,NOR,McLaren,Saudi Arabian Grand Prix,2,31.59315068493151,25.528082191780825
93.573,36.0,MEDIUM,36.0,NOR,McLaren,Saudi Arabian Grand Prix,2,31.59315068493151,25.528082191780825
96.675,37.0,MEDIUM,37.0,NOR,McLaren,Saudi Arabian Grand Prix,2,31.59315068493151,25.528082191780825
110.849,38.0,SOFT,7.0,NOR,McLaren,Saudi Arabian Grand Prix,2,31.59315068493151,25.528082191780825
92.106,39.0,SOFT,8.0,NOR,McLaren,Saudi Arabian Grand Prix,2,31.59315068493151,25.528082191780825
91.944,40.0,SOFT,9.0,NOR,McLaren,Saudi Arabian Grand Prix,2,31.59315068493151,25.528082191780825
92.095,41.0,SOFT,10.0,NOR,McLaren,Saudi Arabian Grand Prix,2,31.59315068493151,25.528082191780825
92.202,42.0,SOFT,11.0,NOR,McLaren,Saudi Arabian Grand Prix,2,31.59315068493151,25.528082191780825
92.399,43.0,SOFT,12.0,NOR,McLaren,Saudi Arabian Grand Prix,2,31.59315068493151,25.528082191780825
92.151,44.0,SOFT,13.0,NOR,McLaren,Saudi Arabian Grand Prix,2,31.59315068493151,25.528082191780825
92.205,45.0,SOFT,14.0,NOR,McLaren,Saudi Arabian Grand Prix,2,31.59315068493151,25.528082191780825
92.502,46.0,SOFT,15.0,NOR,McLaren,Saudi Arabian Grand Prix,2,31.59315068493151,25.528082191780825
92.153,47.0,SOFT,16.0,NOR,McLaren,Saudi Arabian Grand Prix,2,31.59315068493151,25.528082191780825
92.369,48.0,SOFT,17.0,NOR,McLaren,Saudi Arabian Grand Prix,2,31.59315068493151,25.528082191780825
92.388,49.0,SOFT,18.0,NOR,McLaren,Saudi Arabian Grand Prix,2,31.59315068493151,25.528082191780825
92.841,50.0,SOFT,19.0,NOR,McLaren,Saudi Arabian Grand Prix,2,31.59315068493151,25.528082191780825
95.184,3.0,MEDIUM,3.0,HAM,Mercedes,Saudi Arabian Grand Prix,2,31.59315068493151,25.528082191780825
95.672,4.0,MEDIUM,4.0,HAM,Mercedes,Saudi Arabian Grand Prix,2,31.59315068493151,25.528082191780825
95.107,5.0,MEDIUM,5.0,HAM,Mercedes,Saudi Arabian Grand Prix,2,31.59315068493151,25.528082191780825
95.077,6.0,MEDIUM,6.0,HAM,Mercedes,Saudi Arabian Grand Prix,2,31.59315068493151,25.528082191780825
128.128,7.0,MEDIUM,7.0,HAM,Mercedes,Saudi Arabian Grand Prix,2,31.59315068493151,25.528082191780825
95.257,10.0,MEDIUM,10.0,HAM,Mercedes,Saudi Arabian Grand Prix,2,31.59315068493151,25.528082191780825
94.334,11.0,MEDIUM,11.0,HAM,Mercedes,Saudi Arabian Grand Prix,2,31.59315068493151,25.528082191780825
94.018,12.0,MEDIUM,12.0,HAM,Mercedes,Saudi Arabian Grand Prix,2,31.59315068493151,25.528082191780825
95.312,13.0,MEDIUM,13.0,HAM,Mercedes,Saudi Arabian Grand Prix,2,31.59315068493151,25.528082191780825
94.341,14.0,MEDIUM,14.0,HAM,Mercedes,Saudi Arabian Grand Prix,2,31.59315068493151,25.528082191780825
95.355,15.0,MEDIUM,15.0,HAM,Mercedes,Saudi Arabian Grand Prix,2,31.59315068493151,25.528082191780825
94.435,16.0,MEDIUM,16.0,HAM,Mercedes,Saudi Arabian Grand Prix,2,31.59315068493151,25.528082191780825
94.811,17.0,MEDIUM,17.0,HAM,Mercedes,Saudi Arabian Grand Prix,2,31.59315068493151,25.528082191780825
94.307,18.0,MEDIUM,18.0,HAM,Mercedes,Saudi Arabian Grand Prix,2,31.59315068493151,25.528082191780825
94.524,19.0,MEDIUM,19.0,HAM,Mercedes,Saudi Arabian Grand Prix,2,31.59315068493151,25.528082191780825
94.225,20.0,MEDIUM,20.0,HAM,Mercedes,Saudi Arabian Grand Prix,2,31.59315068493151,25.528082191780825
94.016,21.0,MEDIUM,21.0,HAM,Mercedes,Saudi Arabian Grand Prix,2,31.59315068493151,25.528082191780825
94.419,22.0,MEDIUM,22.0,HAM,Mercedes,Saudi Arabian Grand Prix,2,31.59315068493151,25.528082191780825
94.041,23.0,MEDIUM,23.0,HAM,Mercedes,Saudi Arabian Grand Prix,2,31.59315068493151,25.528082191780825
94.025,24.0,MEDIUM,24.0,HAM,Mercedes,Saudi Arabian Grand Prix,2,31.59315068493151,25.528082191780825
93.532,25.0,MEDIUM,25.0,HAM,Mercedes,Saudi Arabian Grand Prix,2,31.59315068493151,25.528082191780825
93.518,26.0,MEDIUM,26.0,HAM,Mercedes,Saudi Arabian Grand Prix,2,31.59315068493151,25.528082191780825
93.918,27.0,MEDIUM,27.0,HAM,Mercedes,Saudi Arabian Grand Prix,2,31.59315068493151,25.528082191780825
93.56,28.0,MEDIUM,28.0,HAM,Mercedes,Saudi Arabian Grand Prix,2,31.59315068493151,25.528082191780825
93.567,29.0,MEDIUM,29.0,HAM,Mercedes,Saudi Arabian Grand Prix,2,31.59315068493151,25.528082191780825
93.354,30.0,MEDIUM,30.0,HAM,Mercedes,Saudi Arabian Grand Prix,2,31.59315068493151,25.528082191780825
93.384,31.0,MEDIUM,31.0,HAM,Mercedes,Saudi Arabian Grand Prix,2,31.59315068493151,25.528082191780825
93.406,32.0,MEDIUM,32.0,HAM,Mercedes,Saudi Arabian Grand Prix,2,31.59315068493151,25.528082191780825
93.36,33.0,MEDIUM,33.0,HAM,Mercedes,Saudi Arabian Grand Prix,2,31.59315068493151,25.528082191780825
93.693,34.0,MEDIUM,34.0,HAM,Mercedes,Saudi Arabian Grand Prix,2,31.59315068493151,25.528082191780825
93.742,35.0,MEDIUM,35.0,HAM,Mercedes,Saudi Arabian Grand Prix,2,31.59315068493151,25.528082191780825
95.967,36.0,MEDIUM,36.0,HAM,Mercedes,Saudi Arabian Grand Prix,2,31.59315068493151,25.528082191780825
109.485,37.0,SOFT,4.0,HAM,Mercedes,Saudi Arabian Grand Prix,2,31.59315068493151,25.528082191780825
91.746,38.0,SOFT,5.0,HAM,Mercedes,Saudi Arabian Grand Prix,2,31.59315068493151,25.528082191780825
92.315,39.0,SOFT,6.0,HAM,Mercedes,Saudi Arabian Grand Prix,2,31.59315068493151,25.528082191780825
92.37,40.0,SOFT,7.0,HAM,Mercedes,Saudi Arabian Grand Prix,2,31.59315068493151,25.528082191780825
92.201,41.0,SOFT,8.0,HAM,Mercedes,Saudi Arabian Grand Prix,2,31.59315068493151,25.528082191780825
92.027,42.0,SOFT,9.0,HAM,Mercedes,Saudi Arabian Grand Prix,2,31.59315068493151,25.528082191780825
92.041,43.0,SOFT,10.0,HAM,Mercedes,Saudi Arabian Grand Prix,2,31.59315068493151,25.528082191780825
92.232,44.0,SOFT,11.0,HAM,Mercedes,Saudi Arabian Grand Prix,2,31.59315068493151,25.528082191780825
91.943,45.0,SOFT,12.0,HAM,Mercedes,Saudi Arabian Grand Prix,2,31.59315068493151,25.528082191780825
93.036,46.0,SOFT,13.0,HAM,Mercedes,Saudi Arabian Grand Prix,2,31.59315068493151,25.528082191780825
92.106,47.0,SOFT,14.0,HAM,Mercedes,Saudi Arabian Grand Prix,2,31.59315068493151,25.528082191780825
92.381,48.0,SOFT,15.0,HAM,Mercedes,Saudi Arabian Grand Prix,2,31.59315068493151,25.528082191780825
92.615,49.0,SOFT,16.0,HAM,Mercedes,Saudi Arabian Grand Prix,2,31.59315068493151,25.528082191780825
93.314,50.0,SOFT,17.0,HAM,Mercedes,Saudi Arabian Grand Prix,2,31.59315068493151,25.528082191780825
95.219,3.0,MEDIUM,3.0,RUS,Mercedes,Saudi Arabian Grand Prix,2,31.59315068493151,25.528082191780825
95.033,4.0,MEDIUM,4.0,RUS,Mercedes,Saudi Arabian Grand Prix,2,31.59315068493151,25.528082191780825
95.15,5.0,MEDIUM,5.0,RUS,Mercedes,Saudi Arabian Grand Prix,2,31.59315068493151,25.528082191780825
95.06,6.0,MEDIUM,6.0,RUS,Mercedes,Saudi Arabian Grand Prix,2,31.59315068493151,25.528082191780825
128.836,7.0,MEDIUM,7.0,RUS,Mercedes,Saudi Arabian Grand Prix,2,31.59315068493151,25.528082191780825
97.943,10.0,HARD,3.0,RUS,Mercedes,Saudi Arabian Grand Prix,2,31.59315068493151,25.528082191780825
95.048,11.0,HARD,4.0,RUS,Mercedes,Saudi Arabian Grand Prix,2,31.59315068493151,25.528082191780825
94.488,12.0,HARD,5.0,RUS,Mercedes,Saudi Arabian Grand Prix,2,31.59315068493151,25.528082191780825
95.082,13.0,HARD,6.0,RUS,Mercedes,Saudi Arabian Grand Prix,2,31.59315068493151,25.528082191780825
94.379,14.0,HARD,7.0,RUS,Mercedes,Saudi Arabian Grand Prix,2,31.59315068493151,25.528082191780825
94.803,15.0,HARD,8.0,RUS,Mercedes,Saudi Arabian Grand Prix,2,31.59315068493151,25.528082191780825
94.638,16.0,HARD,9.0,RUS,Mercedes,Saudi Arabian Grand Prix,2,31.59315068493151,25.528082191780825
94.907,17.0,HARD,10.0,RUS,Mercedes,Saudi Arabian Grand Prix,2,31.59315068493151,25.528082191780825
94.559,18.0,HARD,11.0,RUS,Mercedes,Saudi Arabian Grand Prix,2,31.59315068493151,25.528082191780825
94.395,19.0,HARD,12.0,RUS,Mercedes,Saudi Arabian Grand Prix,2,31.59315068493151,25.528082191780825
94.457,20.0,HARD,13.0,RUS,Mercedes,Saudi Arabian Grand Prix,2,31.59315068493151,25.528082191780825
94.144,21.0,HARD,14.0,RUS,Mercedes,Saudi Arabian Grand Prix,2,31.59315068493151,25.528082191780825
94.264,22.0,HARD,15.0,RUS,Mercedes,Saudi Arabian Grand Prix,2,31.59315068493151,25.528082191780825
94.099,23.0,HARD,16.0,RUS,Mercedes,Saudi Arabian Grand Prix,2,31.59315068493151,25.528082191780825
94.256,24.0,HARD,17.0,RUS,Mercedes,Saudi Arabian Grand Prix,2,31.59315068493151,25.528082191780825
94.077,25.0,HARD,18.0,RUS,Mercedes,Saudi Arabian Grand Prix,2,31.59315068493151,25.528082191780825
93.737,26.0,HARD,19.0,RUS,Mercedes,Saudi Arabian Grand Prix,2,31.59315068493151,25.528082191780825
93.571,27.0,HARD,20.0,RUS,Mercedes,Saudi Arabian Grand Prix,2,31.59315068493151,25.528082191780825
93.775,28.0,HARD,21.0,RUS,Mercedes,Saudi Arabian Grand Prix,2,31.59315068493151,25.528082191780825
93.643,29.0,HARD,22.0,RUS,Mercedes,Saudi Arabian Grand Prix,2,31.59315068493151,25.528082191780825
93.631,30.0,HARD,23.0,RUS,Mercedes,Saudi Arabian Grand Prix,2,31.59315068493151,25.528082191780825
93.565,31.0,HARD,24.0,RUS,Mercedes,Saudi Arabian Grand Prix,2,31.59315068493151,25.528082191780825
93.39,32.0,HARD,25.0,RUS,Mercedes,Saudi Arabian Grand Prix,2,31.59315068493151,25.528082191780825
93.32,33.0,HARD,26.0,RUS,Mercedes,Saudi Arabian Grand Prix,2,31.59315068493151,25.528082191780825
93.309,34.0,HARD,27.0,RUS,Mercedes,Saudi Arabian Grand Prix,2,31.59315068493151,25.528082191780825
93.081,35.0,HARD,28.0,RUS,Mercedes,Saudi Arabian Grand Prix,2,31.59315068493151,25.528082191780825
93.125,36.0,HARD,29.0,RUS,Mercedes,Saudi Arabian Grand Prix,2,31.59315068493151,25.528082191780825
93.258,37.0,HARD,30.0,RUS,Mercedes,Saudi Arabian Grand Prix,2,31.59315068493151,25.528082191780825
93.018,38.0,HARD,31.0,RUS,Mercedes,Saudi Arabian Grand Prix,2,31.59315068493151,25.528082191780825
92.607,39.0,HARD,32.0,RUS,Mercedes,Saudi Arabian Grand Prix,2,31.59315068493151,25.528082191780825
92.487,40.0,HARD,33.0,RUS,Mercedes,Saudi Arabian Grand Prix,2,31.59315068493151,25.528082191780825
92.458,41.0,HARD,34.0,RUS,Mercedes,Saudi Arabian Grand Prix,2,31.59315068493151,25.528082191780825
92.254,42.0,HARD,35.0,RUS,Mercedes,Saudi Arabian Grand Prix,2,31.59315068493151,25.528082191780825
92.499,43.0,HARD,36.0,RUS,Mercedes,Saudi Arabian Grand Prix,2,31.59315068493151,25.528082191780825
92.571,44.0,HARD,37.0,RUS,Mercedes,Saudi Arabian Grand Prix,2,31.59315068493151,25.528082191780825
92.573,45.0,HARD,38.0,RUS,Mercedes,Saudi Arabian Grand Prix,2,31.59315068493151,25.528082191780825
92.64,46.0,HARD,39.0,RUS,Mercedes,Saudi Arabian Grand Prix,2,31.59315068493151,25.528082191780825
92.494,47.0,HARD,40.0,RUS,Mercedes,Saudi Arabian Grand Prix,2,31.59315068493151,25.528082191780825
92.88,48.0,HARD,41.0,RUS,Mercedes,Saudi Arabian Grand Prix,2,31.59315068493151,25.528082191780825
92.68,49.0,HARD,42.0,RUS,Mercedes,Saudi Arabian Grand Prix,2,31.59315068493151,25.528082191780825
95.145,50.0,HARD,43.0,RUS,Mercedes,Saudi Arabian Grand Prix,2,31.59315068493151,25.528082191780825
96.966,3.0,SOFT,3.0,BOT,Kick Sauber,Saudi Arabian Grand Prix,2,31.59315068493151,25.528082191780825
96.417,4.0,SOFT,4.0,BOT,Kick Sauber,Saudi Arabian Grand Prix,2,31.59315068493151,25.528082191780825
96.244,5.0,SOFT,5.0,BOT,Kick Sauber,Saudi Arabian Grand Prix,2,31.59315068493151,25.528082191780825
96.225,6.0,SOFT,6.0,BOT,Kick Sauber,Saudi Arabian Grand Prix,2,31.59315068493151,25.528082191780825
100.082,10.0,HARD,3.0,BOT,Kick Sauber,Saudi Arabian Grand Prix,2,31.59315068493151,25.528082191780825
96.456,11.0,HARD,4.0,BOT,Kick Sauber,Saudi Arabian Grand Prix,2,31.59315068493151,25.528082191780825
95.827,12.0,HARD,5.0,BOT,Kick Sauber,Saudi Arabian Grand Prix,2,31.59315068493151,25.528082191780825
95.447,13.0,HARD,6.0,BOT,Kick Sauber,Saudi Arabian Grand Prix,2,31.59315068493151,25.528082191780825
95.424,14.0,HARD,7.0,BOT,Kick Sauber,Saudi Arabian Grand Prix,2,31.59315068493151,25.528082191780825
95.721,15.0,HARD,8.0,BOT,Kick Sauber,Saudi Arabian Grand Prix,2,31.59315068493151,25.528082191780825
96.825,16.0,HARD,9.0,BOT,Kick Sauber,Saudi Arabian Grand Prix,2,31.59315068493151,25.528082191780825
97.238,17.0,HARD,10.0,BOT,Kick Sauber,Saudi Arabian Grand Prix,2,31.59315068493151,25.528082191780825
96.058,18.0,HARD,11.0,BOT,Kick Sauber,Saudi Arabian Grand Prix,2,31.59315068493151,25.528082191780825
95.828,19.0,HARD,12.0,BOT,Kick Sauber,Saudi Arabian Grand Prix,2,31.59315068493151,25.528082191780825
96.253,20.0,HARD,13.0,BOT,Kick Sauber,Saudi Arabian Grand Prix,2,31.59315068493151,25.528082191780825
96.801,21.0,HARD,14.0,BOT,Kick Sauber,Saudi Arabian Grand Prix,2,31.59315068493151,25.528082191780825
96.425,22.0,HARD,15.0,BOT,Kick Sauber,Saudi Arabian Grand Prix,2,31.59315068493151,25.528082191780825
96.251,23.0,HARD,16.0,BOT,Kick Sauber,Saudi Arabian Grand Prix,2,31.59315068493151,25.528082191780825
96.902,24.0,HARD,17.0,BOT,Kick Sauber,Saudi Arabian Grand Prix,2,31.59315068493151,25.528082191780825
95.619,25.0,HARD,18.0,BOT,Kick Sauber,Saudi Arabian Grand Prix,2,31.59315068493151,25.528082191780825
95.319,26.0,HARD,19.0,BOT,Kick Sauber,Saudi Arabian Grand Prix,2,31.59315068493151,25.528082191780825
95.254,27.0,HARD,20.0,BOT,Kick Sauber,Saudi Arabian Grand Prix,2,31.59315068493151,25.528082191780825
95.324,28.0,HARD,21.0,BOT,Kick Sauber,Saudi Arabian Grand Prix,2,31.59315068493151,25.528082191780825
94.857,29.0,HARD,22.0,BOT,Kick Sauber,Saudi Arabian Grand Prix,2,31.59315068493151,25.528082191780825
95.313,30.0,HARD,23.0,BOT,Kick Sauber,Saudi Arabian Grand Prix,2,31.59315068493151,25.528082191780825
95.415,31.0,HARD,24.0,BOT,Kick Sauber,Saudi Arabian Grand Prix,2,31.59315068493151,25.528082191780825
95.173,32.0,HARD,25.0,BOT,Kick Sauber,Saudi Arabian Grand Prix,2,31.59315068493151,25.528082191780825
95.792,33.0,HARD,26.0,BOT,Kick Sauber,Saudi Arabian Grand Prix,2,31.59315068493151,25.528082191780825
95.721,34.0,HARD,27.0,BOT,Kick Sauber,Saudi Arabian Grand Prix,2,31.59315068493151,25.528082191780825
97.864,35.0,HARD,28.0,BOT,Kick Sauber,Saudi Arabian Grand Prix,2,31.59315068493151,25.528082191780825
114.249,36.0,SOFT,1.0,BOT,Kick Sauber,Saudi Arabian Grand Prix,2,31.59315068493151,25.528082191780825
93.08,37.0,SOFT,2.0,BOT,Kick Sauber,Saudi Arabian Grand Prix,2,31.59315068493151,25.528082191780825
92.927,38.0,SOFT,3.0,BOT,Kick Sauber,Saudi Arabian Grand Prix,2,31.59315068493151,25.528082191780825
93.028,39.0,SOFT,4.0,BOT,Kick Sauber,Saudi Arabian Grand Prix,2,31.59315068493151,25.528082191780825
93.175,40.0,SOFT,5.0,BOT,Kick Sauber,Saudi Arabian Grand Prix,2,31.59315068493151,25.528082191780825
93.194,41.0,SOFT,6.0,BOT,Kick Sauber,Saudi Arabian Grand Prix,2,31.59315068493151,25.528082191780825
92.996,42.0,SOFT,7.0,BOT,Kick Sauber,Saudi Arabian Grand Prix,2,31.59315068493151,25.528082191780825
93.068,43.0,SOFT,8.0,BOT,Kick Sauber,Saudi Arabian Grand Prix,2,31.59315068493151,25.528082191780825
95.201,44.0,SOFT,9.0,BOT,Kick Sauber,Saudi Arabian Grand Prix,2,31.59315068493151,25.528082191780825
92.903,45.0,SOFT,10.0,BOT,Kick Sauber,Saudi Arabian Grand Prix,2,31.59315068493151,25.528082191780825
92.948,46.0,SOFT,11.0,BOT,Kick Sauber,Saudi Arabian Grand Prix,2,31.59315068493151,25.528082191780825
92.852,47.0,SOFT,12.0,BOT,Kick Sauber,Saudi Arabian Grand Prix,2,31.59315068493151,25.528082191780825
92.947,48.0,SOFT,13.0,BOT,Kick Sauber,Saudi Arabian Grand Prix,2,31.59315068493151,25.528082191780825
92.706,49.0,SOFT,14.0,BOT,Kick Sauber,Saudi Arabian Grand Prix,2,31.59315068493151,25.528082191780825
94.379,3.0,MEDIUM,3.0,PIA,McLaren,Saudi Arabian Grand Prix,2,31.59315068493151,25.528082191780825
94.589,4.0,MEDIUM,4.0,PIA,McLaren,Saudi Arabian Grand Prix,2,31.59315068493151,25.528082191780825
94.557,5.0,MEDIUM,5.0,PIA,McLaren,Saudi Arabian Grand Prix,2,31.59315068493151,25.528082191780825
94.409,6.0,MEDIUM,6.0,PIA,McLaren,Saudi Arabian Grand Prix,2,31.59315068493151,25.528082191780825
126.72,7.0,MEDIUM,7.0,PIA,McLaren,Saudi Arabian Grand Prix,2,31.59315068493151,25.528082191780825
96.768,10.0,HARD,4.0,PIA,McLaren,Saudi Arabian Grand Prix,2,31.59315068493151,25.528082191780825
94.448,11.0,HARD,5.0,PIA,McLaren,Saudi Arabian Grand Prix,2,31.59315068493151,25.528082191780825
93.946,12.0,HARD,6.0,PIA,McLaren,Saudi Arabian Grand Prix,2,31.59315068493151,25.528082191780825
94.34,13.0,HARD,7.0,PIA,McLaren,Saudi Arabian Grand Prix,2,31.59315068493151,25.528082191780825
94.431,14.0,HARD,8.0,PIA,McLaren,Saudi Arabian Grand Prix,2,31.59315068493151,25.528082191780825
94.309,15.0,HARD,9.0,PIA,McLaren,Saudi Arabian Grand Prix,2,31.59315068493151,25.528082191780825
94.379,16.0,HARD,10.0,PIA,McLaren,Saudi Arabian Grand Prix,2,31.59315068493151,25.528082191780825
95.057,17.0,HARD,11.0,PIA,McLaren,Saudi Arabian Grand Prix,2,31.59315068493151,25.528082191780825
94.075,18.0,HARD,12.0,PIA,McLaren,Saudi Arabian Grand Prix,2,31.59315068493151,25.528082191780825
94.631,19.0,HARD,13.0,PIA,McLaren,Saudi Arabian Grand Prix,2,31.59315068493151,25.528082191780825
94.324,20.0,HARD,14.0,PIA,McLaren,Saudi Arabian Grand Prix,2,31.59315068493151,25.528082191780825
93.793,21.0,HARD,15.0,PIA,McLaren,Saudi Arabian Grand Prix,2,31.59315068493151,25.528082191780825
94.76,22.0,HARD,16.0,PIA,McLaren,Saudi Arabian Grand Prix,2,31.59315068493151,25.528082191780825
93.715,23.0,HARD,17.0,PIA,McLaren,Saudi Arabian Grand Prix,2,31.59315068493151,25.528082191780825
94.097,24.0,HARD,18.0,PIA,McLaren,Saudi Arabian Grand Prix,2,31.59315068493151,25.528082191780825
93.694,25.0,HARD,19.0,PIA,McLaren,Saudi Arabian Grand Prix,2,31.59315068493151,25.528082191780825
93.312,26.0,HARD,20.0,PIA,McLaren,Saudi Arabian Grand Prix,2,31.59315068493151,25.528082191780825
93.998,27.0,HARD,21.0,PIA,McLaren,Saudi Arabian Grand Prix,2,31.59315068493151,25.528082191780825
93.527,28.0,HARD,22.0,PIA,McLaren,Saudi Arabian Grand Prix,2,31.59315068493151,25.528082191780825
93.821,29.0,HARD,23.0,PIA,McLaren,Saudi Arabian Grand Prix,2,31.59315068493151,25.528082191780825
93.376,30.0,HARD,24.0,PIA,McLaren,Saudi Arabian Grand Prix,2,31.59315068493151,25.528082191780825
93.352,31.0,HARD,25.0,PIA,McLaren,Saudi Arabian Grand Prix,2,31.59315068493151,25.528082191780825
93.261,32.0,HARD,26.0,PIA,McLaren,Saudi Arabian Grand Prix,2,31.59315068493151,25.528082191780825
93.29,33.0,HARD,27.0,PIA,McLaren,Saudi Arabian Grand Prix,2,31.59315068493151,25.528082191780825
93.405,34.0,HARD,28.0,PIA,McLaren,Saudi Arabian Grand Prix,2,31.59315068493151,25.528082191780825
94.118,35.0,HARD,29.0,PIA,McLaren,Saudi Arabian Grand Prix,2,31.59315068493151,25.528082191780825
93.029,36.0,HARD,30.0,PIA,McLaren,Saudi Arabian Grand Prix,2,31.59315068493151,25.528082191780825
92.934,37.0,HARD,31.0,PIA,McLaren,Saudi Arabian Grand Prix,2,31.59315068493151,25.528082191780825
93.087,38.0,HARD,32.0,PIA,McLaren,Saudi Arabian Grand Prix,2,31.59315068493151,25.528082191780825
92.675,39.0,HARD,33.0,PIA,McLaren,Saudi Arabian Grand Prix,2,31.59315068493151,25.528082191780825
92.603,40.0,HARD,34.0,PIA,McLaren,Saudi Arabian Grand Prix,2,31.59315068493151,25.528082191780825
92.545,41.0,HARD,35.0,PIA,McLaren,Saudi Arabian Grand Prix,2,31.59315068493151,25.528082191780825
92.453,42.0,HARD,36.0,PIA,McLaren,Saudi Arabian Grand Prix,2,31.59315068493151,25.528082191780825
92.521,43.0,HARD,37.0,PIA,McLaren,Saudi Arabian Grand Prix,2,31.59315068493151,25.528082191780825
92.539,44.0,HARD,38.0,PIA,McLaren,Saudi Arabian Grand Prix,2,31.59315068493151,25.528082191780825
92.31,45.0,HARD,39.0,PIA,McLaren,Saudi Arabian Grand Prix,2,31.59315068493151,25.528082191780825
92.557,46.0,HARD,40.0,PIA,McLaren,Saudi Arabian Grand Prix,2,31.59315068493151,25.528082191780825
92.574,47.0,HARD,41.0,PIA,McLaren,Saudi Arabian Grand Prix,2,31.59315068493151,25.528082191780825
92.657,48.0,HARD,42.0,PIA,McLaren,Saudi Arabian Grand Prix,2,31.59315068493151,25.528082191780825
92.588,49.0,HARD,43.0,PIA,McLaren,Saudi Arabian Grand Prix,2,31.59315068493151,25.528082191780825
92.769,50.0,HARD,44.0,PIA,McLaren,Saudi Arabian Grand Prix,2,31.59315068493151,25.528082191780825
83.115,3.0,MEDIUM,3.0,VER,Red Bull Racing,Australian Grand Prix,3,38.40208333333333,20.62222222222222
83.851,3.0,MEDIUM,3.0,GAS,Alpine,Australian Grand Prix,3,38.40208333333333,20.62222222222222
83.7,4.0,MEDIUM,4.0,GAS,Alpine,Australian Grand Prix,3,38.40208333333333,20.62222222222222
84.526,5.0,MEDIUM,5.0,GAS,Alpine,Australian Grand Prix,3,38.40208333333333,20.62222222222222
83.912,6.0,MEDIUM,6.0,GAS,Alpine,Australian Grand Prix,3,38.40208333333333,20.62222222222222
83.445,7.0,MEDIUM,7.0,GAS,Alpine,Australian Grand Prix,3,38.40208333333333,20.62222222222222
83.879,8.0,MEDIUM,8.0,GAS,Alpine,Australian Grand Prix,3,38.40208333333333,20.62222222222222
83.829,9.0,MEDIUM,9.0,GAS,Alpine,Australian Grand Prix,3,38.40208333333333,20.62222222222222
83.856,10.0,MEDIUM,10.0,GAS,Alpine,Australian Grand Prix,3,38.40208333333333,20.62222222222222
85.397,11.0,MEDIUM,11.0,GAS,Alpine,Australian Grand Prix,3,38.40208333333333,20.62222222222222
84.625,12.0,MEDIUM,12.0,GAS,Alpine,Australian Grand Prix,3,38.40208333333333,20.62222222222222
84.049,13.0,MEDIUM,13.0,GAS,Alpine,Australian Grand Prix,3,38.40208333333333,20.62222222222222
84.104,14.0,MEDIUM,14.0,GAS,Alpine,Australian Grand Prix,3,38.40208333333333,20.62222222222222
84.1,15.0,MEDIUM,15.0,GAS,Alpine,Australian Grand Prix,3,38.40208333333333,20.62222222222222
85.367,16.0,MEDIUM,16.0,GAS,Alpine,Australian Grand Prix,3,38.40208333333333,20.62222222222222
117.788,17.0,MEDIUM,17.0,GAS,Alpine,Australian Grand Prix,3,38.40208333333333,20.62222222222222
89.888,18.0,HARD,1.0,GAS,Alpine,Australian Grand Prix,3,38.40208333333333,20.62222222222222
83.922,19.0,HARD,2.0,GAS,Alpine,Australian Grand Prix,3,38.40208333333333,20.62222222222222
83.662,20.0,HARD,3.0,GAS,Alpine,Australian Grand Prix,3,38.40208333333333,20.62222222222222
83.241,21.0,HARD,4.0,GAS,Alpine,Australian Grand Prix,3,38.40208333333333,20.62222222222222
83.045,22.0,HARD,5.0,GAS,Alpine,Australian Grand Prix,3,38.40208333333333,20.62222222222222
82.929,23.0,HARD,6.0,GAS,Alpine,Australian Grand Prix,3,38.40208333333333,20.62222222222222
83.001,24.0,HARD,7.0,GAS,Alpine,Australian Grand Prix,3,38.40208333333333,20.62222222222222
82.933,25.0,HARD,8.0,GAS,Alpine,Australian Grand Prix,3,38.40208333333333,20.62222222222222
83.015,26.0,HARD,9.0,GAS,Alpine,Australian Grand Prix,3,38.40208333333333,20.62222222222222
82.904,27.0,HARD,10.0,GAS,Alpine,Australian Grand Prix,3,38.40208333333333,20.62222222222222
82.674,28.0,HARD,11.0,GAS,Alpine,Australian Grand Prix,3,38.40208333333333,20.62222222222222
82.708,29.0,HARD,12.0,GAS,Alpine,Australian Grand Prix,3,38.40208333333333,20.62222222222222
82.99,30.0,HARD,13.0,GAS,Alpine,Australian Grand Prix,3,38.40208333333333,20.62222222222222
82.727,31.0,HARD,14.0,GAS,Alpine,Australian Grand Prix,3,38.40208333333333,20.62222222222222
83.245,32.0,HARD,15.0,GAS,Alpine,Australian Grand Prix,3,38.40208333333333,20.62222222222222
83.215,33.0,HARD,16.0,GAS,Alpine,Australian Grand Prix,3,38.40208333333333,20.62222222222222
83.036,34.0,HARD,17.0,GAS,Alpine,Australian Grand Prix,3,38.40208333333333,20.62222222222222
83.225,35.0,HARD,18.0,GAS,Alpine,Australian Grand Prix,3,38.40208333333333,20.62222222222222
82.84,36.0,HARD,19.0,GAS,Alpine,Australian Grand Prix,3,38.40208333333333,20.62222222222222
83.326,37.0,HARD,20.0,GAS,Alpine,Australian Grand Prix,3,38.40208333333333,20.62222222222222
85.109,38.0,HARD,21.0,GAS,Alpine,Australian Grand Prix,3,38.40208333333333,20.62222222222222
83.016,39.0,HARD,22.0,GAS,Alpine,Australian Grand Prix,3,38.40208333333333,20.62222222222222
85.02,40.0,HARD,23.0,GAS,Alpine,Australian Grand Prix,3,38.40208333333333,20.62222222222222
104.594,41.0,HARD,24.0,GAS,Alpine,Australian Grand Prix,3,38.40208333333333,20.62222222222222
88.171,42.0,HARD,1.0,GAS,Alpine,Australian Grand Prix,3,38.40208333333333,20.62222222222222
84.419,43.0,HARD,2.0,GAS,Alpine,Australian Grand Prix,3,38.40208333333333,20.62222222222222
81.447,44.0,HARD,3.0,GAS,Alpine,Australian Grand Prix,3,38.40208333333333,20.62222222222222
82.079,45.0,HARD,4.0,GAS,Alpine,Australian Grand Prix,3,38.40208333333333,20.62222222222222
81.22,46.0,HARD,5.0,GAS,Alpine,Australian Grand Prix,3,38.40208333333333,20.62222222222222
81.275,47.0,HARD,6.0,GAS,Alpine,Australian Grand Prix,3,38.40208333333333,20.62222222222222
81.211,48.0,HARD,7.0,GAS,Alpine,Australian Grand Prix,3,38.40208333333333,20.62222222222222
81.34,49.0,HARD,8.0,GAS,Alpine,Australian Grand Prix,3,38.40208333333333,20.62222222222222
81.222,50.0,HARD,9.0,GAS,Alpine,Australian Grand Prix,3,38.40208333333333,20.62222222222222
81.09,51.0,HARD,10.0,GAS,Alpine,Australian Grand Prix,3,38.40208333333333,20.62222222222222
81.161,52.0,HARD,11.0,GAS,Alpine,Australian Grand Prix,3,38.40208333333333,20.62222222222222
81.324,53.0,HARD,12.0,GAS,Alpine,Australian Grand Prix,3,38.40208333333333,20.62222222222222
83.034,54.0,HARD,13.0,GAS,Alpine,Australian Grand Prix,3,38.40208333333333,20.62222222222222
81.427,55.0,HARD,14.0,GAS,Alpine,Australian Grand Prix,3,38.40208333333333,20.62222222222222
86.911,56.0,HARD,15.0,GAS,Alpine,Australian Grand Prix,3,38.40208333333333,20.62222222222222
120.819,57.0,HARD,16.0,GAS,Alpine,Australian Grand Prix,3,38.40208333333333,20.62222222222222
83.165,3.0,MEDIUM,3.0,PER,Red Bull Racing,Australian Grand Prix,3,38.40208333333333,20.62222222222222
83.398,4.0,MEDIUM,4.0,PER,Red Bull Racing,Australian Grand Prix,3,38.40208333333333,20.62222222222222
83.364,5.0,MEDIUM,5.0,PER,Red Bull Racing,Australian Grand Prix,3,38.40208333333333,20.62222222222222
83.024,6.0,MEDIUM,6.0,PER,Red Bull Racing,Australian Grand Prix,3,38.40208333333333,20.62222222222222
82.804,7.0,MEDIUM,7.0,PER,Red Bull Racing,Australian Grand Prix,3,38.40208333333333,20.62222222222222
83.048,8.0,MEDIUM,8.0,PER,Red Bull Racing,Australian Grand Prix,3,38.40208333333333,20.62222222222222
82.97,9.0,MEDIUM,9.0,PER,Red Bull Racing,Australian Grand Prix,3,38.40208333333333,20.62222222222222
82.68,10.0,MEDIUM,10.0,PER,Red Bull Racing,Australian Grand Prix,3,38.40208333333333,20.62222222222222
82.921,11.0,MEDIUM,11.0,PER,Red Bull Racing,Australian Grand Prix,3,38.40208333333333,20.62222222222222
83.704,12.0,MEDIUM,12.0,PER,Red Bull Racing,Australian Grand Prix,3,38.40208333333333,20.62222222222222
83.664,13.0,MEDIUM,13.0,PER,Red Bull Racing,Australian Grand Prix,3,38.40208333333333,20.62222222222222
98.693,14.0,MEDIUM,14.0,PER,Red Bull Racing,Australian Grand Prix,3,38.40208333333333,20.62222222222222
87.909,15.0,HARD,1.0,PER,Red Bull Racing,Australian Grand Prix,3,38.40208333333333,20.62222222222222
84.122,16.0,HARD,2.0,PER,Red Bull Racing,Australian Grand Prix,3,38.40208333333333,20.62222222222222
103.836,17.0,HARD,3.0,PER,Red Bull Racing,Australian Grand Prix,3,38.40208333333333,20.62222222222222
84.269,18.0,HARD,4.0,PER,Red Bull Racing,Australian Grand Prix,3,38.40208333333333,20.62222222222222
81.84,19.0,HARD,5.0,PER,Red Bull Racing,Australian Grand Prix,3,38.40208333333333,20.62222222222222
81.711,20.0,HARD,6.0,PER,Red Bull Racing,Australian Grand Prix,3,38.40208333333333,20.62222222222222
82.051,21.0,HARD,7.0,PER,Red Bull Racing,Australian Grand Prix,3,38.40208333333333,20.62222222222222
81.869,22.0,HARD,8.0,PER,Red Bull Racing,Australian Grand Prix,3,38.40208333333333,20.62222222222222
81.849,23.0,HARD,9.0,PER,Red Bull Racing,Australian Grand Prix,3,38.40208333333333,20.62222222222222
81.527,24.0,HARD,10.0,PER,Red Bull Racing,Australian Grand Prix,3,38.40208333333333,20.62222222222222
81.495,25.0,HARD,11.0,PER,Red Bull Racing,Australian Grand Prix,3,38.40208333333333,20.62222222222222
82.246,26.0,HARD,12.0,PER,Red Bull Racing,Australian Grand Prix,3,38.40208333333333,20.62222222222222
81.557,27.0,HARD,13.0,PER,Red Bull Racing,Australian Grand Prix,3,38.40208333333333,20.62222222222222
82.152,28.0,HARD,14.0,PER,Red Bull Racing,Australian Grand Prix,3,38.40208333333333,20.62222222222222
82.126,29.0,HARD,15.0,PER,Red Bull Racing,Australian Grand Prix,3,38.40208333333333,20.62222222222222
82.18,30.0,HARD,16.0,PER,Red Bull Racing,Australian Grand Prix,3,38.40208333333333,20.62222222222222
82.359,31.0,HARD,17.0,PER,Red Bull Racing,Australian Grand Prix,3,38.40208333333333,20.62222222222222
82.441,32.0,HARD,18.0,PER,Red Bull Racing,Australian Grand Prix,3,38.40208333333333,20.62222222222222
82.566,33.0,HARD,19.0,PER,Red Bull Racing,Australian Grand Prix,3,38.40208333333333,20.62222222222222
82.962,34.0,HARD,20.0,PER,Red Bull Racing,Australian Grand Prix,3,38.40208333333333,20.62222222222222
99.44,35.0,HARD,21.0,PER,Red Bull Racing,Australian Grand Prix,3,38.40208333333333,20.62222222222222
87.672,36.0,HARD,1.0,PER,Red Bull Racing,Australian Grand Prix,3,38.40208333333333,20.62222222222222
81.218,37.0,HARD,2.0,PER,Red Bull Racing,Australian Grand Prix,3,38.40208333333333,20.62222222222222
81.245,38.0,HARD,3.0,PER,Red Bull Racing,Australian Grand Prix,3,38.40208333333333,20.62222222222222
81.448,39.0,HARD,4.0,PER,Red Bull Racing,Australian Grand Prix,3,38.40208333333333,20.62222222222222
81.045,40.0,HARD,5.0,PER,Red Bull Racing,Australian Grand Prix,3,38.40208333333333,20.62222222222222
80.998,41.0,HARD,6.0,PER,Red Bull Racing,Australian Grand Prix,3,38.40208333333333,20.62222222222222
81.35,42.0,HARD,7.0,PER,Red Bull Racing,Australian Grand Prix,3,38.40208333333333,20.62222222222222
80.798,43.0,HARD,8.0,PER,Red Bull Racing,Australian Grand Prix,3,38.40208333333333,20.62222222222222
80.706,44.0,HARD,9.0,PER,Red Bull Racing,Australian Grand Prix,3,38.40208333333333,20.62222222222222
80.769,45.0,HARD,10.0,PER,Red Bull Racing,Australian Grand Prix,3,38.40208333333333,20.62222222222222
80.428,46.0,HARD,11.0,PER,Red Bull Racing,Australian Grand Prix,3,38.40208333333333,20.62222222222222
80.388,47.0,HARD,12.0,PER,Red Bull Racing,Australian Grand Prix,3,38.40208333333333,20.62222222222222
80.836,48.0,HARD,13.0,PER,Red Bull Racing,Australian Grand Prix,3,38.40208333333333,20.62222222222222
80.76,49.0,HARD,14.0,PER,Red Bull Racing,Australian Grand Prix,3,38.40208333333333,20.62222222222222
80.871,50.0,HARD,15.0,PER,Red Bull Racing,Australian Grand Prix,3,38.40208333333333,20.62222222222222
81.038,51.0,HARD,16.0,PER,Red Bull Racing,Australian Grand Prix,3,38.40208333333333,20.62222222222222
81.15,52.0,HARD,17.0,PER,Red Bull Racing,Australian Grand Prix,3,38.40208333333333,20.62222222222222
81.544,53.0,HARD,18.0,PER,Red Bull Racing,Australian Grand Prix,3,38.40208333333333,20.62222222222222
81.63,54.0,HARD,19.0,PER,Red Bull Racing,Australian Grand Prix,3,38.40208333333333,20.62222222222222
81.616,55.0,HARD,20.0,PER,Red Bull Racing,Australian Grand Prix,3,38.40208333333333,20.62222222222222
81.849,56.0,HARD,21.0,PER,Red Bull Racing,Australian Grand Prix,3,38.40208333333333,20.62222222222222
90.3,57.0,HARD,22.0,PER,Red Bull Racing,Australian Grand Prix,3,38.40208333333333,20.62222222222222
121.742,58.0,HARD,23.0,PER,Red Bull Racing,Australian Grand Prix,3,38.40208333333333,20.62222222222222
82.978,3.0,HARD,4.0,ALO,Aston Martin,Australian Grand Prix,3,38.40208333333333,20.62222222222222
83.742,4.0,HARD,5.0,ALO,Aston Martin,Australian Grand Prix,3,38.40208333333333,20.62222222222222
83.294,5.0,HARD,6.0,ALO,Aston Martin,Australian Grand Prix,3,38.40208333333333,20.62222222222222
83.196,6.0,HARD,7.0,ALO,Aston Martin,Australian Grand Prix,3,38.40208333333333,20.62222222222222
82.795,7.0,HARD,8.0,ALO,Aston Martin,Australian Grand Prix,3,38.40208333333333,20.62222222222222
82.769,8.0,HARD,9.0,ALO,Aston Martin,Australian Grand Prix,3,38.40208333333333,20.62222222222222
83.345,9.0,HARD,10.0,ALO,Aston Martin,Australian Grand Prix,3,38.40208333333333,20.62222222222222
82.608,10.0,HARD,11.0,ALO,Aston Martin,Australian Grand Prix,3,38.40208333333333,20.62222222222222
82.939,11.0,HARD,12.0,ALO,Aston Martin,Australian Grand Prix,3,38.40208333333333,20.62222222222222
82.904,12.0,HARD,13.0,ALO,Aston Martin,Australian Grand Prix,3,38.40208333333333,20.62222222222222
83.187,13.0,HARD,14.0,ALO,Aston Martin,Australian Grand Prix,3,38.40208333333333,20.62222222222222
83.455,14.0,HARD,15.0,ALO,Aston Martin,Australian Grand Prix,3,38.40208333333333,20.62222222222222
83.138,15.0,HARD,16.0,ALO,Aston Martin,Australian Grand Prix,3,38.40208333333333,20.62222222222222
83.239,16.0,HARD,17.0,ALO,Aston Martin,Australian Grand Prix,3,38.40208333333333,20.62222222222222
108.609,17.0,HARD,18.0,ALO,Aston Martin,Australian Grand Prix,3,38.40208333333333,20.62222222222222
90.723,18.0,MEDIUM,2.0,ALO,Aston Martin,Australian Grand Prix,3,38.40208333333333,20.62222222222222
82.928,19.0,MEDIUM,3.0,ALO,Aston Martin,Australian Grand Prix,3,38.40208333333333,20.62222222222222
82.831,20.0,MEDIUM,4.0,ALO,Aston Martin,Australian Grand Prix,3,38.40208333333333,20.62222222222222
82.704,21.0,MEDIUM,5.0,ALO,Aston Martin,Australian Grand Prix,3,38.40208333333333,20.62222222222222
82.478,22.0,MEDIUM,6.0,ALO,Aston Martin,Australian Grand Prix,3,38.40208333333333,20.62222222222222
82.441,23.0,MEDIUM,7.0,ALO,Aston Martin,Australian Grand Prix,3,38.40208333333333,20.62222222222222
82.287,24.0,MEDIUM,8.0,ALO,Aston Martin,Australian Grand Prix,3,38.40208333333333,20.62222222222222
82.708,25.0,MEDIUM,9.0,ALO,Aston Martin,Australian Grand Prix,3,38.40208333333333,20.62222222222222
82.988,26.0,MEDIUM,10.0,ALO,Aston Martin,Australian Grand Prix,3,38.40208333333333,20.62222222222222
83.257,27.0,MEDIUM,11.0,ALO,Aston Martin,Australian Grand Prix,3,38.40208333333333,20.62222222222222
82.259,28.0,MEDIUM,12.0,ALO,Aston Martin,Australian Grand Prix,3,38.40208333333333,20.62222222222222
81.98,29.0,MEDIUM,13.0,ALO,Aston Martin,Australian Grand Prix,3,38.40208333333333,20.62222222222222
82.175,30.0,MEDIUM,14.0,ALO,Aston Martin,Australian Grand Prix,3,38.40208333333333,20.62222222222222
82.355,31.0,MEDIUM,15.0,ALO,Aston Martin,Australian Grand Prix,3,38.40208333333333,20.62222222222222
82.491,32.0,MEDIUM,16.0,ALO,Aston Martin,Australian Grand Prix,3,38.40208333333333,20.62222222222222
82.649,33.0,MEDIUM,17.0,ALO,Aston Martin,Australian Grand Prix,3,38.40208333333333,20.62222222222222
82.918,34.0,MEDIUM,18.0,ALO,Aston Martin,Australian Grand Prix,3,38.40208333333333,20.62222222222222
85.73,35.0,MEDIUM,19.0,ALO,Aston Martin,Australian Grand Prix,3,38.40208333333333,20.62222222222222
82.714,36.0,MEDIUM,20.0,ALO,Aston Martin,Australian Grand Prix,3,38.40208333333333,20.62222222222222
82.862,37.0,MEDIUM,21.0,ALO,Aston Martin,Australian Grand Prix,3,38.40208333333333,20.62222222222222
82.566,38.0,MEDIUM,22.0,ALO,Aston Martin,Australian Grand Prix,3,38.40208333333333,20.62222222222222
82.772,39.0,MEDIUM,23.0,ALO,Aston Martin,Australian Grand Prix,3,38.40208333333333,20.62222222222222
82.714,40.0,MEDIUM,24.0,ALO,Aston Martin,Australian Grand Prix,3,38.40208333333333,20.62222222222222
98.988,41.0,MEDIUM,25.0,ALO,Aston Martin,Australian Grand Prix,3,38.40208333333333,20.62222222222222
87.347,42.0,HARD,2.0,ALO,Aston Martin,Australian Grand Prix,3,38.40208333333333,20.62222222222222
81.724,43.0,HARD,3.0,ALO,Aston Martin,Australian Grand Prix,3,38.40208333333333,20.62222222222222
81.394,44.0,HARD,4.0,ALO,Aston Martin,Australian Grand Prix,3,38.40208333333333,20.62222222222222
81.454,45.0,HARD,5.0,ALO,Aston Martin,Australian Grand Prix,3,38.40208333333333,20.62222222222222
81.344,46.0,HARD,6.0,ALO,Aston Martin,Australian Grand Prix,3,38.40208333333333,20.62222222222222
81.183,47.0,HARD,7.0,ALO,Aston Martin,Australian Grand Prix,3,38.40208333333333,20.62222222222222
81.347,48.0,HARD,8.0,ALO,Aston Martin,Australian Grand Prix,3,38.40208333333333,20.62222222222222
81.122,49.0,HARD,9.0,ALO,Aston Martin,Australian Grand Prix,3,38.40208333333333,20.62222222222222
80.736,50.0,HARD,10.0,ALO,Aston Martin,Australian Grand Prix,3,38.40208333333333,20.62222222222222
80.938,51.0,HARD,11.0,ALO,Aston Martin,Australian Grand Prix,3,38.40208333333333,20.62222222222222
80.493,52.0,HARD,12.0,ALO,Aston Martin,Australian Grand Prix,3,38.40208333333333,20.62222222222222
80.867,53.0,HARD,13.0,ALO,Aston Martin,Australian Grand Prix,3,38.40208333333333,20.62222222222222
81.035,54.0,HARD,14.0,ALO,Aston Martin,Australian Grand Prix,3,38.40208333333333,20.62222222222222
80.952,55.0,HARD,15.0,ALO,Aston Martin,Australian Grand Prix,3,38.40208333333333,20.62222222222222
80.752,56.0,HARD,16.0,ALO,Aston Martin,Australian Grand Prix,3,38.40208333333333,20.62222222222222
95.183,57.0,HARD,17.0,ALO,Aston Martin,Australian Grand Prix,3,38.40208333333333,20.62222222222222
128.461,58.0,HARD,18.0,ALO,Aston Martin,Australian Grand Prix,3,38.40208333333333,20.62222222222222
82.776,3.0,MEDIUM,3.0,LEC,Ferrari,Australian Grand Prix,3,38.40208333333333,20.62222222222222
82.519,4.0,MEDIUM,4.0,LEC,Ferrari,Australian Grand Prix,3,38.40208333333333,20.62222222222222
82.632,5.0,MEDIUM,5.0,LEC,Ferrari,Australian Grand Prix,3,38.40208333333333,20.62222222222222
82.673,6.0,MEDIUM,6.0,LEC,Ferrari,Australian Grand Prix,3,38.40208333333333,20.62222222222222
82.684,7.0,MEDIUM,7.0,LEC,Ferrari,Australian Grand Prix,3,38.40208333333333,20.62222222222222
82.983,8.0,MEDIUM,8.0,LEC,Ferrari,Australian Grand Prix,3,38.40208333333333,20.62222222222222
96.036,9.0,MEDIUM,9.0,LEC,Ferrari,Australian Grand Prix,3,38.40208333333333,20.62222222222222
87.861,10.0,HARD,1.0,LEC,Ferrari,Australian Grand Prix,3,38.40208333333333,20.62222222222222
82.647,11.0,HARD,2.0,LEC,Ferrari,Australian Grand Prix,3,38.40208333333333,20.62222222222222
81.841,12.0,HARD,3.0,LEC,Ferrari,Australian Grand Prix,3,38.40208333333333,20.62222222222222
82.222,13.0,HARD,4.0,LEC,Ferrari,Australian Grand Prix,3,38.40208333333333,20.62222222222222
81.952,14.0,HARD,5.0,LEC,Ferrari,Australian Grand Prix,3,38.40208333333333,20.62222222222222
81.735,15.0,HARD,6.0,LEC,Ferrari,Australian Grand Prix,3,38.40208333333333,20.62222222222222
82.247,16.0,HARD,7.0,LEC,Ferrari,Australian Grand Prix,3,38.40208333333333,20.62222222222222
97.435,17.0,HARD,8.0,LEC,Ferrari,Australian Grand Prix,3,38.40208333333333,20.62222222222222
88.896,18.0,HARD,9.0,LEC,Ferrari,Australian Grand Prix,3,38.40208333333333,20.62222222222222
81.881,19.0,HARD,10.0,LEC,Ferrari,Australian Grand Prix,3,38.40208333333333,20.62222222222222
81.885,20.0,HARD,11.0,LEC,Ferrari,Australian Grand Prix,3,38.40208333333333,20.62222222222222
82.058,21.0,HARD,12.0,LEC,Ferrari,Australian Grand Prix,3,38.40208333333333,20.62222222222222
81.722,22.0,HARD,13.0,LEC,Ferrari,Australian Grand Prix,3,38.40208333333333,20.62222222222222
81.932,23.0,HARD,14.0,LEC,Ferrari,Australian Grand Prix,3,38.40208333333333,20.62222222222222
81.852,24.0,HARD,15.0,LEC,Ferrari,Australian Grand Prix,3,38.40208333333333,20.62222222222222
81.951,25.0,HARD,16.0,LEC,Ferrari,Australian Grand Prix,3,38.40208333333333,20.62222222222222
82.042,26.0,HARD,17.0,LEC,Ferrari,Australian Grand Prix,3,38.40208333333333,20.62222222222222
81.822,27.0,HARD,18.0,LEC,Ferrari,Australian Grand Prix,3,38.40208333333333,20.62222222222222
81.969,28.0,HARD,19.0,LEC,Ferrari,Australian Grand Prix,3,38.40208333333333,20.62222222222222
82.433,29.0,HARD,20.0,LEC,Ferrari,Australian Grand Prix,3,38.40208333333333,20.62222222222222
82.284,30.0,HARD,21.0,LEC,Ferrari,Australian Grand Prix,3,38.40208333333333,20.62222222222222
81.996,31.0,HARD,22.0,LEC,Ferrari,Australian Grand Prix,3,38.40208333333333,20.62222222222222
81.841,32.0,HARD,23.0,LEC,Ferrari,Australian Grand Prix,3,38.40208333333333,20.62222222222222
82.022,33.0,HARD,24.0,LEC,Ferrari,Australian Grand Prix,3,38.40208333333333,20.62222222222222
95.962,34.0,HARD,25.0,LEC,Ferrari,Australian Grand Prix,3,38.40208333333333,20.62222222222222
87.951,35.0,HARD,1.0,LEC,Ferrari,Australian Grand Prix,3,38.40208333333333,20.62222222222222
81.942,36.0,HARD,2.0,LEC,Ferrari,Australian Grand Prix,3,38.40208333333333,20.62222222222222
80.688,37.0,HARD,3.0,LEC,Ferrari,Australian Grand Prix,3,38.40208333333333,20.62222222222222
80.949,38.0,HARD,4.0,LEC,Ferrari,Australian Grand Prix,3,38.40208333333333,20.62222222222222
80.909,39.0,HARD,5.0,LEC,Ferrari,Australian Grand Prix,3,38.40208333333333,20.62222222222222
80.953,40.0,HARD,6.0,LEC,Ferrari,Australian Grand Prix,3,38.40208333333333,20.62222222222222
80.675,41.0,HARD,7.0,LEC,Ferrari,Australian Grand Prix,3,38.40208333333333,20.62222222222222
80.849,42.0,HARD,8.0,LEC,Ferrari,Australian Grand Prix,3,38.40208333333333,20.62222222222222
80.853,43.0,HARD,9.0,LEC,Ferrari,Australian Grand Prix,3,38.40208333333333,20.62222222222222
80.56,44.0,HARD,10.0,LEC,Ferrari,Australian Grand Prix,3,38.40208333333333,20.62222222222222
80.408,45.0,HARD,11.0,LEC,Ferrari,Australian Grand Prix,3,38.40208333333333,20.62222222222222
80.76,46.0,HARD,12.0,LEC,Ferrari,Australian Grand Prix,3,38.40208333333333,20.62222222222222
79.999,47.0,HARD,13.0,LEC,Ferrari,Australian Grand Prix,3,38.40208333333333,20.62222222222222
80.349,48.0,HARD,14.0,LEC,Ferrari,Australian Grand Prix,3,38.40208333333333,20.62222222222222
80.144,49.0,HARD,15.0,LEC,Ferrari,Australian Grand Prix,3,38.40208333333333,20.62222222222222
79.925,50.0,HARD,16.0,LEC,Ferrari,Australian Grand Prix,3,38.40208333333333,20.62222222222222
80.215,51.0,HARD,17.0,LEC,Ferrari,Australian Grand Prix,3,38.40208333333333,20.62222222222222
80.331,52.0,HARD,18.0,LEC,Ferrari,Australian Grand Prix,3,38.40208333333333,20.62222222222222
80.463,53.0,HARD,19.0,LEC,Ferrari,Australian Grand Prix,3,38.40208333333333,20.62222222222222
80.32,54.0,HARD,20.0,LEC,Ferrari,Australian Grand Prix,3,38.40208333333333,20.62222222222222
80.962,55.0,HARD,21.0,LEC,Ferrari,Australian Grand Prix,3,38.40208333333333,20.62222222222222
79.813,56.0,HARD,22.0,LEC,Ferrari,Australian Grand Prix,3,38.40208333333333,20.62222222222222
80.871,57.0,HARD,23.0,LEC,Ferrari,Australian Grand Prix,3,38.40208333333333,20.62222222222222
109.995,58.0,HARD,24.0,LEC,Ferrari,Australian Grand Prix,3,38.40208333333333,20.62222222222222
83.196,3.0,MEDIUM,4.0,STR,Aston Martin,Australian Grand Prix,3,38.40208333333333,20.62222222222222
83.454,4.0,MEDIUM,5.0,STR,Aston Martin,Australian Grand Prix,3,38.40208333333333,20.62222222222222
83.337,5.0,MEDIUM,6.0,STR,Aston Martin,Australian Grand Prix,3,38.40208333333333,20.62222222222222
83.027,6.0,MEDIUM,7.0,STR,Aston Martin,Australian Grand Prix,3,38.40208333333333,20.62222222222222
83.019,7.0,MEDIUM,8.0,STR,Aston Martin,Australian Grand Prix,3,38.40208333333333,20.62222222222222
97.362,8.0,MEDIUM,9.0,STR,Aston Martin,Australian Grand Prix,3,38.40208333333333,20.62222222222222
87.945,9.0,HARD,2.0,STR,Aston Martin,Australian Grand Prix,3,38.40208333333333,20.62222222222222
82.883,10.0,HARD,3.0,STR,Aston Martin,Australian Grand Prix,3,38.40208333333333,20.62222222222222
82.718,11.0,HARD,4.0,STR,Aston Martin,Australian Grand Prix,3,38.40208333333333,20.62222222222222
83.063,12.0,HARD,5.0,STR,Aston Martin,Australian Grand Prix,3,38.40208333333333,20.62222222222222
83.322,13.0,HARD,6.0,STR,Aston Martin,Australian Grand Prix,3,38.40208333333333,20.62222222222222
83.106,14.0,HARD,7.0,STR,Aston Martin,Australian Grand Prix,3,38.40208333333333,20.62222222222222
83.45,15.0,HARD,8.0,STR,Aston Martin,Australian Grand Prix,3,38.40208333333333,20.62222222222222
84.65,16.0,HARD,9.0,STR,Aston Martin,Australian Grand Prix,3,38.40208333333333,20.62222222222222
103.269,17.0,HARD,10.0,STR,Aston Martin,Australian Grand Prix,3,38.40208333333333,20.62222222222222
86.001,18.0,HARD,11.0,STR,Aston Martin,Australian Grand Prix,3,38.40208333333333,20.62222222222222
83.105,19.0,HARD,12.0,STR,Aston Martin,Australian Grand Prix,3,38.40208333333333,20.62222222222222
82.922,20.0,HARD,13.0,STR,Aston Martin,Australian Grand Prix,3,38.40208333333333,20.62222222222222
82.628,21.0,HARD,14.0,STR,Aston Martin,Australian Grand Prix,3,38.40208333333333,20.62222222222222
82.905,22.0,HARD,15.0,STR,Aston Martin,Australian Grand Prix,3,38.40208333333333,20.62222222222222
82.861,23.0,HARD,16.0,STR,Aston Martin,Australian Grand Prix,3,38.40208333333333,20.62222222222222
82.852,24.0,HARD,17.0,STR,Aston Martin,Australian Grand Prix,3,38.40208333333333,20.62222222222222
82.941,25.0,HARD,18.0,STR,Aston Martin,Australian Grand Prix,3,38.40208333333333,20.62222222222222
83.294,26.0,HARD,19.0,STR,Aston Martin,Australian Grand Prix,3,38.40208333333333,20.62222222222222
83.192,27.0,HARD,20.0,STR,Aston Martin,Australian Grand Prix,3,38.40208333333333,20.62222222222222
83.059,28.0,HARD,21.0,STR,Aston Martin,Australian Grand Prix,3,38.40208333333333,20.62222222222222
83.135,29.0,HARD,22.0,STR,Aston Martin,Australian Grand Prix,3,38.40208333333333,20.62222222222222
83.124,30.0,HARD,23.0,STR,Aston Martin,Australian Grand Prix,3,38.40208333333333,20.62222222222222
83.521,31.0,HARD,24.0,STR,Aston Martin,Australian Grand Prix,3,38.40208333333333,20.62222222222222
83.157,32.0,HARD,25.0,STR,Aston Martin,Australian Grand Prix,3,38.40208333333333,20.62222222222222
83.266,33.0,HARD,26.0,STR,Aston Martin,Australian Grand Prix,3,38.40208333333333,20.62222222222222
83.114,34.0,HARD,27.0,STR,Aston Martin,Australian Grand Prix,3,38.40208333333333,20.62222222222222
83.398,35.0,HARD,28.0,STR,Aston Martin,Australian Grand Prix,3,38.40208333333333,20.62222222222222
83.207,36.0,HARD,29.0,STR,Aston Martin,Australian Grand Prix,3,38.40208333333333,20.62222222222222
97.526,37.0,HARD,30.0,STR,Aston Martin,Australian Grand Prix,3,38.40208333333333,20.62222222222222
87.847,38.0,HARD,2.0,STR,Aston Martin,Australian Grand Prix,3,38.40208333333333,20.62222222222222
82.042,39.0,HARD,3.0,STR,Aston Martin,Australian Grand Prix,3,38.40208333333333,20.62222222222222
82.1,40.0,HARD,4.0,STR,Aston Martin,Australian Grand Prix,3,38.40208333333333,20.62222222222222
82.244,41.0,HARD,5.0,STR,Aston Martin,Australian Grand Prix,3,38.40208333333333,20.62222222222222
81.829,42.0,HARD,6.0,STR,Aston Martin,Australian Grand Prix,3,38.40208333333333,20.62222222222222
81.722,43.0,HARD,7.0,STR,Aston Martin,Australian Grand Prix,3,38.40208333333333,20.62222222222222
81.992,44.0,HARD,8.0,STR,Aston Martin,Australian Grand Prix,3,38.40208333333333,20.62222222222222
81.603,45.0,HARD,9.0,STR,Aston Martin,Australian Grand Prix,3,38.40208333333333,20.62222222222222
81.431,46.0,HARD,10.0,STR,Aston Martin,Australian Grand Prix,3,38.40208333333333,20.62222222222222
81.014,47.0,HARD,11.0,STR,Aston Martin,Australian Grand Prix,3,38.40208333333333,20.62222222222222
81.109,48.0,HARD,12.0,STR,Aston Martin,Australian Grand Prix,3,38.40208333333333,20.62222222222222
80.93,49.0,HARD,13.0,STR,Aston Martin,Australian Grand Prix,3,38.40208333333333,20.62222222222222
80.991,50.0,HARD,14.0,STR,Aston Martin,Australian Grand Prix,3,38.40208333333333,20.62222222222222
81.121,51.0,HARD,15.0,STR,Aston Martin,Australian Grand Prix,3,38.40208333333333,20.62222222222222
81.213,52.0,HARD,16.0,STR,Aston Martin,Australian Grand Prix,3,38.40208333333333,20.62222222222222
81.063,53.0,HARD,17.0,STR,Aston Martin,Australian Grand Prix,3,38.40208333333333,20.62222222222222
81.13,54.0,HARD,18.0,STR,Aston Martin,Australian Grand Prix,3,38.40208333333333,20.62222222222222
81.272,55.0,HARD,19.0,STR,Aston Martin,Australian Grand Prix,3,38.40208333333333,20.62222222222222
81.233,56.0,HARD,20.0,STR,Aston Martin,Australian Grand Prix,3,38.40208333333333,20.62222222222222
103.017,57.0,HARD,21.0,STR,Aston Martin,Australian Grand Prix,3,38.40208333333333,20.62222222222222
119.767,58.0,HARD,22.0,STR,Aston Martin,Australian Grand Prix,3,38.40208333333333,20.62222222222222
83.565,3.0,MEDIUM,3.0,MAG,Haas F1 Team,Australian Grand Prix,3,38.40208333333333,20.62222222222222
83.529,4.0,MEDIUM,4.0,MAG,Haas F1 Team,Australian Grand Prix,3,38.40208333333333,20.62222222222222
83.961,5.0,MEDIUM,5.0,MAG,Haas F1 Team,Australian Grand Prix,3,38.40208333333333,20.62222222222222
83.954,6.0,MEDIUM,6.0,MAG,Haas F1 Team,Australian Grand Prix,3,38.40208333333333,20.62222222222222
97.945,7.0,MEDIUM,7.0,MAG,Haas F1 Team,Australian Grand Prix,3,38.40208333333333,20.62222222222222
89.979,8.0,HARD,1.0,MAG,Haas F1 Team,Australian Grand Prix,3,38.40208333333333,20.62222222222222
83.662,9.0,HARD,2.0,MAG,Haas F1 Team,Australian Grand Prix,3,38.40208333333333,20.62222222222222
83.671,10.0,HARD,3.0,MAG,Haas F1 Team,Australian Grand Prix,3,38.40208333333333,20.62222222222222
83.322,11.0,HARD,4.0,MAG,Haas F1 Team,Australian Grand Prix,3,38.40208333333333,20.62222222222222
83.11,12.0,HARD,5.0,MAG,Haas F1 Team,Australian Grand Prix,3,38.40208333333333,20.62222222222222
83.063,13.0,HARD,6.0,MAG,Haas F1 Team,Australian Grand Prix,3,38.40208333333333,20.62222222222222
82.905,14.0,HARD,7.0,MAG,Haas F1 Team,Australian Grand Prix,3,38.40208333333333,20.62222222222222
83.668,15.0,HARD,8.0,MAG,Haas F1 Team,Australian Grand Prix,3,38.40208333333333,20.62222222222222
83.561,16.0,HARD,9.0,MAG,Haas F1 Team,Australian Grand Prix,3,38.40208333333333,20.62222222222222
104.876,17.0,HARD,10.0,MAG,Haas F1 Team,Australian Grand Prix,3,38.40208333333333,20.62222222222222
83.125,18.0,HARD,11.0,MAG,Haas F1 Team,Australian Grand Prix,3,38.40208333333333,20.62222222222222
82.848,19.0,HARD,12.0,MAG,Haas F1 Team,Australian Grand Prix,3,38.40208333333333,20.62222222222222
82.809,20.0,HARD,13.0,MAG,Haas F1 Team,Australian Grand Prix,3,38.40208333333333,20.62222222222222
82.86,21.0,HARD,14.0,MAG,Haas F1 Team,Australian Grand Prix,3,38.40208333333333,20.62222222222222
83.315,22.0,HARD,15.0,MAG,Haas F1 Team,Australian Grand Prix,3,38.40208333333333,20.62222222222222
84.285,23.0,HARD,16.0,MAG,Haas F1 Team,Australian Grand Prix,3,38.40208333333333,20.62222222222222
83.33,24.0,HARD,17.0,MAG,Haas F1 Team,Australian Grand Prix,3,38.40208333333333,20.62222222222222
83.502,25.0,HARD,18.0,MAG,Haas F1 Team,Australian Grand Prix,3,38.40208333333333,20.62222222222222
83.485,26.0,HARD,19.0,MAG,Haas F1 Team,Australian Grand Prix,3,38.40208333333333,20.62222222222222
83.525,27.0,HARD,20.0,MAG,Haas F1 Team,Australian Grand Prix,3,38.40208333333333,20.62222222222222
83.467,28.0,HARD,21.0,MAG,Haas F1 Team,Australian Grand Prix,3,38.40208333333333,20.62222222222222
83.456,29.0,HARD,22.0,MAG,Haas F1 Team,Australian Grand Prix,3,38.40208333333333,20.62222222222222
83.407,30.0,HARD,23.0,MAG,Haas F1 Team,Australian Grand Prix,3,38.40208333333333,20.62222222222222
83.216,31.0,HARD,24.0,MAG,Haas F1 Team,Australian Grand Prix,3,38.40208333333333,20.62222222222222
83.396,32.0,HARD,25.0,MAG,Haas F1 Team,Australian Grand Prix,3,38.40208333333333,20.62222222222222
97.802,33.0,HARD,26.0,MAG,Haas F1 Team,Australian Grand Prix,3,38.40208333333333,20.62222222222222
88.539,34.0,HARD,1.0,MAG,Haas F1 Team,Australian Grand Prix,3,38.40208333333333,20.62222222222222
82.34,35.0,HARD,2.0,MAG,Haas F1 Team,Australian Grand Prix,3,38.40208333333333,20.62222222222222
82.109,36.0,HARD,3.0,MAG,Haas F1 Team,Australian Grand Prix,3,38.40208333333333,20.62222222222222
82.261,37.0,HARD,4.0,MAG,Haas F1 Team,Australian Grand Prix,3,38.40208333333333,20.62222222222222
82.085,38.0,HARD,5.0,MAG,Haas F1 Team,Australian Grand Prix,3,38.40208333333333,20.62222222222222
81.845,39.0,HARD,6.0,MAG,Haas F1 Team,Australian Grand Prix,3,38.40208333333333,20.62222222222222
81.771,40.0,HARD,7.0,MAG,Haas F1 Team,Australian Grand Prix,3,38.40208333333333,20.62222222222222
83.189,41.0,HARD,8.0,MAG,Haas F1 Team,Australian Grand Prix,3,38.40208333333333,20.62222222222222
81.914,42.0,HARD,9.0,MAG,Haas F1 Team,Australian Grand Prix,3,38.40208333333333,20.62222222222222
82.053,43.0,HARD,10.0,MAG,Haas F1 Team,Australian Grand Prix,3,38.40208333333333,20.62222222222222
81.082,44.0,HARD,11.0,MAG,Haas F1 Team,Australian Grand Prix,3,38.40208333333333,20.62222222222222
81.637,45.0,HARD,12.0,MAG,Haas F1 Team,Australian Grand Prix,3,38.40208333333333,20.62222222222222
81.463,46.0,HARD,13.0,MAG,Haas F1 Team,Australian Grand Prix,3,38.40208333333333,20.62222222222222
81.538,47.0,HARD,14.0,MAG,Haas F1 Team,Australian Grand Prix,3,38.40208333333333,20.62222222222222
81.67,48.0,HARD,15.0,MAG,Haas F1 Team,Australian Grand Prix,3,38.40208333333333,20.62222222222222
81.386,49.0,HARD,16.0,MAG,Haas F1 Team,Australian Grand Prix,3,38.40208333333333,20.62222222222222
81.666,50.0,HARD,17.0,MAG,Haas F1 Team,Australian Grand Prix,3,38.40208333333333,20.62222222222222
81.42,51.0,HARD,18.0,MAG,Haas F1 Team,Australian Grand Prix,3,38.40208333333333,20.62222222222222
81.631,52.0,HARD,19.0,MAG,Haas F1 Team,Australian Grand Prix,3,38.40208333333333,20.62222222222222
81.663,53.0,HARD,20.0,MAG,Haas F1 Team,Australian Grand Prix,3,38.40208333333333,20.62222222222222
85.255,54.0,HARD,21.0,MAG,Haas F1 Team,Australian Grand Prix,3,38.40208333333333,20.62222222222222
84.951,55.0,HARD,22.0,MAG,Haas F1 Team,Australian Grand Prix,3,38.40208333333333,20.62222222222222
83.198,56.0,HARD,23.0,MAG,Haas F1 Team,Australian Grand Prix,3,38.40208333333333,20.62222222222222
111.944,57.0,HARD,24.0,MAG,Haas F1 Team,Australian Grand Prix,3,38.40208333333333,20.62222222222222
83.203,3.0,MEDIUM,3.0,TSU,RB,Australian Grand Prix,3,38.40208333333333,20.62222222222222
83.434,4.0,MEDIUM,4.0,TSU,RB,Australian Grand Prix,3,38.40208333333333,20.62222222222222
83.31,5.0,MEDIUM,5.0,TSU,RB,Australian Grand Prix,3,38.40208333333333,20.62222222222222
83.445,6.0,MEDIUM,6.0,TSU,RB,Australian Grand Prix,3,38.40208333333333,20.62222222222222
82.864,7.0,MEDIUM,7.0,TSU,RB,Australian Grand Prix,3,38.40208333333333,20.62222222222222
83.381,8.0,MEDIUM,8.0,TSU,RB,Australian Grand Prix,3,38.40208333333333,20.62222222222222
98.21,9.0,MEDIUM,9.0,TSU,RB,Australian Grand Prix,3,38.40208333333333,20.62222222222222
89.892,10.0,HARD,1.0,TSU,RB,Australian Grand Prix,3,38.40208333333333,20.62222222222222
82.898,11.0,HARD,2.0,TSU,RB,Australian Grand Prix,3,38.40208333333333,20.62222222222222
82.799,12.0,HARD,3.0,TSU,RB,Australian Grand Prix,3,38.40208333333333,20.62222222222222
83.032,13.0,HARD,4.0,TSU,RB,Australian Grand Prix,3,38.40208333333333,20.62222222222222
82.823,14.0,HARD,5.0,TSU,RB,Australian Grand Prix,3,38.40208333333333,20.62222222222222
83.336,15.0,HARD,6.0,TSU,RB,Australian Grand Prix,3,38.40208333333333,20.62222222222222
83.252,16.0,HARD,7.0,TSU,RB,Australian Grand Prix,3,38.40208333333333,20.62222222222222
103.577,17.0,HARD,8.0,TSU,RB,Australian Grand Prix,3,38.40208333333333,20.62222222222222
84.892,18.0,HARD,9.0,TSU,RB,Australian Grand Prix,3,38.40208333333333,20.62222222222222
82.994,19.0,HARD,10.0,TSU,RB,Australian Grand Prix,3,38.40208333333333,20.62222222222222
83.048,20.0,HARD,11.0,TSU,RB,Australian Grand Prix,3,38.40208333333333,20.62222222222222
82.968,21.0,HARD,12.0,TSU,RB,Australian Grand Prix,3,38.40208333333333,20.62222222222222
82.673,22.0,HARD,13.0,TSU,RB,Australian Grand Prix,3,38.40208333333333,20.62222222222222
82.953,23.0,HARD,14.0,TSU,RB,Australian Grand Prix,3,38.40208333333333,20.62222222222222
83.026,24.0,HARD,15.0,TSU,RB,Australian Grand Prix,3,38.40208333333333,20.62222222222222
83.001,25.0,HARD,16.0,TSU,RB,Australian Grand Prix,3,38.40208333333333,20.62222222222222
83.302,26.0,HARD,17.0,TSU,RB,Australian Grand Prix,3,38.40208333333333,20.62222222222222
83.248,27.0,HARD,18.0,TSU,RB,Australian Grand Prix,3,38.40208333333333,20.62222222222222
83.075,28.0,HARD,19.0,TSU,RB,Australian Grand Prix,3,38.40208333333333,20.62222222222222
83.498,29.0,HARD,20.0,TSU,RB,Australian Grand Prix,3,38.40208333333333,20.62222222222222
83.382,30.0,HARD,21.0,TSU,RB,Australian Grand Prix,3,38.40208333333333,20.62222222222222
83.367,31.0,HARD,22.0,TSU,RB,Australian Grand Prix,3,38.40208333333333,20.62222222222222
83.39,32.0,HARD,23.0,TSU,RB,Australian Grand Prix,3,38.40208333333333,20.62222222222222
83.226,33.0,HARD,24.0,TSU,RB,Australian Grand Prix,3,38.40208333333333,20.62222222222222
83.323,34.0,HARD,25.0,TSU,RB,Australian Grand Prix,3,38.40208333333333,20.62222222222222
83.289,35.0,HARD,26.0,TSU,RB,Australian Grand Prix,3,38.40208333333333,20.62222222222222
97.156,36.0,HARD,27.0,TSU,RB,Australian Grand Prix,3,38.40208333333333,20.62222222222222
89.144,37.0,HARD,1.0,TSU,RB,Australian Grand Prix,3,38.40208333333333,20.62222222222222
81.924,38.0,HARD,2.0,TSU,RB,Australian Grand Prix,3,38.40208333333333,20.62222222222222
82.247,39.0,HARD,3.0,TSU,RB,Australian Grand Prix,3,38.40208333333333,20.62222222222222
83.218,40.0,HARD,4.0,TSU,RB,Australian Grand Prix,3,38.40208333333333,20.62222222222222
81.764,41.0,HARD,5.0,TSU,RB,Australian Grand Prix,3,38.40208333333333,20.62222222222222
81.784,42.0,HARD,6.0,TSU,RB,Australian Grand Prix,3,38.40208333333333,20.62222222222222
81.928,43.0,HARD,7.0,TSU,RB,Australian Grand Prix,3,38.40208333333333,20.62222222222222
81.824,44.0,HARD,8.0,TSU,RB,Australian Grand Prix,3,38.40208333333333,20.62222222222222
81.696,45.0,HARD,9.0,TSU,RB,Australian Grand Prix,3,38.40208333333333,20.62222222222222
81.134,46.0,HARD,10.0,TSU,RB,Australian Grand Prix,3,38.40208333333333,20.62222222222222
81.254,47.0,HARD,11.0,TSU,RB,Australian Grand Prix,3,38.40208333333333,20.62222222222222
81.174,48.0,HARD,12.0,TSU,RB,Australian Grand Prix,3,38.40208333333333,20.62222222222222
81.303,49.0,HARD,13.0,TSU,RB,Australian Grand Prix,3,38.40208333333333,20.62222222222222
81.285,50.0,HARD,14.0,TSU,RB,Australian Grand Prix,3,38.40208333333333,20.62222222222222
81.568,51.0,HARD,15.0,TSU,RB,Australian Grand Prix,3,38.40208333333333,20.62222222222222
81.647,52.0,HARD,16.0,TSU,RB,Australian Grand Prix,3,38.40208333333333,20.62222222222222
81.553,53.0,HARD,17.0,TSU,RB,Australian Grand Prix,3,38.40208333333333,20.62222222222222
81.716,54.0,HARD,18.0,TSU,RB,Australian Grand Prix,3,38.40208333333333,20.62222222222222
81.677,55.0,HARD,19.0,TSU,RB,Australian Grand Prix,3,38.40208333333333,20.62222222222222
81.812,56.0,HARD,20.0,TSU,RB,Australian Grand Prix,3,38.40208333333333,20.62222222222222
104.371,57.0,HARD,21.0,TSU,RB,Australian Grand Prix,3,38.40208333333333,20.62222222222222
114.042,58.0,HARD,22.0,TSU,RB,Australian Grand Prix,3,38.40208333333333,20.62222222222222
83.606,3.0,MEDIUM,3.0,ALB,Williams,Australian Grand Prix,3,38.40208333333333,20.62222222222222
83.438,4.0,MEDIUM,4.0,ALB,Williams,Australian Grand Prix,3,38.40208333333333,20.62222222222222
83.916,5.0,MEDIUM,5.0,ALB,Williams,Australian Grand Prix,3,38.40208333333333,20.62222222222222
97.861,6.0,MEDIUM,6.0,ALB,Williams,Australian Grand Prix,3,38.40208333333333,20.62222222222222
88.447,7.0,HARD,1.0,ALB,Williams,Australian Grand Prix,3,38.40208333333333,20.62222222222222
83.72,8.0,HARD,2.0,ALB,Williams,Australian Grand Prix,3,38.40208333333333,20.62222222222222
83.645,9.0,HARD,3.0,ALB,Williams,Australian Grand Prix,3,38.40208333333333,20.62222222222222
83.852,10.0,HARD,4.0,ALB,Williams,Australian Grand Prix,3,38.40208333333333,20.62222222222222
83.254,11.0,HARD,5.0,ALB,Williams,Australian Grand Prix,3,38.40208333333333,20.62222222222222
82.767,12.0,HARD,6.0,ALB,Williams,Australian Grand Prix,3,38.40208333333333,20.62222222222222
83.183,13.0,HARD,7.0,ALB,Williams,Australian Grand Prix,3,38.40208333333333,20.62222222222222
82.978,14.0,HARD,8.0,ALB,Williams,Australian Grand Prix,3,38.40208333333333,20.62222222222222
83.027,15.0,HARD,9.0,ALB,Williams,Australian Grand Prix,3,38.40208333333333,20.62222222222222
82.963,16.0,HARD,10.0,ALB,Williams,Australian Grand Prix,3,38.40208333333333,20.62222222222222
104.306,17.0,HARD,11.0,ALB,Williams,Australian Grand Prix,3,38.40208333333333,20.62222222222222
84.344,18.0,HARD,12.0,ALB,Williams,Australian Grand Prix,3,38.40208333333333,20.62222222222222
83.022,19.0,HARD,13.0,ALB,Williams,Australian Grand Prix,3,38.40208333333333,20.62222222222222
82.607,20.0,HARD,14.0,ALB,Williams,Australian Grand Prix,3,38.40208333333333,20.62222222222222
83.066,21.0,HARD,15.0,ALB,Williams,Australian Grand Prix,3,38.40208333333333,20.62222222222222
83.301,22.0,HARD,16.0,ALB,Williams,Australian Grand Prix,3,38.40208333333333,20.62222222222222
83.198,23.0,HARD,17.0,ALB,Williams,Australian Grand Prix,3,38.40208333333333,20.62222222222222
83.513,24.0,HARD,18.0,ALB,Williams,Australian Grand Prix,3,38.40208333333333,20.62222222222222
83.671,25.0,HARD,19.0,ALB,Williams,Australian Grand Prix,3,38.40208333333333,20.62222222222222
83.525,26.0,HARD,20.0,ALB,Williams,Australian Grand Prix,3,38.40208333333333,20.62222222222222
97.44,27.0,HARD,21.0,ALB,Williams,Australian Grand Prix,3,38.40208333333333,20.62222222222222
89.209,28.0,HARD,1.0,ALB,Williams,Australian Grand Prix,3,38.40208333333333,20.62222222222222
82.792,29.0,HARD,2.0,ALB,Williams,Australian Grand Prix,3,38.40208333333333,20.62222222222222
82.898,30.0,HARD,3.0,ALB,Williams,Australian Grand Prix,3,38.40208333333333,20.62222222222222
82.949,31.0,HARD,4.0,ALB,Williams,Australian Grand Prix,3,38.40208333333333,20.62222222222222
82.901,32.0,HARD,5.0,ALB,Williams,Australian Grand Prix,3,38.40208333333333,20.62222222222222
83.188,33.0,HARD,6.0,ALB,Williams,Australian Grand Prix,3,38.40208333333333,20.62222222222222
83.061,34.0,HARD,7.0,ALB,Williams,Australian Grand Prix,3,38.40208333333333,20.62222222222222
83.135,35.0,HARD,8.0,ALB,Williams,Australian Grand Prix,3,38.40208333333333,20.62222222222222
84.486,36.0,HARD,9.0,ALB,Williams,Australian Grand Prix,3,38.40208333333333,20.62222222222222
82.918,37.0,HARD,10.0,ALB,Williams,Australian Grand Prix,3,38.40208333333333,20.62222222222222
82.154,38.0,HARD,11.0,ALB,Williams,Australian Grand Prix,3,38.40208333333333,20.62222222222222
82.011,39.0,HARD,12.0,ALB,Williams,Australian Grand Prix,3,38.40208333333333,20.62222222222222
81.74,40.0,HARD,13.0,ALB,Williams,Australian Grand Prix,3,38.40208333333333,20.62222222222222
83.574,41.0,HARD,14.0,ALB,Williams,Australian Grand Prix,3,38.40208333333333,20.62222222222222
81.73,42.0,HARD,15.0,ALB,Williams,Australian Grand Prix,3,38.40208333333333,20.62222222222222
82.292,43.0,HARD,16.0,ALB,Williams,Australian Grand Prix,3,38.40208333333333,20.62222222222222
82.499,44.0,HARD,17.0,ALB,Williams,Australian Grand Prix,3,38.40208333333333,20.62222222222222
81.907,45.0,HARD,18.0,ALB,Williams,Australian Grand Prix,3,38.40208333333333,20.62222222222222
81.618,46.0,HARD,19.0,ALB,Williams,Australian Grand Prix,3,38.40208333333333,20.62222222222222
81.845,47.0,HARD,20.0,ALB,Williams,Australian Grand Prix,3,38.40208333333333,20.62222222222222
81.927,48.0,HARD,21.0,ALB,Williams,Australian Grand Prix,3,38.40208333333333,20.62222222222222
81.918,49.0,HARD,22.0,ALB,Williams,Australian Grand Prix,3,38.40208333333333,20.62222222222222
82.219,50.0,HARD,23.0,ALB,Williams,Australian Grand Prix,3,38.40208333333333,20.62222222222222
82.319,51.0,HARD,24.0,ALB,Williams,Australian Grand Prix,3,38.40208333333333,20.62222222222222
82.184,52.0,HARD,25.0,ALB,Williams,Australian Grand Prix,3,38.40208333333333,20.62222222222222
82.399,53.0,HARD,26.0,ALB,Williams,Australian Grand Prix,3,38.40208333333333,20.62222222222222
84.131,54.0,HARD,27.0,ALB,Williams,Australian Grand Prix,3,38.40208333333333,20.62222222222222
82.312,55.0,HARD,28.0,ALB,Williams,Australian Grand Prix,3,38.40208333333333,20.62222222222222
84.19,56.0,HARD,29.0,ALB,Williams,Australian Grand Prix,3,38.40208333333333,20.62222222222222
110.408,57.0,HARD,30.0,ALB,Williams,Australian Grand Prix,3,38.40208333333333,20.62222222222222
83.912,3.0,SOFT,3.0,ZHO,Kick Sauber,Australian Grand Prix,3,38.40208333333333,20.62222222222222
83.948,4.0,SOFT,4.0,ZHO,Kick Sauber,Australian Grand Prix,3,38.40208333333333,20.62222222222222
84.161,5.0,SOFT,5.0,ZHO,Kick Sauber,Australian Grand Prix,3,38.40208333333333,20.62222222222222
98.941,6.0,SOFT,6.0,ZHO,Kick Sauber,Australian Grand Prix,3,38.40208333333333,20.62222222222222
91.168,7.0,HARD,2.0,ZHO,Kick Sauber,Australian Grand Prix,3,38.40208333333333,20.62222222222222
84.402,8.0,HARD,3.0,ZHO,Kick Sauber,Australian Grand Prix,3,38.40208333333333,20.62222222222222
83.624,9.0,HARD,4.0,ZHO,Kick Sauber,Australian Grand Prix,3,38.40208333333333,20.62222222222222
83.66,10.0,HARD,5.0,ZHO,Kick Sauber,Australian Grand Prix,3,38.40208333333333,20.62222222222222
83.447,11.0,HARD,6.0,ZHO,Kick Sauber,Australian Grand Prix,3,38.40208333333333,20.62222222222222
83.177,12.0,HARD,7.0,ZHO,Kick Sauber,Australian Grand Prix,3,38.40208333333333,20.62222222222222
83.471,13.0,HARD,8.0,ZHO,Kick Sauber,Australian Grand Prix,3,38.40208333333333,20.62222222222222
83.302,14.0,HARD,9.0,ZHO,Kick Sauber,Australian Grand Prix,3,38.40208333333333,20.62222222222222
83.329,15.0,HARD,10.0,ZHO,Kick Sauber,Australian Grand Prix,3,38.40208333333333,20.62222222222222
83.339,16.0,HARD,11.0,ZHO,Kick Sauber,Australian Grand Prix,3,38.40208333333333,20.62222222222222
104.914,17.0,HARD,12.0,ZHO,Kick Sauber,Australian Grand Prix,3,38.40208333333333,20.62222222222222
84.958,18.0,HARD,13.0,ZHO,Kick Sauber,Australian Grand Prix,3,38.40208333333333,20.62222222222222
83.537,19.0,HARD,14.0,ZHO,Kick Sauber,Australian Grand Prix,3,38.40208333333333,20.62222222222222
83.069,20.0,HARD,15.0,ZHO,Kick Sauber,Australian Grand Prix,3,38.40208333333333,20.62222222222222
83.473,21.0,HARD,16.0,ZHO,Kick Sauber,Australian Grand Prix,3,38.40208333333333,20.62222222222222
83.431,22.0,HARD,17.0,ZHO,Kick Sauber,Australian Grand Prix,3,38.40208333333333,20.62222222222222
83.264,23.0,HARD,18.0,ZHO,Kick Sauber,Australian Grand Prix,3,38.40208333333333,20.62222222222222
83.196,24.0,HARD,19.0,ZHO,Kick Sauber,Australian Grand Prix,3,38.40208333333333,20.62222222222222
83.031,25.0,HARD,20.0,ZHO,Kick Sauber,Australian Grand Prix,3,38.40208333333333,20.62222222222222
83.062,26.0,HARD,21.0,ZHO,Kick Sauber,Australian Grand Prix,3,38.40208333333333,20.62222222222222
83.097,27.0,HARD,22.0,ZHO,Kick Sauber,Australian Grand Prix,3,38.40208333333333,20.62222222222222
83.023,28.0,HARD,23.0,ZHO,Kick Sauber,Australian Grand Prix,3,38.40208333333333,20.62222222222222
82.602,29.0,HARD,24.0,ZHO,Kick Sauber,Australian Grand Prix,3,38.40208333333333,20.62222222222222
82.989,30.0,HARD,25.0,ZHO,Kick Sauber,Australian Grand Prix,3,38.40208333333333,20.62222222222222
82.826,31.0,HARD,26.0,ZHO,Kick Sauber,Australian Grand Prix,3,38.40208333333333,20.62222222222222
83.17,32.0,HARD,27.0,ZHO,Kick Sauber,Australian Grand Prix,3,38.40208333333333,20.62222222222222
83.246,33.0,HARD,28.0,ZHO,Kick Sauber,Australian Grand Prix,3,38.40208333333333,20.62222222222222
83.068,34.0,HARD,29.0,ZHO,Kick Sauber,Australian Grand Prix,3,38.40208333333333,20.62222222222222
116.595,35.0,HARD,30.0,ZHO,Kick Sauber,Australian Grand Prix,3,38.40208333333333,20.62222222222222
88.57,36.0,HARD,1.0,ZHO,Kick Sauber,Australian Grand Prix,3,38.40208333333333,20.62222222222222
82.598,37.0,HARD,2.0,ZHO,Kick Sauber,Australian Grand Prix,3,38.40208333333333,20.62222222222222
82.43,38.0,HARD,3.0,ZHO,Kick Sauber,Australian Grand Prix,3,38.40208333333333,20.62222222222222
82.008,39.0,HARD,4.0,ZHO,Kick Sauber,Australian Grand Prix,3,38.40208333333333,20.62222222222222
81.908,40.0,HARD,5.0,ZHO,Kick Sauber,Australian Grand Prix,3,38.40208333333333,20.62222222222222
83.999,41.0,HARD,6.0,ZHO,Kick Sauber,Australian Grand Prix,3,38.40208333333333,20.62222222222222
82.195,42.0,HARD,7.0,ZHO,Kick Sauber,Australian Grand Prix,3,38.40208333333333,20.62222222222222
83.827,43.0,HARD,8.0,ZHO,Kick Sauber,Australian Grand Prix,3,38.40208333333333,20.62222222222222
82.147,44.0,HARD,9.0,ZHO,Kick Sauber,Australian Grand Prix,3,38.40208333333333,20.62222222222222
81.609,45.0,HARD,10.0,ZHO,Kick Sauber,Australian Grand Prix,3,38.40208333333333,20.62222222222222
81.663,46.0,HARD,11.0,ZHO,Kick Sauber,Australian Grand Prix,3,38.40208333333333,20.62222222222222
81.776,47.0,HARD,12.0,ZHO,Kick Sauber,Australian Grand Prix,3,38.40208333333333,20.62222222222222
83.135,48.0,HARD,13.0,ZHO,Kick Sauber,Australian Grand Prix,3,38.40208333333333,20.62222222222222
81.327,49.0,HARD,14.0,ZHO,Kick Sauber,Australian Grand Prix,3,38.40208333333333,20.62222222222222
81.831,50.0,HARD,15.0,ZHO,Kick Sauber,Australian Grand Prix,3,38.40208333333333,20.62222222222222
81.83,51.0,HARD,16.0,ZHO,Kick Sauber,Australian Grand Prix,3,38.40208333333333,20.62222222222222
82.06,52.0,HARD,17.0,ZHO,Kick Sauber,Australian Grand Prix,3,38.40208333333333,20.62222222222222
82.184,53.0,HARD,18.0,ZHO,Kick Sauber,Australian Grand Prix,3,38.40208333333333,20.62222222222222
82.067,54.0,HARD,19.0,ZHO,Kick Sauber,Australian Grand Prix,3,38.40208333333333,20.62222222222222
81.798,55.0,HARD,20.0,ZHO,Kick Sauber,Australian Grand Prix,3,38.40208333333333,20.62222222222222
88.058,56.0,HARD,21.0,ZHO,Kick Sauber,Australian Grand Prix,3,38.40208333333333,20.62222222222222
118.614,57.0,HARD,22.0,ZHO,Kick Sauber,Australian Grand Prix,3,38.40208333333333,20.62222222222222
83.576,3.0,HARD,3.0,HUL,Haas F1 Team,Australian Grand Prix,3,38.40208333333333,20.62222222222222
83.731,4.0,HARD,4.0,HUL,Haas F1 Team,Australian Grand Prix,3,38.40208333333333,20.62222222222222
84.465,5.0,HARD,5.0,HUL,Haas F1 Team,Australian Grand Prix,3,38.40208333333333,20.62222222222222
83.747,6.0,HARD,6.0,HUL,Haas F1 Team,Australian Grand Prix,3,38.40208333333333,20.62222222222222
83.868,7.0,HARD,7.0,HUL,Haas F1 Team,Australian Grand Prix,3,38.40208333333333,20.62222222222222
83.838,8.0,HARD,8.0,HUL,Haas F1 Team,Australian Grand Prix,3,38.40208333333333,20.62222222222222
83.856,9.0,HARD,9.0,HUL,Haas F1 Team,Australian Grand Prix,3,38.40208333333333,20.62222222222222
83.777,10.0,HARD,10.0,HUL,Haas F1 Team,Australian Grand Prix,3,38.40208333333333,20.62222222222222
85.07,11.0,HARD,11.0,HUL,Haas F1 Team,Australian Grand Prix,3,38.40208333333333,20.62222222222222
84.824,12.0,HARD,12.0,HUL,Haas F1 Team,Australian Grand Prix,3,38.40208333333333,20.62222222222222
83.953,13.0,HARD,13.0,HUL,Haas F1 Team,Australian Grand Prix,3,38.40208333333333,20.62222222222222
83.965,14.0,HARD,14.0,HUL,Haas F1 Team,Australian Grand Prix,3,38.40208333333333,20.62222222222222
84.281,15.0,HARD,15.0,HUL,Haas F1 Team,Australian Grand Prix,3,38.40208333333333,20.62222222222222
84.025,16.0,HARD,16.0,HUL,Haas F1 Team,Australian Grand Prix,3,38.40208333333333,20.62222222222222
114.498,17.0,HARD,17.0,HUL,Haas F1 Team,Australian Grand Prix,3,38.40208333333333,20.62222222222222
87.954,18.0,MEDIUM,1.0,HUL,Haas F1 Team,Australian Grand Prix,3,38.40208333333333,20.62222222222222
82.247,19.0,MEDIUM,2.0,HUL,Haas F1 Team,Australian Grand Prix,3,38.40208333333333,20.62222222222222
82.406,20.0,MEDIUM,3.0,HUL,Haas F1 Team,Australian Grand Prix,3,38.40208333333333,20.62222222222222
82.479,21.0,MEDIUM,4.0,HUL,Haas F1 Team,Australian Grand Prix,3,38.40208333333333,20.62222222222222
82.439,22.0,MEDIUM,5.0,HUL,Haas F1 Team,Australian Grand Prix,3,38.40208333333333,20.62222222222222
82.152,23.0,MEDIUM,6.0,HUL,Haas F1 Team,Australian Grand Prix,3,38.40208333333333,20.62222222222222
82.528,24.0,MEDIUM,7.0,HUL,Haas F1 Team,Australian Grand Prix,3,38.40208333333333,20.62222222222222
82.974,25.0,MEDIUM,8.0,HUL,Haas F1 Team,Australian Grand Prix,3,38.40208333333333,20.62222222222222
83.693,26.0,MEDIUM,9.0,HUL,Haas F1 Team,Australian Grand Prix,3,38.40208333333333,20.62222222222222
83.385,27.0,MEDIUM,10.0,HUL,Haas F1 Team,Australian Grand Prix,3,38.40208333333333,20.62222222222222
83.338,28.0,MEDIUM,11.0,HUL,Haas F1 Team,Australian Grand Prix,3,38.40208333333333,20.62222222222222
83.167,29.0,MEDIUM,12.0,HUL,Haas F1 Team,Australian Grand Prix,3,38.40208333333333,20.62222222222222
83.299,30.0,MEDIUM,13.0,HUL,Haas F1 Team,Australian Grand Prix,3,38.40208333333333,20.62222222222222
83.139,31.0,MEDIUM,14.0,HUL,Haas F1 Team,Australian Grand Prix,3,38.40208333333333,20.62222222222222
82.892,32.0,MEDIUM,15.0,HUL,Haas F1 Team,Australian Grand Prix,3,38.40208333333333,20.62222222222222
82.91,33.0,MEDIUM,16.0,HUL,Haas F1 Team,Australian Grand Prix,3,38.40208333333333,20.62222222222222
83.143,34.0,MEDIUM,17.0,HUL,Haas F1 Team,Australian Grand Prix,3,38.40208333333333,20.62222222222222
97.314,35.0,MEDIUM,18.0,HUL,Haas F1 Team,Australian Grand Prix,3,38.40208333333333,20.62222222222222
87.3,36.0,HARD,1.0,HUL,Haas F1 Team,Australian Grand Prix,3,38.40208333333333,20.62222222222222
81.63,37.0,HARD,2.0,HUL,Haas F1 Team,Australian Grand Prix,3,38.40208333333333,20.62222222222222
82.025,38.0,HARD,3.0,HUL,Haas F1 Team,Australian Grand Prix,3,38.40208333333333,20.62222222222222
81.896,39.0,HARD,4.0,HUL,Haas F1 Team,Australian Grand Prix,3,38.40208333333333,20.62222222222222
82.823,40.0,HARD,5.0,HUL,Haas F1 Team,Australian Grand Prix,3,38.40208333333333,20.62222222222222
82.016,41.0,HARD,6.0,HUL,Haas F1 Team,Australian Grand Prix,3,38.40208333333333,20.62222222222222
82.173,42.0,HARD,7.0,HUL,Haas F1 Team,Australian Grand Prix,3,38.40208333333333,20.62222222222222
81.909,43.0,HARD,8.0,HUL,Haas F1 Team,Australian Grand Prix,3,38.40208333333333,20.62222222222222
81.73,44.0,HARD,9.0,HUL,Haas F1 Team,Australian Grand Prix,3,38.40208333333333,20.62222222222222
81.532,45.0,HARD,10.0,HUL,Haas F1 Team,Australian Grand Prix,3,38.40208333333333,20.62222222222222
81.145,46.0,HARD,11.0,HUL,Haas F1 Team,Australian Grand Prix,3,38.40208333333333,20.62222222222222
81.629,47.0,HARD,12.0,HUL,Haas F1 Team,Australian Grand Prix,3,38.40208333333333,20.62222222222222
81.602,48.0,HARD,13.0,HUL,Haas F1 Team,Australian Grand Prix,3,38.40208333333333,20.62222222222222
81.728,49.0,HARD,14.0,HUL,Haas F1 Team,Australian Grand Prix,3,38.40208333333333,20.62222222222222
82.102,50.0,HARD,15.0,HUL,Haas F1 Team,Australian Grand Prix,3,38.40208333333333,20.62222222222222
81.73,51.0,HARD,16.0,HUL,Haas F1 Team,Australian Grand Prix,3,38.40208333333333,20.62222222222222
81.781,52.0,HARD,17.0,HUL,Haas F1 Team,Australian Grand Prix,3,38.40208333333333,20.62222222222222
81.758,53.0,HARD,18.0,HUL,Haas F1 Team,Australian Grand Prix,3,38.40208333333333,20.62222222222222
82.021,54.0,HARD,19.0,HUL,Haas F1 Team,Australian Grand Prix,3,38.40208333333333,20.62222222222222
82.697,55.0,HARD,20.0,HUL,Haas F1 Team,Australian Grand Prix,3,38.40208333333333,20.62222222222222
82.274,56.0,HARD,21.0,HUL,Haas F1 Team,Australian Grand Prix,3,38.40208333333333,20.62222222222222
112.103,57.0,HARD,22.0,HUL,Haas F1 Team,Australian Grand Prix,3,38.40208333333333,20.62222222222222
109.232,58.0,HARD,23.0,HUL,Haas F1 Team,Australian Grand Prix,3,38.40208333333333,20.62222222222222
83.84,3.0,SOFT,3.0,RIC,RB,Australian Grand Prix,3,38.40208333333333,20.62222222222222
84.095,4.0,SOFT,4.0,RIC,RB,Australian Grand Prix,3,38.40208333333333,20.62222222222222
98.806,5.0,SOFT,5.0,RIC,RB,Australian Grand Prix,3,38.40208333333333,20.62222222222222
90.576,6.0,HARD,1.0,RIC,RB,Australian Grand Prix,3,38.40208333333333,20.62222222222222
84.04,7.0,HARD,2.0,RIC,RB,Australian Grand Prix,3,38.40208333333333,20.62222222222222
83.608,8.0,HARD,3.0,RIC,RB,Australian Grand Prix,3,38.40208333333333,20.62222222222222
83.491,9.0,HARD,4.0,RIC,RB,Australian Grand Prix,3,38.40208333333333,20.62222222222222
83.245,10.0,HARD,5.0,RIC,RB,Australian Grand Prix,3,38.40208333333333,20.62222222222222
83.083,11.0,HARD,6.0,RIC,RB,Australian Grand Prix,3,38.40208333333333,20.62222222222222
83.058,12.0,HARD,7.0,RIC,RB,Australian Grand Prix,3,38.40208333333333,20.62222222222222
82.904,13.0,HARD,8.0,RIC,RB,Australian Grand Prix,3,38.40208333333333,20.62222222222222
82.877,14.0,HARD,9.0,RIC,RB,Australian Grand Prix,3,38.40208333333333,20.62222222222222
82.83,15.0,HARD,10.0,RIC,RB,Australian Grand Prix,3,38.40208333333333,20.62222222222222
83.143,16.0,HARD,11.0,RIC,RB,Australian Grand Prix,3,38.40208333333333,20.62222222222222
104.906,17.0,HARD,12.0,RIC,RB,Australian Grand Prix,3,38.40208333333333,20.62222222222222
85.117,18.0,HARD,13.0,RIC,RB,Australian Grand Prix,3,38.40208333333333,20.62222222222222
83.024,19.0,HARD,14.0,RIC,RB,Australian Grand Prix,3,38.40208333333333,20.62222222222222
83.127,20.0,HARD,15.0,RIC,RB,Australian Grand Prix,3,38.40208333333333,20.62222222222222
83.187,21.0,HARD,16.0,RIC,RB,Australian Grand Prix,3,38.40208333333333,20.62222222222222
83.105,22.0,HARD,17.0,RIC,RB,Australian Grand Prix,3,38.40208333333333,20.62222222222222
83.012,23.0,HARD,18.0,RIC,RB,Australian Grand Prix,3,38.40208333333333,20.62222222222222
83.292,24.0,HARD,19.0,RIC,RB,Australian Grand Prix,3,38.40208333333333,20.62222222222222
83.547,25.0,HARD,20.0,RIC,RB,Australian Grand Prix,3,38.40208333333333,20.62222222222222
83.357,26.0,HARD,21.0,RIC,RB,Australian Grand Prix,3,38.40208333333333,20.62222222222222
83.885,27.0,HARD,22.0,RIC,RB,Australian Grand Prix,3,38.40208333333333,20.62222222222222
83.863,28.0,HARD,23.0,RIC,RB,Australian Grand Prix,3,38.40208333333333,20.62222222222222
97.341,29.0,HARD,24.0,RIC,RB,Australian Grand Prix,3,38.40208333333333,20.62222222222222
90.602,30.0,HARD,1.0,RIC,RB,Australian Grand Prix,3,38.40208333333333,20.62222222222222
82.938,31.0,HARD,2.0,RIC,RB,Australian Grand Prix,3,38.40208333333333,20.62222222222222
82.738,32.0,HARD,3.0,RIC,RB,Australian Grand Prix,3,38.40208333333333,20.62222222222222
82.443,33.0,HARD,4.0,RIC,RB,Australian Grand Prix,3,38.40208333333333,20.62222222222222
82.709,34.0,HARD,5.0,RIC,RB,Australian Grand Prix,3,38.40208333333333,20.62222222222222
83.49,35.0,HARD,6.0,RIC,RB,Australian Grand Prix,3,38.40208333333333,20.62222222222222
85.131,36.0,HARD,7.0,RIC,RB,Australian Grand Prix,3,38.40208333333333,20.62222222222222
82.438,37.0,HARD,8.0,RIC,RB,Australian Grand Prix,3,38.40208333333333,20.62222222222222
82.38,38.0,HARD,9.0,RIC,RB,Australian Grand Prix,3,38.40208333333333,20.62222222222222
82.172,39.0,HARD,10.0,RIC,RB,Australian Grand Prix,3,38.40208333333333,20.62222222222222
81.387,40.0,HARD,11.0,RIC,RB,Australian Grand Prix,3,38.40208333333333,20.62222222222222
81.608,41.0,HARD,12.0,RIC,RB,Australian Grand Prix,3,38.40208333333333,20.62222222222222
81.888,42.0,HARD,13.0,RIC,RB,Australian Grand Prix,3,38.40208333333333,20.62222222222222
81.648,43.0,HARD,14.0,RIC,RB,Australian Grand Prix,3,38.40208333333333,20.62222222222222
81.313,44.0,HARD,15.0,RIC,RB,Australian Grand Prix,3,38.40208333333333,20.62222222222222
81.33,45.0,HARD,16.0,RIC,RB,Australian Grand Prix,3,38.40208333333333,20.62222222222222
81.239,46.0,HARD,17.0,RIC,RB,Australian Grand Prix,3,38.40208333333333,20.62222222222222
81.3,47.0,HARD,18.0,RIC,RB,Australian Grand Prix,3,38.40208333333333,20.62222222222222
81.492,48.0,HARD,19.0,RIC,RB,Australian Grand Prix,3,38.40208333333333,20.62222222222222
81.606,49.0,HARD,20.0,RIC,RB,Australian Grand Prix,3,38.40208333333333,20.62222222222222
81.782,50.0,HARD,21.0,RIC,RB,Australian Grand Prix,3,38.40208333333333,20.62222222222222
81.769,51.0,HARD,22.0,RIC,RB,Australian Grand Prix,3,38.40208333333333,20.62222222222222
81.884,52.0,HARD,23.0,RIC,RB,Australian Grand Prix,3,38.40208333333333,20.62222222222222
84.232,53.0,HARD,24.0,RIC,RB,Australian Grand Prix,3,38.40208333333333,20.62222222222222
82.568,54.0,HARD,25.0,RIC,RB,Australian Grand Prix,3,38.40208333333333,20.62222222222222
83.611,55.0,HARD,26.0,RIC,RB,Australian Grand Prix,3,38.40208333333333,20.62222222222222
83.839,56.0,HARD,27.0,RIC,RB,Australian Grand Prix,3,38.40208333333333,20.62222222222222
113.984,57.0,HARD,28.0,RIC,RB,Australian Grand Prix,3,38.40208333333333,20.62222222222222
83.577,3.0,MEDIUM,3.0,OCO,Alpine,Australian Grand Prix,3,38.40208333333333,20.62222222222222
83.574,4.0,MEDIUM,4.0,OCO,Alpine,Australian Grand Prix,3,38.40208333333333,20.62222222222222
83.784,5.0,MEDIUM,5.0,OCO,Alpine,Australian Grand Prix,3,38.40208333333333,20.62222222222222
83.841,6.0,MEDIUM,6.0,OCO,Alpine,Australian Grand Prix,3,38.40208333333333,20.62222222222222
83.198,7.0,MEDIUM,7.0,OCO,Alpine,Australian Grand Prix,3,38.40208333333333,20.62222222222222
82.98,8.0,MEDIUM,8.0,OCO,Alpine,Australian Grand Prix,3,38.40208333333333,20.62222222222222
97.948,9.0,MEDIUM,9.0,OCO,Alpine,Australian Grand Prix,3,38.40208333333333,20.62222222222222
89.439,10.0,HARD,1.0,OCO,Alpine,Australian Grand Prix,3,38.40208333333333,20.62222222222222
83.339,11.0,HARD,2.0,OCO,Alpine,Australian Grand Prix,3,38.40208333333333,20.62222222222222
82.882,12.0,HARD,3.0,OCO,Alpine,Australian Grand Prix,3,38.40208333333333,20.62222222222222
82.956,13.0,HARD,4.0,OCO,Alpine,Australian Grand Prix,3,38.40208333333333,20.62222222222222
83.119,14.0,HARD,5.0,OCO,Alpine,Australian Grand Prix,3,38.40208333333333,20.62222222222222
83.091,15.0,HARD,6.0,OCO,Alpine,Australian Grand Prix,3,38.40208333333333,20.62222222222222
110.665,16.0,HARD,7.0,OCO,Alpine,Australian Grand Prix,3,38.40208333333333,20.62222222222222
107.066,17.0,HARD,1.0,OCO,Alpine,Australian Grand Prix,3,38.40208333333333,20.62222222222222
82.587,18.0,HARD,2.0,OCO,Alpine,Australian Grand Prix,3,38.40208333333333,20.62222222222222
82.88,19.0,HARD,3.0,OCO,Alpine,Australian Grand Prix,3,38.40208333333333,20.62222222222222
82.814,20.0,HARD,4.0,OCO,Alpine,Australian Grand Prix,3,38.40208333333333,20.62222222222222
82.663,21.0,HARD,5.0,OCO,Alpine,Australian Grand Prix,3,38.40208333333333,20.62222222222222
82.803,22.0,HARD,6.0,OCO,Alpine,Australian Grand Prix,3,38.40208333333333,20.62222222222222
82.713,23.0,HARD,7.0,OCO,Alpine,Australian Grand Prix,3,38.40208333333333,20.62222222222222
82.759,24.0,HARD,8.0,OCO,Alpine,Australian Grand Prix,3,38.40208333333333,20.62222222222222
82.797,25.0,HARD,9.0,OCO,Alpine,Australian Grand Prix,3,38.40208333333333,20.62222222222222
82.892,26.0,HARD,10.0,OCO,Alpine,Australian Grand Prix,3,38.40208333333333,20.62222222222222
82.901,27.0,HARD,11.0,OCO,Alpine,Australian Grand Prix,3,38.40208333333333,20.62222222222222
83.108,28.0,HARD,12.0,OCO,Alpine,Australian Grand Prix,3,38.40208333333333,20.62222222222222
83.117,29.0,HARD,13.0,OCO,Alpine,Australian Grand Prix,3,38.40208333333333,20.62222222222222
83.04,30.0,HARD,14.0,OCO,Alpine,Australian Grand Prix,3,38.40208333333333,20.62222222222222
82.921,31.0,HARD,15.0,OCO,Alpine,Australian Grand Prix,3,38.40208333333333,20.62222222222222
82.909,32.0,HARD,16.0,OCO,Alpine,Australian Grand Prix,3,38.40208333333333,20.62222222222222
82.996,33.0,HARD,17.0,OCO,Alpine,Australian Grand Prix,3,38.40208333333333,20.62222222222222
85.483,34.0,HARD,18.0,OCO,Alpine,Australian Grand Prix,3,38.40208333333333,20.62222222222222
83.239,35.0,HARD,19.0,OCO,Alpine,Australian Grand Prix,3,38.40208333333333,20.62222222222222
84.94,36.0,HARD,20.0,OCO,Alpine,Australian Grand Prix,3,38.40208333333333,20.62222222222222
82.834,37.0,HARD,21.0,OCO,Alpine,Australian Grand Prix,3,38.40208333333333,20.62222222222222
83.627,38.0,HARD,22.0,OCO,Alpine,Australian Grand Prix,3,38.40208333333333,20.62222222222222
82.706,39.0,HARD,23.0,OCO,Alpine,Australian Grand Prix,3,38.40208333333333,20.62222222222222
82.989,40.0,HARD,24.0,OCO,Alpine,Australian Grand Prix,3,38.40208333333333,20.62222222222222
83.162,41.0,HARD,25.0,OCO,Alpine,Australian Grand Prix,3,38.40208333333333,20.62222222222222
98.198,42.0,HARD,26.0,OCO,Alpine,Australian Grand Prix,3,38.40208333333333,20.62222222222222
88.206,43.0,HARD,8.0,OCO,Alpine,Australian Grand Prix,3,38.40208333333333,20.62222222222222
81.597,44.0,HARD,9.0,OCO,Alpine,Australian Grand Prix,3,38.40208333333333,20.62222222222222
81.354,45.0,HARD,10.0,OCO,Alpine,Australian Grand Prix,3,38.40208333333333,20.62222222222222
83.041,46.0,HARD,11.0,OCO,Alpine,Australian Grand Prix,3,38.40208333333333,20.62222222222222
81.464,47.0,HARD,12.0,OCO,Alpine,Australian Grand Prix,3,38.40208333333333,20.62222222222222
81.549,48.0,HARD,13.0,OCO,Alpine,Australian Grand Prix,3,38.40208333333333,20.62222222222222
81.678,49.0,HARD,14.0,OCO,Alpine,Australian Grand Prix,3,38.40208333333333,20.62222222222222
81.633,50.0,HARD,15.0,OCO,Alpine,Australian Grand Prix,3,38.40208333333333,20.62222222222222
81.951,51.0,HARD,16.0,OCO,Alpine,Australian Grand Prix,3,38.40208333333333,20.62222222222222
82.155,52.0,HARD,17.0,OCO,Alpine,Australian Grand Prix,3,38.40208333333333,20.62222222222222
82.207,53.0,HARD,18.0,OCO,Alpine,Australian Grand Prix,3,38.40208333333333,20.62222222222222
82.229,54.0,HARD,19.0,OCO,Alpine,Australian Grand Prix,3,38.40208333333333,20.62222222222222
82.304,55.0,HARD,20.0,OCO,Alpine,Australian Grand Prix,3,38.40208333333333,20.62222222222222
89.807,56.0,HARD,21.0,OCO,Alpine,Australian Grand Prix,3,38.40208333333333,20.62222222222222
124.147,57.0,HARD,22.0,OCO,Alpine,Australian Grand Prix,3,38.40208333333333,20.62222222222222
82.656,3.0,MEDIUM,3.0,NOR,McLaren,Australian Grand Prix,3,38.40208333333333,20.62222222222222
82.609,4.0,MEDIUM,4.0,NOR,McLaren,Australian Grand Prix,3,38.40208333333333,20.62222222222222
82.685,5.0,MEDIUM,5.0,NOR,McLaren,Australian Grand Prix,3,38.40208333333333,20.62222222222222
82.632,6.0,MEDIUM,6.0,NOR,McLaren,Australian Grand Prix,3,38.40208333333333,20.62222222222222
82.744,7.0,MEDIUM,7.0,NOR,McLaren,Australian Grand Prix,3,38.40208333333333,20.62222222222222
82.63,8.0,MEDIUM,8.0,NOR,McLaren,Australian Grand Prix,3,38.40208333333333,20.62222222222222
82.727,9.0,MEDIUM,9.0,NOR,McLaren,Australian Grand Prix,3,38.40208333333333,20.62222222222222
82.695,10.0,MEDIUM,10.0,NOR,McLaren,Australian Grand Prix,3,38.40208333333333,20.62222222222222
82.936,11.0,MEDIUM,11.0,NOR,McLaren,Australian Grand Prix,3,38.40208333333333,20.62222222222222
82.814,12.0,MEDIUM,12.0,NOR,McLaren,Australian Grand Prix,3,38.40208333333333,20.62222222222222
83.153,13.0,MEDIUM,13.0,NOR,McLaren,Australian Grand Prix,3,38.40208333333333,20.62222222222222
98.099,14.0,MEDIUM,14.0,NOR,McLaren,Australian Grand Prix,3,38.40208333333333,20.62222222222222
88.205,15.0,HARD,2.0,NOR,McLaren,Australian Grand Prix,3,38.40208333333333,20.62222222222222
81.936,16.0,HARD,3.0,NOR,McLaren,Australian Grand Prix,3,38.40208333333333,20.62222222222222
98.388,17.0,HARD,4.0,NOR,McLaren,Australian Grand Prix,3,38.40208333333333,20.62222222222222
87.418,18.0,HARD,5.0,NOR,McLaren,Australian Grand Prix,3,38.40208333333333,20.62222222222222
82.356,19.0,HARD,6.0,NOR,McLaren,Australian Grand Prix,3,38.40208333333333,20.62222222222222
81.642,20.0,HARD,7.0,NOR,McLaren,Australian Grand Prix,3,38.40208333333333,20.62222222222222
81.907,21.0,HARD,8.0,NOR,McLaren,Australian Grand Prix,3,38.40208333333333,20.62222222222222
81.749,22.0,HARD,9.0,NOR,McLaren,Australian Grand Prix,3,38.40208333333333,20.62222222222222
81.745,23.0,HARD,10.0,NOR,McLaren,Australian Grand Prix,3,38.40208333333333,20.62222222222222
81.562,24.0,HARD,11.0,NOR,McLaren,Australian Grand Prix,3,38.40208333333333,20.62222222222222
81.713,25.0,HARD,12.0,NOR,McLaren,Australian Grand Prix,3,38.40208333333333,20.62222222222222
81.611,26.0,HARD,13.0,NOR,McLaren,Australian Grand Prix,3,38.40208333333333,20.62222222222222
81.976,27.0,HARD,14.0,NOR,McLaren,Australian Grand Prix,3,38.40208333333333,20.62222222222222
81.837,28.0,HARD,15.0,NOR,McLaren,Australian Grand Prix,3,38.40208333333333,20.62222222222222
81.864,29.0,HARD,16.0,NOR,McLaren,Australian Grand Prix,3,38.40208333333333,20.62222222222222
81.982,30.0,HARD,17.0,NOR,McLaren,Australian Grand Prix,3,38.40208333333333,20.62222222222222
81.848,31.0,HARD,18.0,NOR,McLaren,Australian Grand Prix,3,38.40208333333333,20.62222222222222
81.574,32.0,HARD,19.0,NOR,McLaren,Australian Grand Prix,3,38.40208333333333,20.62222222222222
81.692,33.0,HARD,20.0,NOR,McLaren,Australian Grand Prix,3,38.40208333333333,20.62222222222222
81.769,34.0,HARD,21.0,NOR,McLaren,Australian Grand Prix,3,38.40208333333333,20.62222222222222
81.51,35.0,HARD,22.0,NOR,McLaren,Australian Grand Prix,3,38.40208333333333,20.62222222222222
81.446,36.0,HARD,23.0,NOR,McLaren,Australian Grand Prix,3,38.40208333333333,20.62222222222222
81.662,37.0,HARD,24.0,NOR,McLaren,Australian Grand Prix,3,38.40208333333333,20.62222222222222
81.518,38.0,HARD,25.0,NOR,McLaren,Australian Grand Prix,3,38.40208333333333,20.62222222222222
81.901,39.0,HARD,26.0,NOR,McLaren,Australian Grand Prix,3,38.40208333333333,20.62222222222222
96.023,40.0,HARD,27.0,NOR,McLaren,Australian Grand Prix,3,38.40208333333333,20.62222222222222
86.576,41.0,HARD,2.0,NOR,McLaren,Australian Grand Prix,3,38.40208333333333,20.62222222222222
81.025,42.0,HARD,3.0,NOR,McLaren,Australian Grand Prix,3,38.40208333333333,20.62222222222222
80.652,43.0,HARD,4.0,NOR,McLaren,Australian Grand Prix,3,38.40208333333333,20.62222222222222
80.613,44.0,HARD,5.0,NOR,McLaren,Australian Grand Prix,3,38.40208333333333,20.62222222222222
80.62,45.0,HARD,6.0,NOR,McLaren,Australian Grand Prix,3,38.40208333333333,20.62222222222222
79.971,46.0,HARD,7.0,NOR,McLaren,Australian Grand Prix,3,38.40208333333333,20.62222222222222
80.188,47.0,HARD,8.0,NOR,McLaren,Australian Grand Prix,3,38.40208333333333,20.62222222222222
80.26,48.0,HARD,9.0,NOR,McLaren,Australian Grand Prix,3,38.40208333333333,20.62222222222222
79.915,49.0,HARD,10.0,NOR,McLaren,Australian Grand Prix,3,38.40208333333333,20.62222222222222
80.151,50.0,HARD,11.0,NOR,McLaren,Australian Grand Prix,3,38.40208333333333,20.62222222222222
80.261,51.0,HARD,12.0,NOR,McLaren,Australian Grand Prix,3,38.40208333333333,20.62222222222222
79.959,52.0,HARD,13.0,NOR,McLaren,Australian Grand Prix,3,38.40208333333333,20.62222222222222
80.267,53.0,HARD,14.0,NOR,McLaren,Australian Grand Prix,3,38.40208333333333,20.62222222222222
80.107,54.0,HARD,15.0,NOR,McLaren,Australian Grand Prix,3,38.40208333333333,20.62222222222222
80.294,55.0,HARD,16.0,NOR,McLaren,Australian Grand Prix,3,38.40208333333333,20.62222222222222
80.481,56.0,HARD,17.0,NOR,McLaren,Australian Grand Prix,3,38.40208333333333,20.62222222222222
80.571,57.0,HARD,18.0,NOR,McLaren,Australian Grand Prix,3,38.40208333333333,20.62222222222222
110.655,58.0,HARD,19.0,NOR,McLaren,Australian Grand Prix,3,38.40208333333333,20.62222222222222
83.07,3.0,SOFT,3.0,HAM,Mercedes,Australian Grand Prix,3,38.40208333333333,20.62222222222222
83.436,4.0,SOFT,4.0,HAM,Mercedes,Australian Grand Prix,3,38.40208333333333,20.62222222222222
83.556,5.0,SOFT,5.0,HAM,Mercedes,Australian Grand Prix,3,38.40208333333333,20.62222222222222
83.165,6.0,SOFT,6.0,HAM,Mercedes,Australian Grand Prix,3,38.40208333333333,20.62222222222222
96.858,7.0,SOFT,7.0,HAM,Mercedes,Australian Grand Prix,3,38.40208333333333,20.62222222222222
88.164,8.0,HARD,1.0,HAM,Mercedes,Australian Grand Prix,3,38.40208333333333,20.62222222222222
82.555,9.0,HARD,2.0,HAM,Mercedes,Australian Grand Prix,3,38.40208333333333,20.62222222222222
84.295,10.0,HARD,3.0,HAM,Mercedes,Australian Grand Prix,3,38.40208333333333,20.62222222222222
82.444,11.0,HARD,4.0,HAM,Mercedes,Australian Grand Prix,3,38.40208333333333,20.62222222222222
83.041,12.0,HARD,5.0,HAM,Mercedes,Australian Grand Prix,3,38.40208333333333,20.62222222222222
83.246,13.0,HARD,6.0,HAM,Mercedes,Australian Grand Prix,3,38.40208333333333,20.62222222222222
82.712,14.0,HARD,7.0,HAM,Mercedes,Australian Grand Prix,3,38.40208333333333,20.62222222222222
84.141,15.0,HARD,8.0,HAM,Mercedes,Australian Grand Prix,3,38.40208333333333,20.62222222222222
83.006,3.0,MEDIUM,3.0,SAI,Ferrari,Australian Grand Prix,3,38.40208333333333,20.62222222222222
82.433,4.0,MEDIUM,4.0,SAI,Ferrari,Australian Grand Prix,3,38.40208333333333,20.62222222222222
82.629,5.0,MEDIUM,5.0,SAI,Ferrari,Australian Grand Prix,3,38.40208333333333,20.62222222222222
82.572,6.0,MEDIUM,6.0,SAI,Ferrari,Australian Grand Prix,3,38.40208333333333,20.62222222222222
82.434,7.0,MEDIUM,7.0,SAI,Ferrari,Australian Grand Prix,3,38.40208333333333,20.62222222222222
82.303,8.0,MEDIUM,8.0,SAI,Ferrari,Australian Grand Prix,3,38.40208333333333,20.62222222222222
82.025,9.0,MEDIUM,9.0,SAI,Ferrari,Australian Grand Prix,3,38.40208333333333,20.62222222222222
81.715,10.0,MEDIUM,10.0,SAI,Ferrari,Australian Grand Prix,3,38.40208333333333,20.62222222222222
81.938,11.0,MEDIUM,11.0,SAI,Ferrari,Australian Grand Prix,3,38.40208333333333,20.62222222222222
82.175,12.0,MEDIUM,12.0,SAI,Ferrari,Australian Grand Prix,3,38.40208333333333,20.62222222222222
82.205,13.0,MEDIUM,13.0,SAI,Ferrari,Australian Grand Prix,3,38.40208333333333,20.62222222222222
82.487,14.0,MEDIUM,14.0,SAI,Ferrari,Australian Grand Prix,3,38.40208333333333,20.62222222222222
82.62,15.0,MEDIUM,15.0,SAI,Ferrari,Australian Grand Prix,3,38.40208333333333,20.62222222222222
96.31,16.0,MEDIUM,16.0,SAI,Ferrari,Australian Grand Prix,3,38.40208333333333,20.62222222222222
103.765,17.0,HARD,1.0,SAI,Ferrari,Australian Grand Prix,3,38.40208333333333,20.62222222222222
89.93,18.0,HARD,2.0,SAI,Ferrari,Australian Grand Prix,3,38.40208333333333,20.62222222222222
81.811,19.0,HARD,3.0,SAI,Ferrari,Australian Grand Prix,3,38.40208333333333,20.62222222222222
81.602,20.0,HARD,4.0,SAI,Ferrari,Australian Grand Prix,3,38.40208333333333,20.62222222222222
81.931,21.0,HARD,5.0,SAI,Ferrari,Australian Grand Prix,3,38.40208333333333,20.62222222222222
81.471,22.0,HARD,6.0,SAI,Ferrari,Australian Grand Prix,3,38.40208333333333,20.62222222222222
81.531,23.0,HARD,7.0,SAI,Ferrari,Australian Grand Prix,3,38.40208333333333,20.62222222222222
81.458,24.0,HARD,8.0,SAI,Ferrari,Australian Grand Prix,3,38.40208333333333,20.62222222222222
81.243,25.0,HARD,9.0,SAI,Ferrari,Australian Grand Prix,3,38.40208333333333,20.62222222222222
81.078,26.0,HARD,10.0,SAI,Ferrari,Australian Grand Prix,3,38.40208333333333,20.62222222222222
81.457,27.0,HARD,11.0,SAI,Ferrari,Australian Grand Prix,3,38.40208333333333,20.62222222222222
81.44,28.0,HARD,12.0,SAI,Ferrari,Australian Grand Prix,3,38.40208333333333,20.62222222222222
81.489,29.0,HARD,13.0,SAI,Ferrari,Australian Grand Prix,3,38.40208333333333,20.62222222222222
81.623,30.0,HARD,14.0,SAI,Ferrari,Australian Grand Prix,3,38.40208333333333,20.62222222222222
81.282,31.0,HARD,15.0,SAI,Ferrari,Australian Grand Prix,3,38.40208333333333,20.62222222222222
81.205,32.0,HARD,16.0,SAI,Ferrari,Australian Grand Prix,3,38.40208333333333,20.62222222222222
81.495,33.0,HARD,17.0,SAI,Ferrari,Australian Grand Prix,3,38.40208333333333,20.62222222222222
81.717,34.0,HARD,18.0,SAI,Ferrari,Australian Grand Prix,3,38.40208333333333,20.62222222222222
81.721,35.0,HARD,19.0,SAI,Ferrari,Australian Grand Prix,3,38.40208333333333,20.62222222222222
82.018,36.0,HARD,20.0,SAI,Ferrari,Australian Grand Prix,3,38.40208333333333,20.62222222222222
81.971,37.0,HARD,21.0,SAI,Ferrari,Australian Grand Prix,3,38.40208333333333,20.62222222222222
81.412,38.0,HARD,22.0,SAI,Ferrari,Australian Grand Prix,3,38.40208333333333,20.62222222222222
81.554,39.0,HARD,23.0,SAI,Ferrari,Australian Grand Prix,3,38.40208333333333,20.62222222222222
81.443,40.0,HARD,24.0,SAI,Ferrari,Australian Grand Prix,3,38.40208333333333,20.62222222222222
95.51,41.0,HARD,25.0,SAI,Ferrari,Australian Grand Prix,3,38.40208333333333,20.62222222222222
87.215,42.0,HARD,1.0,SAI,Ferrari,Australian Grand Prix,3,38.40208333333333,20.62222222222222
80.73,43.0,HARD,2.0,SAI,Ferrari,Australian Grand Prix,3,38.40208333333333,20.62222222222222
80.767,44.0,HARD,3.0,SAI,Ferrari,Australian Grand Prix,3,38.40208333333333,20.62222222222222
80.223,45.0,HARD,4.0,SAI,Ferrari,Australian Grand Prix,3,38.40208333333333,20.62222222222222
80.374,46.0,HARD,5.0,SAI,Ferrari,Australian Grand Prix,3,38.40208333333333,20.62222222222222
80.203,47.0,HARD,6.0,SAI,Ferrari,Australian Grand Prix,3,38.40208333333333,20.62222222222222
80.031,48.0,HARD,7.0,SAI,Ferrari,Australian Grand Prix,3,38.40208333333333,20.62222222222222
80.281,49.0,HARD,8.0,SAI,Ferrari,Australian Grand Prix,3,38.40208333333333,20.62222222222222
80.45,50.0,HARD,9.0,SAI,Ferrari,Australian Grand Prix,3,38.40208333333333,20.62222222222222
80.083,51.0,HARD,10.0,SAI,Ferrari,Australian Grand Prix,3,38.40208333333333,20.62222222222222
80.209,52.0,HARD,11.0,SAI,Ferrari,Australian Grand Prix,3,38.40208333333333,20.62222222222222
80.615,53.0,HARD,12.0,SAI,Ferrari,Australian Grand Prix,3,38.40208333333333,20.62222222222222
80.582,54.0,HARD,13.0,SAI,Ferrari,Australian Grand Prix,3,38.40208333333333,20.62222222222222
80.753,55.0,HARD,14.0,SAI,Ferrari,Australian Grand Prix,3,38.40208333333333,20.62222222222222
81.098,56.0,HARD,15.0,SAI,Ferrari,Australian Grand Prix,3,38.40208333333333,20.62222222222222
80.882,57.0,HARD,16.0,SAI,Ferrari,Australian Grand Prix,3,38.40208333333333,20.62222222222222
111.363,58.0,HARD,17.0,SAI,Ferrari,Australian Grand Prix,3,38.40208333333333,20.62222222222222
83.037,3.0,MEDIUM,3.0,RUS,Mercedes,Australian Grand Prix,3,38.40208333333333,20.62222222222222
83.571,4.0,MEDIUM,4.0,RUS,Mercedes,Australian Grand Prix,3,38.40208333333333,20.62222222222222
83.172,5.0,MEDIUM,5.0,RUS,Mercedes,Australian Grand Prix,3,38.40208333333333,20.62222222222222
83.119,6.0,MEDIUM,6.0,RUS,Mercedes,Australian Grand Prix,3,38.40208333333333,20.62222222222222
82.764,7.0,MEDIUM,7.0,RUS,Mercedes,Australian Grand Prix,3,38.40208333333333,20.62222222222222
96.92,8.0,MEDIUM,8.0,RUS,Mercedes,Australian Grand Prix,3,38.40208333333333,20.62222222222222
88.331,9.0,HARD,1.0,RUS,Mercedes,Australian Grand Prix,3,38.40208333333333,20.62222222222222
82.737,10.0,HARD,2.0,RUS,Mercedes,Australian Grand Prix,3,38.40208333333333,20.62222222222222
82.716,11.0,HARD,3.0,RUS,Mercedes,Australian Grand Prix,3,38.40208333333333,20.62222222222222
83.022,12.0,HARD,4.0,RUS,Mercedes,Australian Grand Prix,3,38.40208333333333,20.62222222222222
83.438,13.0,HARD,5.0,RUS,Mercedes,Australian Grand Prix,3,38.40208333333333,20.62222222222222
83.39,14.0,HARD,6.0,RUS,Mercedes,Australian Grand Prix,3,38.40208333333333,20.62222222222222
84.086,15.0,HARD,7.0,RUS,Mercedes,Australian Grand Prix,3,38.40208333333333,20.62222222222222
83.366,16.0,HARD,8.0,RUS,Mercedes,Australian Grand Prix,3,38.40208333333333,20.62222222222222
101.485,17.0,HARD,9.0,RUS,Mercedes,Australian Grand Prix,3,38.40208333333333,20.62222222222222
87.166,18.0,HARD,10.0,RUS,Mercedes,Australian Grand Prix,3,38.40208333333333,20.62222222222222
82.4,19.0,HARD,11.0,RUS,Mercedes,Australian Grand Prix,3,38.40208333333333,20.62222222222222
82.434,20.0,HARD,12.0,RUS,Mercedes,Australian Grand Prix,3,38.40208333333333,20.62222222222222
83.429,21.0,HARD,13.0,RUS,Mercedes,Australian Grand Prix,3,38.40208333333333,20.62222222222222
82.838,22.0,HARD,14.0,RUS,Mercedes,Australian Grand Prix,3,38.40208333333333,20.62222222222222
83.012,23.0,HARD,15.0,RUS,Mercedes,Australian Grand Prix,3,38.40208333333333,20.62222222222222
82.942,24.0,HARD,16.0,RUS,Mercedes,Australian Grand Prix,3,38.40208333333333,20.62222222222222
82.703,25.0,HARD,17.0,RUS,Mercedes,Australian Grand Prix,3,38.40208333333333,20.62222222222222
82.885,26.0,HARD,18.0,RUS,Mercedes,Australian Grand Prix,3,38.40208333333333,20.62222222222222
83.138,27.0,HARD,19.0,RUS,Mercedes,Australian Grand Prix,3,38.40208333333333,20.62222222222222
83.096,28.0,HARD,20.0,RUS,Mercedes,Australian Grand Prix,3,38.40208333333333,20.62222222222222
82.663,29.0,HARD,21.0,RUS,Mercedes,Australian Grand Prix,3,38.40208333333333,20.62222222222222
82.663,30.0,HARD,22.0,RUS,Mercedes,Australian Grand Prix,3,38.40208333333333,20.62222222222222
82.515,31.0,HARD,23.0,RUS,Mercedes,Australian Grand Prix,3,38.40208333333333,20.62222222222222
82.71,32.0,HARD,24.0,RUS,Mercedes,Australian Grand Prix,3,38.40208333333333,20.62222222222222
82.461,33.0,HARD,25.0,RUS,Mercedes,Australian Grand Prix,3,38.40208333333333,20.62222222222222
82.353,34.0,HARD,26.0,RUS,Mercedes,Australian Grand Prix,3,38.40208333333333,20.62222222222222
82.591,35.0,HARD,27.0,RUS,Mercedes,Australian Grand Prix,3,38.40208333333333,20.62222222222222
82.537,36.0,HARD,28.0,RUS,Mercedes,Australian Grand Prix,3,38.40208333333333,20.62222222222222
82.408,37.0,HARD,29.0,RUS,Mercedes,Australian Grand Prix,3,38.40208333333333,20.62222222222222
82.175,38.0,HARD,30.0,RUS,Mercedes,Australian Grand Prix,3,38.40208333333333,20.62222222222222
82.167,39.0,HARD,31.0,RUS,Mercedes,Australian Grand Prix,3,38.40208333333333,20.62222222222222
82.473,40.0,HARD,32.0,RUS,Mercedes,Australian Grand Prix,3,38.40208333333333,20.62222222222222
82.319,41.0,HARD,33.0,RUS,Mercedes,Australian Grand Prix,3,38.40208333333333,20.62222222222222
82.257,42.0,HARD,34.0,RUS,Mercedes,Australian Grand Prix,3,38.40208333333333,20.62222222222222
82.111,43.0,HARD,35.0,RUS,Mercedes,Australian Grand Prix,3,38.40208333333333,20.62222222222222
82.097,44.0,HARD,36.0,RUS,Mercedes,Australian Grand Prix,3,38.40208333333333,20.62222222222222
96.343,45.0,HARD,37.0,RUS,Mercedes,Australian Grand Prix,3,38.40208333333333,20.62222222222222
86.434,46.0,HARD,1.0,RUS,Mercedes,Australian Grand Prix,3,38.40208333333333,20.62222222222222
80.326,47.0,HARD,2.0,RUS,Mercedes,Australian Grand Prix,3,38.40208333333333,20.62222222222222
80.739,48.0,HARD,3.0,RUS,Mercedes,Australian Grand Prix,3,38.40208333333333,20.62222222222222
80.808,49.0,HARD,4.0,RUS,Mercedes,Australian Grand Prix,3,38.40208333333333,20.62222222222222
80.982,50.0,HARD,5.0,RUS,Mercedes,Australian Grand Prix,3,38.40208333333333,20.62222222222222
80.695,51.0,HARD,6.0,RUS,Mercedes,Australian Grand Prix,3,38.40208333333333,20.62222222222222
80.529,52.0,HARD,7.0,RUS,Mercedes,Australian Grand Prix,3,38.40208333333333,20.62222222222222
80.284,53.0,HARD,8.0,RUS,Mercedes,Australian Grand Prix,3,38.40208333333333,20.62222222222222
81.194,54.0,HARD,9.0,RUS,Mercedes,Australian Grand Prix,3,38.40208333333333,20.62222222222222
80.791,55.0,HARD,10.0,RUS,Mercedes,Australian Grand Prix,3,38.40208333333333,20.62222222222222
80.655,56.0,HARD,11.0,RUS,Mercedes,Australian Grand Prix,3,38.40208333333333,20.62222222222222
83.272,3.0,MEDIUM,4.0,BOT,Kick Sauber,Australian Grand Prix,3,38.40208333333333,20.62222222222222
83.705,4.0,MEDIUM,5.0,BOT,Kick Sauber,Australian Grand Prix,3,38.40208333333333,20.62222222222222
83.56,5.0,MEDIUM,6.0,BOT,Kick Sauber,Australian Grand Prix,3,38.40208333333333,20.62222222222222
83.122,6.0,MEDIUM,7.0,BOT,Kick Sauber,Australian Grand Prix,3,38.40208333333333,20.62222222222222
83.738,7.0,MEDIUM,8.0,BOT,Kick Sauber,Australian Grand Prix,3,38.40208333333333,20.62222222222222
126.645,8.0,MEDIUM,9.0,BOT,Kick Sauber,Australian Grand Prix,3,38.40208333333333,20.62222222222222
89.919,9.0,HARD,2.0,BOT,Kick Sauber,Australian Grand Prix,3,38.40208333333333,20.62222222222222
83.161,10.0,HARD,3.0,BOT,Kick Sauber,Australian Grand Prix,3,38.40208333333333,20.62222222222222
83.44,11.0,HARD,4.0,BOT,Kick Sauber,Australian Grand Prix,3,38.40208333333333,20.62222222222222
82.976,12.0,HARD,5.0,BOT,Kick Sauber,Australian Grand Prix,3,38.40208333333333,20.62222222222222
83.159,13.0,HARD,6.0,BOT,Kick Sauber,Australian Grand Prix,3,38.40208333333333,20.62222222222222
83.395,14.0,HARD,7.0,BOT,Kick Sauber,Australian Grand Prix,3,38.40208333333333,20.62222222222222
83.329,15.0,HARD,8.0,BOT,Kick Sauber,Australian Grand Prix,3,38.40208333333333,20.62222222222222
84.119,16.0,HARD,9.0,BOT,Kick Sauber,Australian Grand Prix,3,38.40208333333333,20.62222222222222
105.281,17.0,HARD,10.0,BOT,Kick Sauber,Australian Grand Prix,3,38.40208333333333,20.62222222222222
82.609,18.0,HARD,11.0,BOT,Kick Sauber,Australian Grand Prix,3,38.40208333333333,20.62222222222222
82.597,19.0,HARD,12.0,BOT,Kick Sauber,Australian Grand Prix,3,38.40208333333333,20.62222222222222
82.694,20.0,HARD,13.0,BOT,Kick Sauber,Australian Grand Prix,3,38.40208333333333,20.62222222222222
82.439,21.0,HARD,14.0,BOT,Kick Sauber,Australian Grand Prix,3,38.40208333333333,20.62222222222222
82.722,22.0,HARD,15.0,BOT,Kick Sauber,Australian Grand Prix,3,38.40208333333333,20.62222222222222
82.34,23.0,HARD,16.0,BOT,Kick Sauber,Australian Grand Prix,3,38.40208333333333,20.62222222222222
82.91,24.0,HARD,17.0,BOT,Kick Sauber,Australian Grand Prix,3,38.40208333333333,20.62222222222222
82.551,25.0,HARD,18.0,BOT,Kick Sauber,Australian Grand Prix,3,38.40208333333333,20.62222222222222
83.067,26.0,HARD,19.0,BOT,Kick Sauber,Australian Grand Prix,3,38.40208333333333,20.62222222222222
82.934,27.0,HARD,20.0,BOT,Kick Sauber,Australian Grand Prix,3,38.40208333333333,20.62222222222222
82.948,28.0,HARD,21.0,BOT,Kick Sauber,Australian Grand Prix,3,38.40208333333333,20.62222222222222
82.835,29.0,HARD,22.0,BOT,Kick Sauber,Australian Grand Prix,3,38.40208333333333,20.62222222222222
82.998,30.0,HARD,23.0,BOT,Kick Sauber,Australian Grand Prix,3,38.40208333333333,20.62222222222222
83.01,31.0,HARD,24.0,BOT,Kick Sauber,Australian Grand Prix,3,38.40208333333333,20.62222222222222
82.897,32.0,HARD,25.0,BOT,Kick Sauber,Australian Grand Prix,3,38.40208333333333,20.62222222222222
82.851,33.0,HARD,26.0,BOT,Kick Sauber,Australian Grand Prix,3,38.40208333333333,20.62222222222222
86.453,34.0,HARD,27.0,BOT,Kick Sauber,Australian Grand Prix,3,38.40208333333333,20.62222222222222
83.446,35.0,HARD,28.0,BOT,Kick Sauber,Australian Grand Prix,3,38.40208333333333,20.62222222222222
98.523,36.0,HARD,29.0,BOT,Kick Sauber,Australian Grand Prix,3,38.40208333333333,20.62222222222222
88.154,37.0,HARD,1.0,BOT,Kick Sauber,Australian Grand Prix,3,38.40208333333333,20.62222222222222
81.755,38.0,HARD,2.0,BOT,Kick Sauber,Australian Grand Prix,3,38.40208333333333,20.62222222222222
81.646,39.0,HARD,3.0,BOT,Kick Sauber,Australian Grand Prix,3,38.40208333333333,20.62222222222222
81.533,40.0,HARD,4.0,BOT,Kick Sauber,Australian Grand Prix,3,38.40208333333333,20.62222222222222
82.008,41.0,HARD,5.0,BOT,Kick Sauber,Australian Grand Prix,3,38.40208333333333,20.62222222222222
85.18,42.0,HARD,6.0,BOT,Kick Sauber,Australian Grand Prix,3,38.40208333333333,20.62222222222222
82.889,43.0,HARD,7.0,BOT,Kick Sauber,Australian Grand Prix,3,38.40208333333333,20.62222222222222
83.241,44.0,HARD,8.0,BOT,Kick Sauber,Australian Grand Prix,3,38.40208333333333,20.62222222222222
81.711,45.0,HARD,9.0,BOT,Kick Sauber,Australian Grand Prix,3,38.40208333333333,20.62222222222222
81.554,46.0,HARD,10.0,BOT,Kick Sauber,Australian Grand Prix,3,38.40208333333333,20.62222222222222
81.583,47.0,HARD,11.0,BOT,Kick Sauber,Australian Grand Prix,3,38.40208333333333,20.62222222222222
81.422,48.0,HARD,12.0,BOT,Kick Sauber,Australian Grand Prix,3,38.40208333333333,20.62222222222222
81.457,49.0,HARD,13.0,BOT,Kick Sauber,Australian Grand Prix,3,38.40208333333333,20.62222222222222
83.898,50.0,HARD,14.0,BOT,Kick Sauber,Australian Grand Prix,3,38.40208333333333,20.62222222222222
81.649,51.0,HARD,15.0,BOT,Kick Sauber,Australian Grand Prix,3,38.40208333333333,20.62222222222222
82.056,52.0,HARD,16.0,BOT,Kick Sauber,Australian Grand Prix,3,38.40208333333333,20.62222222222222
81.82,53.0,HARD,17.0,BOT,Kick Sauber,Australian Grand Prix,3,38.40208333333333,20.62222222222222
82.029,54.0,HARD,18.0,BOT,Kick Sauber,Australian Grand Prix,3,38.40208333333333,20.62222222222222
82.01,55.0,HARD,19.0,BOT,Kick Sauber,Australian Grand Prix,3,38.40208333333333,20.62222222222222
88.05,56.0,HARD,20.0,BOT,Kick Sauber,Australian Grand Prix,3,38.40208333333333,20.62222222222222
118.772,57.0,HARD,21.0,BOT,Kick Sauber,Australian Grand Prix,3,38.40208333333333,20.62222222222222
82.669,3.0,MEDIUM,3.0,PIA,McLaren,Australian Grand Prix,3,38.40208333333333,20.62222222222222
82.581,4.0,MEDIUM,4.0,PIA,McLaren,Australian Grand Prix,3,38.40208333333333,20.62222222222222
82.594,5.0,MEDIUM,5.0,PIA,McLaren,Australian Grand Prix,3,38.40208333333333,20.62222222222222
82.582,6.0,MEDIUM,6.0,PIA,McLaren,Australian Grand Prix,3,38.40208333333333,20.62222222222222
82.877,7.0,MEDIUM,7.0,PIA,McLaren,Australian Grand Prix,3,38.40208333333333,20.62222222222222
83.052,8.0,MEDIUM,8.0,PIA,McLaren,Australian Grand Prix,3,38.40208333333333,20.62222222222222
96.501,9.0,MEDIUM,9.0,PIA,McLaren,Australian Grand Prix,3,38.40208333333333,20.62222222222222
87.799,10.0,HARD,2.0,PIA,McLaren,Australian Grand Prix,3,38.40208333333333,20.62222222222222
82.728,11.0,HARD,3.0,PIA,McLaren,Australian Grand Prix,3,38.40208333333333,20.62222222222222
82.948,12.0,HARD,4.0,PIA,McLaren,Australian Grand Prix,3,38.40208333333333,20.62222222222222
82.426,13.0,HARD,5.0,PIA,McLaren,Australian Grand Prix,3,38.40208333333333,20.62222222222222
81.968,14.0,HARD,6.0,PIA,McLaren,Australian Grand Prix,3,38.40208333333333,20.62222222222222
81.961,15.0,HARD,7.0,PIA,McLaren,Australian Grand Prix,3,38.40208333333333,20.62222222222222
82.015,16.0,HARD,8.0,PIA,McLaren,Australian Grand Prix,3,38.40208333333333,20.62222222222222
96.822,17.0,HARD,9.0,PIA,McLaren,Australian Grand Prix,3,38.40208333333333,20.62222222222222
88.994,18.0,HARD,10.0,PIA,McLaren,Australian Grand Prix,3,38.40208333333333,20.62222222222222
81.871,19.0,HARD,11.0,PIA,McLaren,Australian Grand Prix,3,38.40208333333333,20.62222222222222
82.085,20.0,HARD,12.0,PIA,McLaren,Australian Grand Prix,3,38.40208333333333,20.62222222222222
81.923,21.0,HARD,13.0,PIA,McLaren,Australian Grand Prix,3,38.40208333333333,20.62222222222222
82.013,22.0,HARD,14.0,PIA,McLaren,Australian Grand Prix,3,38.40208333333333,20.62222222222222
81.817,23.0,HARD,15.0,PIA,McLaren,Australian Grand Prix,3,38.40208333333333,20.62222222222222
81.83,24.0,HARD,16.0,PIA,McLaren,Australian Grand Prix,3,38.40208333333333,20.62222222222222
81.597,25.0,HARD,17.0,PIA,McLaren,Australian Grand Prix,3,38.40208333333333,20.62222222222222
82.243,26.0,HARD,18.0,PIA,McLaren,Australian Grand Prix,3,38.40208333333333,20.62222222222222
82.287,27.0,HARD,19.0,PIA,McLaren,Australian Grand Prix,3,38.40208333333333,20.62222222222222
82.204,28.0,HARD,20.0,PIA,McLaren,Australian Grand Prix,3,38.40208333333333,20.62222222222222
83.479,29.0,HARD,21.0,PIA,McLaren,Australian Grand Prix,3,38.40208333333333,20.62222222222222
82.52,30.0,HARD,22.0,PIA,McLaren,Australian Grand Prix,3,38.40208333333333,20.62222222222222
82.133,31.0,HARD,23.0,PIA,McLaren,Australian Grand Prix,3,38.40208333333333,20.62222222222222
81.989,32.0,HARD,24.0,PIA,McLaren,Australian Grand Prix,3,38.40208333333333,20.62222222222222
82.1,33.0,HARD,25.0,PIA,McLaren,Australian Grand Prix,3,38.40208333333333,20.62222222222222
82.238,34.0,HARD,26.0,PIA,McLaren,Australian Grand Prix,3,38.40208333333333,20.62222222222222
82.059,35.0,HARD,27.0,PIA,McLaren,Australian Grand Prix,3,38.40208333333333,20.62222222222222
82.047,36.0,HARD,28.0,PIA,McLaren,Australian Grand Prix,3,38.40208333333333,20.62222222222222
81.89,37.0,HARD,29.0,PIA,McLaren,Australian Grand Prix,3,38.40208333333333,20.62222222222222
85.203,38.0,HARD,30.0,PIA,McLaren,Australian Grand Prix,3,38.40208333333333,20.62222222222222
96.781,39.0,HARD,31.0,PIA,McLaren,Australian Grand Prix,3,38.40208333333333,20.62222222222222
86.93,40.0,HARD,2.0,PIA,McLaren,Australian Grand Prix,3,38.40208333333333,20.62222222222222
81.424,41.0,HARD,3.0,PIA,McLaren,Australian Grand Prix,3,38.40208333333333,20.62222222222222
81.08,42.0,HARD,4.0,PIA,McLaren,Australian Grand Prix,3,38.40208333333333,20.62222222222222
80.485,43.0,HARD,5.0,PIA,McLaren,Australian Grand Prix,3,38.40208333333333,20.62222222222222
80.395,44.0,HARD,6.0,PIA,McLaren,Australian Grand Prix,3,38.40208333333333,20.62222222222222
80.223,45.0,HARD,7.0,PIA,McLaren,Australian Grand Prix,3,38.40208333333333,20.62222222222222
80.615,46.0,HARD,8.0,PIA,McLaren,Australian Grand Prix,3,38.40208333333333,20.62222222222222
80.682,47.0,HARD,9.0,PIA,McLaren,Australian Grand Prix,3,38.40208333333333,20.62222222222222
80.588,48.0,HARD,10.0,PIA,McLaren,Australian Grand Prix,3,38.40208333333333,20.62222222222222
80.352,49.0,HARD,11.0,PIA,McLaren,Australian Grand Prix,3,38.40208333333333,20.62222222222222
80.496,50.0,HARD,12.0,PIA,McLaren,Australian Grand Prix,3,38.40208333333333,20.62222222222222
80.718,51.0,HARD,13.0,PIA,McLaren,Australian Grand Prix,3,38.40208333333333,20.62222222222222
80.295,52.0,HARD,14.0,PIA,McLaren,Australian Grand Prix,3,38.40208333333333,20.62222222222222
80.308,53.0,HARD,15.0,PIA,McLaren,Australian Grand Prix,3,38.40208333333333,20.62222222222222
80.199,54.0,HARD,16.0,PIA,McLaren,Australian Grand Prix,3,38.40208333333333,20.62222222222222
80.754,55.0,HARD,17.0,PIA,McLaren,Australian Grand Prix,3,38.40208333333333,20.62222222222222
80.357,56.0,HARD,18.0,PIA,McLaren,Australian Grand Prix,3,38.40208333333333,20.62222222222222
85.255,57.0,HARD,19.0,PIA,McLaren,Australian Grand Prix,3,38.40208333333333,20.62222222222222
124.363,58.0,HARD,20.0,PIA,McLaren,Australian Grand Prix,3,38.40208333333333,20.62222222222222
96.472,4.0,MEDIUM,4.0,VER,Red Bull Racing,Japanese Grand Prix,4,37.50110497237569,21.691160220994476
96.437,5.0,MEDIUM,5.0,VER,Red Bull Racing,Japanese Grand Prix,4,37.50110497237569,21.691160220994476
96.855,6.0,MEDIUM,6.0,VER,Red Bull Racing,Japanese Grand Prix,4,37.50110497237569,21.691160220994476
96.97,7.0,MEDIUM,7.0,VER,Red Bull Racing,Japanese Grand Prix,4,37.50110497237569,21.691160220994476
97.329,8.0,MEDIUM,8.0,VER,Red Bull Racing,Japanese Grand Prix,4,37.50110497237569,21.691160220994476
97.178,9.0,MEDIUM,9.0,VER,Red Bull Racing,Japanese Grand Prix,4,37.50110497237569,21.691160220994476
97.59,10.0,MEDIUM,10.0,VER,Red Bull Racing,Japanese Grand Prix,4,37.50110497237569,21.691160220994476
97.774,11.0,MEDIUM,11.0,VER,Red Bull Racing,Japanese Grand Prix,4,37.50110497237569,21.691160220994476
97.753,12.0,MEDIUM,12.0,VER,Red Bull Racing,Japanese Grand Prix,4,37.50110497237569,21.691160220994476
97.727,13.0,MEDIUM,13.0,VER,Red Bull Racing,Japanese Grand Prix,4,37.50110497237569,21.691160220994476
97.91,14.0,MEDIUM,14.0,VER,Red Bull Racing,Japanese Grand Prix,4,37.50110497237569,21.691160220994476
97.854,15.0,MEDIUM,15.0,VER,Red Bull Racing,Japanese Grand Prix,4,37.50110497237569,21.691160220994476
100.272,16.0,MEDIUM,16.0,VER,Red Bull Racing,Japanese Grand Prix,4,37.50110497237569,21.691160220994476
116.478,17.0,MEDIUM,1.0,VER,Red Bull Racing,Japanese Grand Prix,4,37.50110497237569,21.691160220994476
96.822,18.0,MEDIUM,2.0,VER,Red Bull Racing,Japanese Grand Prix,4,37.50110497237569,21.691160220994476
96.252,19.0,MEDIUM,3.0,VER,Red Bull Racing,Japanese Grand Prix,4,37.50110497237569,21.691160220994476
96.402,20.0,MEDIUM,4.0,VER,Red Bull Racing,Japanese Grand Prix,4,37.50110497237569,21.691160220994476
95.617,21.0,MEDIUM,5.0,VER,Red Bull Racing,Japanese Grand Prix,4,37.50110497237569,21.691160220994476
96.384,22.0,MEDIUM,6.0,VER,Red Bull Racing,Japanese Grand Prix,4,37.50110497237569,21.691160220994476
96.205,23.0,MEDIUM,7.0,VER,Red Bull Racing,Japanese Grand Prix,4,37.50110497237569,21.691160220994476
96.532,24.0,MEDIUM,8.0,VER,Red Bull Racing,Japanese Grand Prix,4,37.50110497237569,21.691160220994476
96.337,25.0,MEDIUM,9.0,VER,Red Bull Racing,Japanese Grand Prix,4,37.50110497237569,21.691160220994476
96.437,26.0,MEDIUM,10.0,VER,Red Bull Racing,Japanese Grand Prix,4,37.50110497237569,21.691160220994476
96.654,27.0,MEDIUM,11.0,VER,Red Bull Racing,Japanese Grand Prix,4,37.50110497237569,21.691160220994476
96.496,28.0,MEDIUM,12.0,VER,Red Bull Racing,Japanese Grand Prix,4,37.50110497237569,21.691160220994476
96.655,29.0,MEDIUM,13.0,VER,Red Bull Racing,Japanese Grand Prix,4,37.50110497237569,21.691160220994476
96.849,30.0,MEDIUM,14.0,VER,Red Bull Racing,Japanese Grand Prix,4,37.50110497237569,21.691160220994476
96.761,31.0,MEDIUM,15.0,VER,Red Bull Racing,Japanese Grand Prix,4,37.50110497237569,21.691160220994476
96.92,32.0,MEDIUM,16.0,VER,Red Bull Racing,Japanese Grand Prix,4,37.50110497237569,21.691160220994476
97.048,33.0,MEDIUM,17.0,VER,Red Bull Racing,Japanese Grand Prix,4,37.50110497237569,21.691160220994476
99.226,34.0,MEDIUM,18.0,VER,Red Bull Racing,Japanese Grand Prix,4,37.50110497237569,21.691160220994476
115.503,35.0,HARD,1.0,VER,Red Bull Racing,Japanese Grand Prix,4,37.50110497237569,21.691160220994476
94.619,36.0,HARD,2.0,VER,Red Bull Racing,Japanese Grand Prix,4,37.50110497237569,21.691160220994476
94.97,37.0,HARD,3.0,VER,Red Bull Racing,Japanese Grand Prix,4,37.50110497237569,21.691160220994476
94.986,38.0,HARD,4.0,VER,Red Bull Racing,Japanese Grand Prix,4,37.50110497237569,21.691160220994476
94.494,39.0,HARD,5.0,VER,Red Bull Racing,Japanese Grand Prix,4,37.50110497237569,21.691160220994476
94.343,40.0,HARD,6.0,VER,Red Bull Racing,Japanese Grand Prix,4,37.50110497237569,21.691160220994476
94.273,41.0,HARD,7.0,VER,Red Bull Racing,Japanese Grand Prix,4,37.50110497237569,21.691160220994476
94.965,42.0,HARD,8.0,VER,Red Bull Racing,Japanese Grand Prix,4,37.50110497237569,21.691160220994476
94.303,43.0,HARD,9.0,VER,Red Bull Racing,Japanese Grand Prix,4,37.50110497237569,21.691160220994476
94.455,44.0,HARD,10.0,VER,Red Bull Racing,Japanese Grand Prix,4,37.50110497237569,21.691160220994476
94.606,45.0,HARD,11.0,VER,Red Bull Racing,Japanese Grand Prix,4,37.50110497237569,21.691160220994476
94.61,46.0,HARD,12.0,VER,Red Bull Racing,Japanese Grand Prix,4,37.50110497237569,21.691160220994476
95.113,47.0,HARD,13.0,VER,Red Bull Racing,Japanese Grand Prix,4,37.50110497237569,21.691160220994476
95.75,48.0,HARD,14.0,VER,Red Bull Racing,Japanese Grand Prix,4,37.50110497237569,21.691160220994476
94.885,49.0,HARD,15.0,VER,Red Bull Racing,Japanese Grand Prix,4,37.50110497237569,21.691160220994476
93.706,50.0,HARD,16.0,VER,Red Bull Racing,Japanese Grand Prix,4,37.50110497237569,21.691160220994476
94.768,51.0,HARD,17.0,VER,Red Bull Racing,Japanese Grand Prix,4,37.50110497237569,21.691160220994476
94.97,52.0,HARD,18.0,VER,Red Bull Racing,Japanese Grand Prix,4,37.50110497237569,21.691160220994476
95.263,53.0,HARD,19.0,VER,Red Bull Racing,Japanese Grand Prix,4,37.50110497237569,21.691160220994476
96.573,4.0,MEDIUM,4.0,PER,Red Bull Racing,Japanese Grand Prix,4,37.50110497237569,21.691160220994476
96.568,5.0,MEDIUM,5.0,PER,Red Bull Racing,Japanese Grand Prix,4,37.50110497237569,21.691160220994476
97.693,6.0,MEDIUM,6.0,PER,Red Bull Racing,Japanese Grand Prix,4,37.50110497237569,21.691160220994476
97.308,7.0,MEDIUM,7.0,PER,Red Bull Racing,Japanese Grand Prix,4,37.50110497237569,21.691160220994476
97.22,8.0,MEDIUM,8.0,PER,Red Bull Racing,Japanese Grand Prix,4,37.50110497237569,21.691160220994476
97.838,9.0,MEDIUM,9.0,PER,Red Bull Racing,Japanese Grand Prix,4,37.50110497237569,21.691160220994476
97.926,10.0,MEDIUM,10.0,PER,Red Bull Racing,Japanese Grand Prix,4,37.50110497237569,21.691160220994476
98.216,11.0,MEDIUM,11.0,PER,Red Bull Racing,Japanese Grand Prix,4,37.50110497237569,21.691160220994476
98.156,12.0,MEDIUM,12.0,PER,Red Bull Racing,Japanese Grand Prix,4,37.50110497237569,21.691160220994476
98.125,13.0,MEDIUM,13.0,PER,Red Bull Racing,Japanese Grand Prix,4,37.50110497237569,21.691160220994476
98.505,14.0,MEDIUM,14.0,PER,Red Bull Racing,Japanese Grand Prix,4,37.50110497237569,21.691160220994476
100.906,15.0,MEDIUM,15.0,PER,Red Bull Racing,Japanese Grand Prix,4,37.50110497237569,21.691160220994476
114.826,16.0,MEDIUM,1.0,PER,Red Bull Racing,Japanese Grand Prix,4,37.50110497237569,21.691160220994476
97.428,17.0,MEDIUM,2.0,PER,Red Bull Racing,Japanese Grand Prix,4,37.50110497237569,21.691160220994476
97.844,18.0,MEDIUM,3.0,PER,Red Bull Racing,Japanese Grand Prix,4,37.50110497237569,21.691160220994476
96.436,19.0,MEDIUM,4.0,PER,Red Bull Racing,Japanese Grand Prix,4,37.50110497237569,21.691160220994476
96.206,20.0,MEDIUM,5.0,PER,Red Bull Racing,Japanese Grand Prix,4,37.50110497237569,21.691160220994476
96.558,21.0,MEDIUM,6.0,PER,Red Bull Racing,Japanese Grand Prix,4,37.50110497237569,21.691160220994476
97.264,22.0,MEDIUM,7.0,PER,Red Bull Racing,Japanese Grand Prix,4,37.50110497237569,21.691160220994476
96.656,23.0,MEDIUM,8.0,PER,Red Bull Racing,Japanese Grand Prix,4,37.50110497237569,21.691160220994476
96.921,24.0,MEDIUM,9.0,PER,Red Bull Racing,Japanese Grand Prix,4,37.50110497237569,21.691160220994476
97.76,25.0,MEDIUM,10.0,PER,Red Bull Racing,Japanese Grand Prix,4,37.50110497237569,21.691160220994476
97.689,26.0,MEDIUM,11.0,PER,Red Bull Racing,Japanese Grand Prix,4,37.50110497237569,21.691160220994476
96.843,27.0,MEDIUM,12.0,PER,Red Bull Racing,Japanese Grand Prix,4,37.50110497237569,21.691160220994476
96.733,28.0,MEDIUM,13.0,PER,Red Bull Racing,Japanese Grand Prix,4,37.50110497237569,21.691160220994476
96.969,29.0,MEDIUM,14.0,PER,Red Bull Racing,Japanese Grand Prix,4,37.50110497237569,21.691160220994476
97.097,30.0,MEDIUM,15.0,PER,Red Bull Racing,Japanese Grand Prix,4,37.50110497237569,21.691160220994476
97.118,31.0,MEDIUM,16.0,PER,Red Bull Racing,Japanese Grand Prix,4,37.50110497237569,21.691160220994476
97.106,32.0,MEDIUM,17.0,PER,Red Bull Racing,Japanese Grand Prix,4,37.50110497237569,21.691160220994476
99.409,33.0,MEDIUM,18.0,PER,Red Bull Racing,Japanese Grand Prix,4,37.50110497237569,21.691160220994476
114.946,34.0,HARD,1.0,PER,Red Bull Racing,Japanese Grand Prix,4,37.50110497237569,21.691160220994476
93.945,35.0,HARD,2.0,PER,Red Bull Racing,Japanese Grand Prix,4,37.50110497237569,21.691160220994476
94.479,36.0,HARD,3.0,PER,Red Bull Racing,Japanese Grand Prix,4,37.50110497237569,21.691160220994476
94.808,37.0,HARD,4.0,PER,Red Bull Racing,Japanese Grand Prix,4,37.50110497237569,21.691160220994476
95.245,38.0,HARD,5.0,PER,Red Bull Racing,Japanese Grand Prix,4,37.50110497237569,21.691160220994476
94.99,39.0,HARD,6.0,PER,Red Bull Racing,Japanese Grand Prix,4,37.50110497237569,21.691160220994476
94.738,40.0,HARD,7.0,PER,Red Bull Racing,Japanese Grand Prix,4,37.50110497237569,21.691160220994476
95.03,41.0,HARD,8.0,PER,Red Bull Racing,Japanese Grand Prix,4,37.50110497237569,21.691160220994476
95.433,42.0,HARD,9.0,PER,Red Bull Racing,Japanese Grand Prix,4,37.50110497237569,21.691160220994476
95.099,43.0,HARD,10.0,PER,Red Bull Racing,Japanese Grand Prix,4,37.50110497237569,21.691160220994476
94.701,44.0,HARD,11.0,PER,Red Bull Racing,Japanese Grand Prix,4,37.50110497237569,21.691160220994476
94.996,45.0,HARD,12.0,PER,Red Bull Racing,Japanese Grand Prix,4,37.50110497237569,21.691160220994476
94.75,46.0,HARD,13.0,PER,Red Bull Racing,Japanese Grand Prix,4,37.50110497237569,21.691160220994476
95.056,47.0,HARD,14.0,PER,Red Bull Racing,Japanese Grand Prix,4,37.50110497237569,21.691160220994476
95.383,48.0,HARD,15.0,PER,Red Bull Racing,Japanese Grand Prix,4,37.50110497237569,21.691160220994476
95.035,49.0,HARD,16.0,PER,Red Bull Racing,Japanese Grand Prix,4,37.50110497237569,21.691160220994476
95.244,50.0,HARD,17.0,PER,Red Bull Racing,Japanese Grand Prix,4,37.50110497237569,21.691160220994476
94.89,51.0,HARD,18.0,PER,Red Bull Racing,Japanese Grand Prix,4,37.50110497237569,21.691160220994476
94.929,52.0,HARD,19.0,PER,Red Bull Racing,Japanese Grand Prix,4,37.50110497237569,21.691160220994476
94.728,53.0,HARD,20.0,PER,Red Bull Racing,Japanese Grand Prix,4,37.50110497237569,21.691160220994476
97.225,4.0,MEDIUM,3.0,SAI,Ferrari,Japanese Grand Prix,4,37.50110497237569,21.691160220994476
97.322,5.0,MEDIUM,4.0,SAI,Ferrari,Japanese Grand Prix,4,37.50110497237569,21.691160220994476
97.721,6.0,MEDIUM,5.0,SAI,Ferrari,Japanese Grand Prix,4,37.50110497237569,21.691160220994476
97.756,7.0,MEDIUM,6.0,SAI,Ferrari,Japanese Grand Prix,4,37.50110497237569,21.691160220994476
97.736,8.0,MEDIUM,7.0,SAI,Ferrari,Japanese Grand Prix,4,37.50110497237569,21.691160220994476
97.98,9.0,MEDIUM,8.0,SAI,Ferrari,Japanese Grand Prix,4,37.50110497237569,21.691160220994476
98.304,10.0,MEDIUM,9.0,SAI,Ferrari,Japanese Grand Prix,4,37.50110497237569,21.691160220994476
98.273,11.0,MEDIUM,10.0,SAI,Ferrari,Japanese Grand Prix,4,37.50110497237569,21.691160220994476
97.847,12.0,MEDIUM,11.0,SAI,Ferrari,Japanese Grand Prix,4,37.50110497237569,21.691160220994476
98.333,13.0,MEDIUM,12.0,SAI,Ferrari,Japanese Grand Prix,4,37.50110497237569,21.691160220994476
98.504,14.0,MEDIUM,13.0,SAI,Ferrari,Japanese Grand Prix,4,37.50110497237569,21.691160220994476
100.439,15.0,MEDIUM,14.0,SAI,Ferrari,Japanese Grand Prix,4,37.50110497237569,21.691160220994476
116.159,16.0,MEDIUM,2.0,SAI,Ferrari,Japanese Grand Prix,4,37.50110497237569,21.691160220994476
96.469,17.0,MEDIUM,3.0,SAI,Ferrari,Japanese Grand Prix,4,37.50110497237569,21.691160220994476
96.698,18.0,MEDIUM,4.0,SAI,Ferrari,Japanese Grand Prix,4,37.50110497237569,21.691160220994476
97.786,19.0,MEDIUM,5.0,SAI,Ferrari,Japanese Grand Prix,4,37.50110497237569,21.691160220994476
97.314,20.0,MEDIUM,6.0,SAI,Ferrari,Japanese Grand Prix,4,37.50110497237569,21.691160220994476
97.995,21.0,MEDIUM,7.0,SAI,Ferrari,Japanese Grand Prix,4,37.50110497237569,21.691160220994476
96.575,22.0,MEDIUM,8.0,SAI,Ferrari,Japanese Grand Prix,4,37.50110497237569,21.691160220994476
96.779,23.0,MEDIUM,9.0,SAI,Ferrari,Japanese Grand Prix,4,37.50110497237569,21.691160220994476
96.805,24.0,MEDIUM,10.0,SAI,Ferrari,Japanese Grand Prix,4,37.50110497237569,21.691160220994476
96.945,25.0,MEDIUM,11.0,SAI,Ferrari,Japanese Grand Prix,4,37.50110497237569,21.691160220994476
97.137,26.0,MEDIUM,12.0,SAI,Ferrari,Japanese Grand Prix,4,37.50110497237569,21.691160220994476
97.068,27.0,MEDIUM,13.0,SAI,Ferrari,Japanese Grand Prix,4,37.50110497237569,21.691160220994476
96.845,28.0,MEDIUM,14.0,SAI,Ferrari,Japanese Grand Prix,4,37.50110497237569,21.691160220994476
97.176,29.0,MEDIUM,15.0,SAI,Ferrari,Japanese Grand Prix,4,37.50110497237569,21.691160220994476
97.01,30.0,MEDIUM,16.0,SAI,Ferrari,Japanese Grand Prix,4,37.50110497237569,21.691160220994476
96.901,31.0,MEDIUM,17.0,SAI,Ferrari,Japanese Grand Prix,4,37.50110497237569,21.691160220994476
97.106,32.0,MEDIUM,18.0,SAI,Ferrari,Japanese Grand Prix,4,37.50110497237569,21.691160220994476
97.233,33.0,MEDIUM,19.0,SAI,Ferrari,Japanese Grand Prix,4,37.50110497237569,21.691160220994476
96.901,34.0,MEDIUM,20.0,SAI,Ferrari,Japanese Grand Prix,4,37.50110497237569,21.691160220994476
96.948,35.0,MEDIUM,21.0,SAI,Ferrari,Japanese Grand Prix,4,37.50110497237569,21.691160220994476
99.31,36.0,MEDIUM,22.0,SAI,Ferrari,Japanese Grand Prix,4,37.50110497237569,21.691160220994476
115.063,37.0,HARD,1.0,SAI,Ferrari,Japanese Grand Prix,4,37.50110497237569,21.691160220994476
93.995,38.0,HARD,2.0,SAI,Ferrari,Japanese Grand Prix,4,37.50110497237569,21.691160220994476
94.419,39.0,HARD,3.0,SAI,Ferrari,Japanese Grand Prix,4,37.50110497237569,21.691160220994476
94.396,40.0,HARD,4.0,SAI,Ferrari,Japanese Grand Prix,4,37.50110497237569,21.691160220994476
94.863,41.0,HARD,5.0,SAI,Ferrari,Japanese Grand Prix,4,37.50110497237569,21.691160220994476
95.293,42.0,HARD,6.0,SAI,Ferrari,Japanese Grand Prix,4,37.50110497237569,21.691160220994476
94.75,43.0,HARD,7.0,SAI,Ferrari,Japanese Grand Prix,4,37.50110497237569,21.691160220994476
94.336,44.0,HARD,8.0,SAI,Ferrari,Japanese Grand Prix,4,37.50110497237569,21.691160220994476
95.006,45.0,HARD,9.0,SAI,Ferrari,Japanese Grand Prix,4,37.50110497237569,21.691160220994476
93.841,46.0,HARD,10.0,SAI,Ferrari,Japanese Grand Prix,4,37.50110497237569,21.691160220994476
95.063,47.0,HARD,11.0,SAI,Ferrari,Japanese Grand Prix,4,37.50110497237569,21.691160220994476
94.962,48.0,HARD,12.0,SAI,Ferrari,Japanese Grand Prix,4,37.50110497237569,21.691160220994476
94.752,49.0,HARD,13.0,SAI,Ferrari,Japanese Grand Prix,4,37.50110497237569,21.691160220994476
94.636,50.0,HARD,14.0,SAI,Ferrari,Japanese Grand Prix,4,37.50110497237569,21.691160220994476
94.877,51.0,HARD,15.0,SAI,Ferrari,Japanese Grand Prix,4,37.50110497237569,21.691160220994476
95.203,52.0,HARD,16.0,SAI,Ferrari,Japanese Grand Prix,4,37.50110497237569,21.691160220994476
95.224,53.0,HARD,17.0,SAI,Ferrari,Japanese Grand Prix,4,37.50110497237569,21.691160220994476
98.268,4.0,MEDIUM,3.0,LEC,Ferrari,Japanese Grand Prix,4,37.50110497237569,21.691160220994476
97.812,5.0,MEDIUM,4.0,LEC,Ferrari,Japanese Grand Prix,4,37.50110497237569,21.691160220994476
98.021,6.0,MEDIUM,5.0,LEC,Ferrari,Japanese Grand Prix,4,37.50110497237569,21.691160220994476
98.187,7.0,MEDIUM,6.0,LEC,Ferrari,Japanese Grand Prix,4,37.50110497237569,21.691160220994476
97.92,8.0,MEDIUM,7.0,LEC,Ferrari,Japanese Grand Prix,4,37.50110497237569,21.691160220994476
98.213,9.0,MEDIUM,8.0,LEC,Ferrari,Japanese Grand Prix,4,37.50110497237569,21.691160220994476
99.034,10.0,MEDIUM,9.0,LEC,Ferrari,Japanese Grand Prix,4,37.50110497237569,21.691160220994476
99.193,11.0,MEDIUM,10.0,LEC,Ferrari,Japanese Grand Prix,4,37.50110497237569,21.691160220994476
98.883,12.0,MEDIUM,11.0,LEC,Ferrari,Japanese Grand Prix,4,37.50110497237569,21.691160220994476
98.479,13.0,MEDIUM,12.0,LEC,Ferrari,Japanese Grand Prix,4,37.50110497237569,21.691160220994476
98.595,14.0,MEDIUM,13.0,LEC,Ferrari,Japanese Grand Prix,4,37.50110497237569,21.691160220994476
98.172,15.0,MEDIUM,14.0,LEC,Ferrari,Japanese Grand Prix,4,37.50110497237569,21.691160220994476
97.876,16.0,MEDIUM,15.0,LEC,Ferrari,Japanese Grand Prix,4,37.50110497237569,21.691160220994476
97.856,17.0,MEDIUM,16.0,LEC,Ferrari,Japanese Grand Prix,4,37.50110497237569,21.691160220994476
97.76,18.0,MEDIUM,17.0,LEC,Ferrari,Japanese Grand Prix,4,37.50110497237569,21.691160220994476
97.523,19.0,MEDIUM,18.0,LEC,Ferrari,Japanese Grand Prix,4,37.50110497237569,21.691160220994476
97.48,20.0,MEDIUM,19.0,LEC,Ferrari,Japanese Grand Prix,4,37.50110497237569,21.691160220994476
98.203,21.0,MEDIUM,20.0,LEC,Ferrari,Japanese Grand Prix,4,37.50110497237569,21.691160220994476
97.744,22.0,MEDIUM,21.0,LEC,Ferrari,Japanese Grand Prix,4,37.50110497237569,21.691160220994476
97.755,23.0,MEDIUM,22.0,LEC,Ferrari,Japanese Grand Prix,4,37.50110497237569,21.691160220994476
98.071,24.0,MEDIUM,23.0,LEC,Ferrari,Japanese Grand Prix,4,37.50110497237569,21.691160220994476
97.918,25.0,MEDIUM,24.0,LEC,Ferrari,Japanese Grand Prix,4,37.50110497237569,21.691160220994476
103.175,26.0,MEDIUM,25.0,LEC,Ferrari,Japanese Grand Prix,4,37.50110497237569,21.691160220994476
115.623,27.0,HARD,1.0,LEC,Ferrari,Japanese Grand Prix,4,37.50110497237569,21.691160220994476
96.09,28.0,HARD,2.0,LEC,Ferrari,Japanese Grand Prix,4,37.50110497237569,21.691160220994476
96.357,29.0,HARD,3.0,LEC,Ferrari,Japanese Grand Prix,4,37.50110497237569,21.691160220994476
96.225,30.0,HARD,4.0,LEC,Ferrari,Japanese Grand Prix,4,37.50110497237569,21.691160220994476
96.201,31.0,HARD,5.0,LEC,Ferrari,Japanese Grand Prix,4,37.50110497237569,21.691160220994476
96.144,32.0,HARD,6.0,LEC,Ferrari,Japanese Grand Prix,4,37.50110497237569,21.691160220994476
95.878,33.0,HARD,7.0,LEC,Ferrari,Japanese Grand Prix,4,37.50110497237569,21.691160220994476
96.32,34.0,HARD,8.0,LEC,Ferrari,Japanese Grand Prix,4,37.50110497237569,21.691160220994476
96.056,35.0,HARD,9.0,LEC,Ferrari,Japanese Grand Prix,4,37.50110497237569,21.691160220994476
96.681,36.0,HARD,10.0,LEC,Ferrari,Japanese Grand Prix,4,37.50110497237569,21.691160220994476
96.135,37.0,HARD,11.0,LEC,Ferrari,Japanese Grand Prix,4,37.50110497237569,21.691160220994476
96.029,38.0,HARD,12.0,LEC,Ferrari,Japanese Grand Prix,4,37.50110497237569,21.691160220994476
95.693,39.0,HARD,13.0,LEC,Ferrari,Japanese Grand Prix,4,37.50110497237569,21.691160220994476
96.341,40.0,HARD,14.0,LEC,Ferrari,Japanese Grand Prix,4,37.50110497237569,21.691160220994476
95.451,41.0,HARD,15.0,LEC,Ferrari,Japanese Grand Prix,4,37.50110497237569,21.691160220994476
95.797,42.0,HARD,16.0,LEC,Ferrari,Japanese Grand Prix,4,37.50110497237569,21.691160220994476
95.713,43.0,HARD,17.0,LEC,Ferrari,Japanese Grand Prix,4,37.50110497237569,21.691160220994476
95.685,44.0,HARD,18.0,LEC,Ferrari,Japanese Grand Prix,4,37.50110497237569,21.691160220994476
95.739,45.0,HARD,19.0,LEC,Ferrari,Japanese Grand Prix,4,37.50110497237569,21.691160220994476
96.778,46.0,HARD,20.0,LEC,Ferrari,Japanese Grand Prix,4,37.50110497237569,21.691160220994476
95.922,47.0,HARD,21.0,LEC,Ferrari,Japanese Grand Prix,4,37.50110497237569,21.691160220994476
95.502,48.0,HARD,22.0,LEC,Ferrari,Japanese Grand Prix,4,37.50110497237569,21.691160220994476
95.543,49.0,HARD,23.0,LEC,Ferrari,Japanese Grand Prix,4,37.50110497237569,21.691160220994476
95.274,50.0,HARD,24.0,LEC,Ferrari,Japanese Grand Prix,4,37.50110497237569,21.691160220994476
95.199,51.0,HARD,25.0,LEC,Ferrari,Japanese Grand Prix,4,37.50110497237569,21.691160220994476
95.316,52.0,HARD,26.0,LEC,Ferrari,Japanese Grand Prix,4,37.50110497237569,21.691160220994476
95.044,53.0,HARD,27.0,LEC,Ferrari,Japanese Grand Prix,4,37.50110497237569,21.691160220994476
96.853,4.0,MEDIUM,4.0,NOR,McLaren,Japanese Grand Prix,4,37.50110497237569,21.691160220994476
96.86,5.0,MEDIUM,5.0,NOR,McLaren,Japanese Grand Prix,4,37.50110497237569,21.691160220994476
97.9,6.0,MEDIUM,6.0,NOR,McLaren,Japanese Grand Prix,4,37.50110497237569,21.691160220994476
97.742,7.0,MEDIUM,7.0,NOR,McLaren,Japanese Grand Prix,4,37.50110497237569,21.691160220994476
97.824,8.0,MEDIUM,8.0,NOR,McLaren,Japanese Grand Prix,4,37.50110497237569,21.691160220994476
97.963,9.0,MEDIUM,9.0,NOR,McLaren,Japanese Grand Prix,4,37.50110497237569,21.691160220994476
98.158,10.0,MEDIUM,10.0,NOR,McLaren,Japanese Grand Prix,4,37.50110497237569,21.691160220994476
100.76,11.0,MEDIUM,11.0,NOR,McLaren,Japanese Grand Prix,4,37.50110497237569,21.691160220994476
115.643,12.0,HARD,1.0,NOR,McLaren,Japanese Grand Prix,4,37.50110497237569,21.691160220994476
95.761,13.0,HARD,2.0,NOR,McLaren,Japanese Grand Prix,4,37.50110497237569,21.691160220994476
96.777,14.0,HARD,3.0,NOR,McLaren,Japanese Grand Prix,4,37.50110497237569,21.691160220994476
96.788,15.0,HARD,4.0,NOR,McLaren,Japanese Grand Prix,4,37.50110497237569,21.691160220994476
98.241,16.0,HARD,5.0,NOR,McLaren,Japanese Grand Prix,4,37.50110497237569,21.691160220994476
97.807,17.0,HARD,6.0,NOR,McLaren,Japanese Grand Prix,4,37.50110497237569,21.691160220994476
96.487,18.0,HARD,7.0,NOR,McLaren,Japanese Grand Prix,4,37.50110497237569,21.691160220994476
96.783,19.0,HARD,8.0,NOR,McLaren,Japanese Grand Prix,4,37.50110497237569,21.691160220994476
96.847,20.0,HARD,9.0,NOR,McLaren,Japanese Grand Prix,4,37.50110497237569,21.691160220994476
96.996,21.0,HARD,10.0,NOR,McLaren,Japanese Grand Prix,4,37.50110497237569,21.691160220994476
98.888,22.0,HARD,11.0,NOR,McLaren,Japanese Grand Prix,4,37.50110497237569,21.691160220994476
98.213,23.0,HARD,12.0,NOR,McLaren,Japanese Grand Prix,4,37.50110497237569,21.691160220994476
97.722,24.0,HARD,13.0,NOR,McLaren,Japanese Grand Prix,4,37.50110497237569,21.691160220994476
97.558,25.0,HARD,14.0,NOR,McLaren,Japanese Grand Prix,4,37.50110497237569,21.691160220994476
100.917,26.0,HARD,15.0,NOR,McLaren,Japanese Grand Prix,4,37.50110497237569,21.691160220994476
116.621,27.0,HARD,1.0,NOR,McLaren,Japanese Grand Prix,4,37.50110497237569,21.691160220994476
95.721,28.0,HARD,2.0,NOR,McLaren,Japanese Grand Prix,4,37.50110497237569,21.691160220994476
96.258,29.0,HARD,3.0,NOR,McLaren,Japanese Grand Prix,4,37.50110497237569,21.691160220994476
96.243,30.0,HARD,4.0,NOR,McLaren,Japanese Grand Prix,4,37.50110497237569,21.691160220994476
96.225,31.0,HARD,5.0,NOR,McLaren,Japanese Grand Prix,4,37.50110497237569,21.691160220994476
96.375,32.0,HARD,6.0,NOR,McLaren,Japanese Grand Prix,4,37.50110497237569,21.691160220994476
96.34,33.0,HARD,7.0,NOR,McLaren,Japanese Grand Prix,4,37.50110497237569,21.691160220994476
96.262,34.0,HARD,8.0,NOR,McLaren,Japanese Grand Prix,4,37.50110497237569,21.691160220994476
96.614,35.0,HARD,9.0,NOR,McLaren,Japanese Grand Prix,4,37.50110497237569,21.691160220994476
95.896,36.0,HARD,10.0,NOR,McLaren,Japanese Grand Prix,4,37.50110497237569,21.691160220994476
96.412,37.0,HARD,11.0,NOR,McLaren,Japanese Grand Prix,4,37.50110497237569,21.691160220994476
95.883,38.0,HARD,12.0,NOR,McLaren,Japanese Grand Prix,4,37.50110497237569,21.691160220994476
95.706,39.0,HARD,13.0,NOR,McLaren,Japanese Grand Prix,4,37.50110497237569,21.691160220994476
96.249,40.0,HARD,14.0,NOR,McLaren,Japanese Grand Prix,4,37.50110497237569,21.691160220994476
95.229,41.0,HARD,15.0,NOR,McLaren,Japanese Grand Prix,4,37.50110497237569,21.691160220994476
96.217,42.0,HARD,16.0,NOR,McLaren,Japanese Grand Prix,4,37.50110497237569,21.691160220994476
95.92,43.0,HARD,17.0,NOR,McLaren,Japanese Grand Prix,4,37.50110497237569,21.691160220994476
96.391,44.0,HARD,18.0,NOR,McLaren,Japanese Grand Prix,4,37.50110497237569,21.691160220994476
96.224,45.0,HARD,19.0,NOR,McLaren,Japanese Grand Prix,4,37.50110497237569,21.691160220994476
95.635,46.0,HARD,20.0,NOR,McLaren,Japanese Grand Prix,4,37.50110497237569,21.691160220994476
95.633,47.0,HARD,21.0,NOR,McLaren,Japanese Grand Prix,4,37.50110497237569,21.691160220994476
95.677,48.0,HARD,22.0,NOR,McLaren,Japanese Grand Prix,4,37.50110497237569,21.691160220994476
95.354,49.0,HARD,23.0,NOR,McLaren,Japanese Grand Prix,4,37.50110497237569,21.691160220994476
95.268,50.0,HARD,24.0,NOR,McLaren,Japanese Grand Prix,4,37.50110497237569,21.691160220994476
95.186,51.0,HARD,25.0,NOR,McLaren,Japanese Grand Prix,4,37.50110497237569,21.691160220994476
95.832,52.0,HARD,26.0,NOR,McLaren,Japanese Grand Prix,4,37.50110497237569,21.691160220994476
95.721,53.0,HARD,27.0,NOR,McLaren,Japanese Grand Prix,4,37.50110497237569,21.691160220994476
97.453,4.0,SOFT,4.0,ALO,Aston Martin,Japanese Grand Prix,4,37.50110497237569,21.691160220994476
97.532,5.0,SOFT,5.0,ALO,Aston Martin,Japanese Grand Prix,4,37.50110497237569,21.691160220994476
97.861,6.0,SOFT,6.0,ALO,Aston Martin,Japanese Grand Prix,4,37.50110497237569,21.691160220994476
98.203,7.0,SOFT,7.0,ALO,Aston Martin,Japanese Grand Prix,4,37.50110497237569,21.691160220994476
98.461,8.0,SOFT,8.0,ALO,Aston Martin,Japanese Grand Prix,4,37.50110497237569,21.691160220994476
98.884,9.0,SOFT,9.0,ALO,Aston Martin,Japanese Grand Prix,4,37.50110497237569,21.691160220994476
98.781,10.0,SOFT,10.0,ALO,Aston Martin,Japanese Grand Prix,4,37.50110497237569,21.691160220994476
98.943,11.0,SOFT,11.0,ALO,Aston Martin,Japanese Grand Prix,4,37.50110497237569,21.691160220994476
98.744,12.0,SOFT,12.0,ALO,Aston Martin,Japanese Grand Prix,4,37.50110497237569,21.691160220994476
100.816,13.0,SOFT,13.0,ALO,Aston Martin,Japanese Grand Prix,4,37.50110497237569,21.691160220994476
116.544,14.0,MEDIUM,1.0,ALO,Aston Martin,Japanese Grand Prix,4,37.50110497237569,21.691160220994476
97.453,15.0,MEDIUM,2.0,ALO,Aston Martin,Japanese Grand Prix,4,37.50110497237569,21.691160220994476
97.021,16.0,MEDIUM,3.0,ALO,Aston Martin,Japanese Grand Prix,4,37.50110497237569,21.691160220994476
96.999,17.0,MEDIUM,4.0,ALO,Aston Martin,Japanese Grand Prix,4,37.50110497237569,21.691160220994476
97.031,18.0,MEDIUM,5.0,ALO,Aston Martin,Japanese Grand Prix,4,37.50110497237569,21.691160220994476
96.821,19.0,MEDIUM,6.0,ALO,Aston Martin,Japanese Grand Prix,4,37.50110497237569,21.691160220994476
97.615,20.0,MEDIUM,7.0,ALO,Aston Martin,Japanese Grand Prix,4,37.50110497237569,21.691160220994476
97.565,21.0,MEDIUM,8.0,ALO,Aston Martin,Japanese Grand Prix,4,37.50110497237569,21.691160220994476
97.721,22.0,MEDIUM,9.0,ALO,Aston Martin,Japanese Grand Prix,4,37.50110497237569,21.691160220994476
97.64,23.0,MEDIUM,10.0,ALO,Aston Martin,Japanese Grand Prix,4,37.50110497237569,21.691160220994476
97.435,24.0,MEDIUM,11.0,ALO,Aston Martin,Japanese Grand Prix,4,37.50110497237569,21.691160220994476
97.423,25.0,MEDIUM,12.0,ALO,Aston Martin,Japanese Grand Prix,4,37.50110497237569,21.691160220994476
97.289,26.0,MEDIUM,13.0,ALO,Aston Martin,Japanese Grand Prix,4,37.50110497237569,21.691160220994476
97.359,27.0,MEDIUM,14.0,ALO,Aston Martin,Japanese Grand Prix,4,37.50110497237569,21.691160220994476
97.341,28.0,MEDIUM,15.0,ALO,Aston Martin,Japanese Grand Prix,4,37.50110497237569,21.691160220994476
97.782,29.0,MEDIUM,16.0,ALO,Aston Martin,Japanese Grand Prix,4,37.50110497237569,21.691160220994476
97.643,30.0,MEDIUM,17.0,ALO,Aston Martin,Japanese Grand Prix,4,37.50110497237569,21.691160220994476
97.451,31.0,MEDIUM,18.0,ALO,Aston Martin,Japanese Grand Prix,4,37.50110497237569,21.691160220994476
97.635,32.0,MEDIUM,19.0,ALO,Aston Martin,Japanese Grand Prix,4,37.50110497237569,21.691160220994476
99.794,33.0,MEDIUM,20.0,ALO,Aston Martin,Japanese Grand Prix,4,37.50110497237569,21.691160220994476
115.043,34.0,HARD,1.0,ALO,Aston Martin,Japanese Grand Prix,4,37.50110497237569,21.691160220994476
95.771,35.0,HARD,2.0,ALO,Aston Martin,Japanese Grand Prix,4,37.50110497237569,21.691160220994476
95.353,36.0,HARD,3.0,ALO,Aston Martin,Japanese Grand Prix,4,37.50110497237569,21.691160220994476
95.381,37.0,HARD,4.0,ALO,Aston Martin,Japanese Grand Prix,4,37.50110497237569,21.691160220994476
95.487,38.0,HARD,5.0,ALO,Aston Martin,Japanese Grand Prix,4,37.50110497237569,21.691160220994476
95.97,39.0,HARD,6.0,ALO,Aston Martin,Japanese Grand Prix,4,37.50110497237569,21.691160220994476
95.808,40.0,HARD,7.0,ALO,Aston Martin,Japanese Grand Prix,4,37.50110497237569,21.691160220994476
95.574,41.0,HARD,8.0,ALO,Aston Martin,Japanese Grand Prix,4,37.50110497237569,21.691160220994476
97.292,42.0,HARD,9.0,ALO,Aston Martin,Japanese Grand Prix,4,37.50110497237569,21.691160220994476
96.092,43.0,HARD,10.0,ALO,Aston Martin,Japanese Grand Prix,4,37.50110497237569,21.691160220994476
95.615,44.0,HARD,11.0,ALO,Aston Martin,Japanese Grand Prix,4,37.50110497237569,21.691160220994476
95.636,45.0,HARD,12.0,ALO,Aston Martin,Japanese Grand Prix,4,37.50110497237569,21.691160220994476
95.827,46.0,HARD,13.0,ALO,Aston Martin,Japanese Grand Prix,4,37.50110497237569,21.691160220994476
95.862,47.0,HARD,14.0,ALO,Aston Martin,Japanese Grand Prix,4,37.50110497237569,21.691160220994476
95.861,48.0,HARD,15.0,ALO,Aston Martin,Japanese Grand Prix,4,37.50110497237569,21.691160220994476
95.831,49.0,HARD,16.0,ALO,Aston Martin,Japanese Grand Prix,4,37.50110497237569,21.691160220994476
96.008,50.0,HARD,17.0,ALO,Aston Martin,Japanese Grand Prix,4,37.50110497237569,21.691160220994476
96.069,51.0,HARD,18.0,ALO,Aston Martin,Japanese Grand Prix,4,37.50110497237569,21.691160220994476
95.633,52.0,HARD,19.0,ALO,Aston Martin,Japanese Grand Prix,4,37.50110497237569,21.691160220994476
94.726,53.0,HARD,20.0,ALO,Aston Martin,Japanese Grand Prix,4,37.50110497237569,21.691160220994476
98.976,4.0,HARD,3.0,RUS,Mercedes,Japanese Grand Prix,4,37.50110497237569,21.691160220994476
97.737,5.0,HARD,4.0,RUS,Mercedes,Japanese Grand Prix,4,37.50110497237569,21.691160220994476
98.392,6.0,HARD,5.0,RUS,Mercedes,Japanese Grand Prix,4,37.50110497237569,21.691160220994476
98.07,7.0,HARD,6.0,RUS,Mercedes,Japanese Grand Prix,4,37.50110497237569,21.691160220994476
98.192,8.0,HARD,7.0,RUS,Mercedes,Japanese Grand Prix,4,37.50110497237569,21.691160220994476
98.253,9.0,HARD,8.0,RUS,Mercedes,Japanese Grand Prix,4,37.50110497237569,21.691160220994476
98.368,10.0,HARD,9.0,RUS,Mercedes,Japanese Grand Prix,4,37.50110497237569,21.691160220994476
98.949,11.0,HARD,10.0,RUS,Mercedes,Japanese Grand Prix,4,37.50110497237569,21.691160220994476
99.212,12.0,HARD,11.0,RUS,Mercedes,Japanese Grand Prix,4,37.50110497237569,21.691160220994476
98.989,13.0,HARD,12.0,RUS,Mercedes,Japanese Grand Prix,4,37.50110497237569,21.691160220994476
98.428,14.0,HARD,13.0,RUS,Mercedes,Japanese Grand Prix,4,37.50110497237569,21.691160220994476
98.565,15.0,HARD,14.0,RUS,Mercedes,Japanese Grand Prix,4,37.50110497237569,21.691160220994476
98.658,16.0,HARD,15.0,RUS,Mercedes,Japanese Grand Prix,4,37.50110497237569,21.691160220994476
99.417,17.0,HARD,16.0,RUS,Mercedes,Japanese Grand Prix,4,37.50110497237569,21.691160220994476
100.317,18.0,HARD,17.0,RUS,Mercedes,Japanese Grand Prix,4,37.50110497237569,21.691160220994476
98.392,19.0,HARD,18.0,RUS,Mercedes,Japanese Grand Prix,4,37.50110497237569,21.691160220994476
98.463,20.0,HARD,19.0,RUS,Mercedes,Japanese Grand Prix,4,37.50110497237569,21.691160220994476
99.492,21.0,HARD,20.0,RUS,Mercedes,Japanese Grand Prix,4,37.50110497237569,21.691160220994476
100.895,22.0,HARD,21.0,RUS,Mercedes,Japanese Grand Prix,4,37.50110497237569,21.691160220994476
115.552,23.0,HARD,1.0,RUS,Mercedes,Japanese Grand Prix,4,37.50110497237569,21.691160220994476
95.149,24.0,HARD,2.0,RUS,Mercedes,Japanese Grand Prix,4,37.50110497237569,21.691160220994476
95.673,25.0,HARD,3.0,RUS,Mercedes,Japanese Grand Prix,4,37.50110497237569,21.691160220994476
95.775,26.0,HARD,4.0,RUS,Mercedes,Japanese Grand Prix,4,37.50110497237569,21.691160220994476
97.28,27.0,HARD,5.0,RUS,Mercedes,Japanese Grand Prix,4,37.50110497237569,21.691160220994476
97.564,28.0,HARD,6.0,RUS,Mercedes,Japanese Grand Prix,4,37.50110497237569,21.691160220994476
96.699,29.0,HARD,7.0,RUS,Mercedes,Japanese Grand Prix,4,37.50110497237569,21.691160220994476
96.493,30.0,HARD,8.0,RUS,Mercedes,Japanese Grand Prix,4,37.50110497237569,21.691160220994476
96.776,31.0,HARD,9.0,RUS,Mercedes,Japanese Grand Prix,4,37.50110497237569,21.691160220994476
96.744,32.0,HARD,10.0,RUS,Mercedes,Japanese Grand Prix,4,37.50110497237569,21.691160220994476
96.383,33.0,HARD,11.0,RUS,Mercedes,Japanese Grand Prix,4,37.50110497237569,21.691160220994476
96.704,34.0,HARD,12.0,RUS,Mercedes,Japanese Grand Prix,4,37.50110497237569,21.691160220994476
96.47,35.0,HARD,13.0,RUS,Mercedes,Japanese Grand Prix,4,37.50110497237569,21.691160220994476
96.468,36.0,HARD,14.0,RUS,Mercedes,Japanese Grand Prix,4,37.50110497237569,21.691160220994476
98.83,37.0,HARD,15.0,RUS,Mercedes,Japanese Grand Prix,4,37.50110497237569,21.691160220994476
113.925,38.0,MEDIUM,2.0,RUS,Mercedes,Japanese Grand Prix,4,37.50110497237569,21.691160220994476
94.404,39.0,MEDIUM,3.0,RUS,Mercedes,Japanese Grand Prix,4,37.50110497237569,21.691160220994476
94.537,40.0,MEDIUM,4.0,RUS,Mercedes,Japanese Grand Prix,4,37.50110497237569,21.691160220994476
94.541,41.0,MEDIUM,5.0,RUS,Mercedes,Japanese Grand Prix,4,37.50110497237569,21.691160220994476
95.299,42.0,MEDIUM,6.0,RUS,Mercedes,Japanese Grand Prix,4,37.50110497237569,21.691160220994476
95.141,43.0,MEDIUM,7.0,RUS,Mercedes,Japanese Grand Prix,4,37.50110497237569,21.691160220994476
94.834,44.0,MEDIUM,8.0,RUS,Mercedes,Japanese Grand Prix,4,37.50110497237569,21.691160220994476
94.913,45.0,MEDIUM,9.0,RUS,Mercedes,Japanese Grand Prix,4,37.50110497237569,21.691160220994476
95.115,46.0,MEDIUM,10.0,RUS,Mercedes,Japanese Grand Prix,4,37.50110497237569,21.691160220994476
95.317,47.0,MEDIUM,11.0,RUS,Mercedes,Japanese Grand Prix,4,37.50110497237569,21.691160220994476
95.423,48.0,MEDIUM,12.0,RUS,Mercedes,Japanese Grand Prix,4,37.50110497237569,21.691160220994476
96.024,49.0,MEDIUM,13.0,RUS,Mercedes,Japanese Grand Prix,4,37.50110497237569,21.691160220994476
96.465,50.0,MEDIUM,14.0,RUS,Mercedes,Japanese Grand Prix,4,37.50110497237569,21.691160220994476
95.429,51.0,MEDIUM,15.0,RUS,Mercedes,Japanese Grand Prix,4,37.50110497237569,21.691160220994476
95.743,52.0,MEDIUM,16.0,RUS,Mercedes,Japanese Grand Prix,4,37.50110497237569,21.691160220994476
94.902,53.0,MEDIUM,17.0,RUS,Mercedes,Japanese Grand Prix,4,37.50110497237569,21.691160220994476
97.734,4.0,MEDIUM,4.0,PIA,McLaren,Japanese Grand Prix,4,37.50110497237569,21.691160220994476
97.631,5.0,MEDIUM,5.0,PIA,McLaren,Japanese Grand Prix,4,37.50110497237569,21.691160220994476
98.141,6.0,MEDIUM,6.0,PIA,McLaren,Japanese Grand Prix,4,37.50110497237569,21.691160220994476
98.191,7.0,MEDIUM,7.0,PIA,McLaren,Japanese Grand Prix,4,37.50110497237569,21.691160220994476
98.222,8.0,MEDIUM,8.0,PIA,McLaren,Japanese Grand Prix,4,37.50110497237569,21.691160220994476
98.5,9.0,MEDIUM,9.0,PIA,McLaren,Japanese Grand Prix,4,37.50110497237569,21.691160220994476
99.011,10.0,MEDIUM,10.0,PIA,McLaren,Japanese Grand Prix,4,37.50110497237569,21.691160220994476
99.245,11.0,MEDIUM,11.0,PIA,McLaren,Japanese Grand Prix,4,37.50110497237569,21.691160220994476
101.083,12.0,MEDIUM,12.0,PIA,McLaren,Japanese Grand Prix,4,37.50110497237569,21.691160220994476
118.558,13.0,HARD,1.0,PIA,McLaren,Japanese Grand Prix,4,37.50110497237569,21.691160220994476
97.675,14.0,HARD,2.0,PIA,McLaren,Japanese Grand Prix,4,37.50110497237569,21.691160220994476
97.377,15.0,HARD,3.0,PIA,McLaren,Japanese Grand Prix,4,37.50110497237569,21.691160220994476
97.058,16.0,HARD,4.0,PIA,McLaren,Japanese Grand Prix,4,37.50110497237569,21.691160220994476
96.747,17.0,HARD,5.0,PIA,McLaren,Japanese Grand Prix,4,37.50110497237569,21.691160220994476
96.822,18.0,HARD,6.0,PIA,McLaren,Japanese Grand Prix,4,37.50110497237569,21.691160220994476
96.782,19.0,HARD,7.0,PIA,McLaren,Japanese Grand Prix,4,37.50110497237569,21.691160220994476
96.984,20.0,HARD,8.0,PIA,McLaren,Japanese Grand Prix,4,37.50110497237569,21.691160220994476
97.416,21.0,HARD,9.0,PIA,McLaren,Japanese Grand Prix,4,37.50110497237569,21.691160220994476
98.625,22.0,HARD,10.0,PIA,McLaren,Japanese Grand Prix,4,37.50110497237569,21.691160220994476
98.919,23.0,HARD,11.0,PIA,McLaren,Japanese Grand Prix,4,37.50110497237569,21.691160220994476
97.175,24.0,HARD,12.0,PIA,McLaren,Japanese Grand Prix,4,37.50110497237569,21.691160220994476
97.776,25.0,HARD,13.0,PIA,McLaren,Japanese Grand Prix,4,37.50110497237569,21.691160220994476
97.364,26.0,HARD,14.0,PIA,McLaren,Japanese Grand Prix,4,37.50110497237569,21.691160220994476
97.389,27.0,HARD,15.0,PIA,McLaren,Japanese Grand Prix,4,37.50110497237569,21.691160220994476
97.438,28.0,HARD,16.0,PIA,McLaren,Japanese Grand Prix,4,37.50110497237569,21.691160220994476
97.771,29.0,HARD,17.0,PIA,McLaren,Japanese Grand Prix,4,37.50110497237569,21.691160220994476
97.946,30.0,HARD,18.0,PIA,McLaren,Japanese Grand Prix,4,37.50110497237569,21.691160220994476
97.845,31.0,HARD,19.0,PIA,McLaren,Japanese Grand Prix,4,37.50110497237569,21.691160220994476
99.482,32.0,HARD,20.0,PIA,McLaren,Japanese Grand Prix,4,37.50110497237569,21.691160220994476
115.493,33.0,HARD,1.0,PIA,McLaren,Japanese Grand Prix,4,37.50110497237569,21.691160220994476
95.255,34.0,HARD,2.0,PIA,McLaren,Japanese Grand Prix,4,37.50110497237569,21.691160220994476
94.802,35.0,HARD,3.0,PIA,McLaren,Japanese Grand Prix,4,37.50110497237569,21.691160220994476
95.128,36.0,HARD,4.0,PIA,McLaren,Japanese Grand Prix,4,37.50110497237569,21.691160220994476
95.4,37.0,HARD,5.0,PIA,McLaren,Japanese Grand Prix,4,37.50110497237569,21.691160220994476
95.267,38.0,HARD,6.0,PIA,McLaren,Japanese Grand Prix,4,37.50110497237569,21.691160220994476
96.036,39.0,HARD,7.0,PIA,McLaren,Japanese Grand Prix,4,37.50110497237569,21.691160220994476
95.888,40.0,HARD,8.0,PIA,McLaren,Japanese Grand Prix,4,37.50110497237569,21.691160220994476
95.545,41.0,HARD,9.0,PIA,McLaren,Japanese Grand Prix,4,37.50110497237569,21.691160220994476
97.548,42.0,HARD,10.0,PIA,McLaren,Japanese Grand Prix,4,37.50110497237569,21.691160220994476
95.841,43.0,HARD,11.0,PIA,McLaren,Japanese Grand Prix,4,37.50110497237569,21.691160220994476
95.539,44.0,HARD,12.0,PIA,McLaren,Japanese Grand Prix,4,37.50110497237569,21.691160220994476
95.648,45.0,HARD,13.0,PIA,McLaren,Japanese Grand Prix,4,37.50110497237569,21.691160220994476
95.755,46.0,HARD,14.0,PIA,McLaren,Japanese Grand Prix,4,37.50110497237569,21.691160220994476
95.891,47.0,HARD,15.0,PIA,McLaren,Japanese Grand Prix,4,37.50110497237569,21.691160220994476
95.898,48.0,HARD,16.0,PIA,McLaren,Japanese Grand Prix,4,37.50110497237569,21.691160220994476
96.179,49.0,HARD,17.0,PIA,McLaren,Japanese Grand Prix,4,37.50110497237569,21.691160220994476
96.228,50.0,HARD,18.0,PIA,McLaren,Japanese Grand Prix,4,37.50110497237569,21.691160220994476
95.429,51.0,HARD,19.0,PIA,McLaren,Japanese Grand Prix,4,37.50110497237569,21.691160220994476
96.164,52.0,HARD,20.0,PIA,McLaren,Japanese Grand Prix,4,37.50110497237569,21.691160220994476
96.611,53.0,HARD,21.0,PIA,McLaren,Japanese Grand Prix,4,37.50110497237569,21.691160220994476
98.303,4.0,HARD,3.0,HAM,Mercedes,Japanese Grand Prix,4,37.50110497237569,21.691160220994476
98.139,5.0,HARD,4.0,HAM,Mercedes,Japanese Grand Prix,4,37.50110497237569,21.691160220994476
98.19,6.0,HARD,5.0,HAM,Mercedes,Japanese Grand Prix,4,37.50110497237569,21.691160220994476
98.374,7.0,HARD,6.0,HAM,Mercedes,Japanese Grand Prix,4,37.50110497237569,21.691160220994476
98.096,8.0,HARD,7.0,HAM,Mercedes,Japanese Grand Prix,4,37.50110497237569,21.691160220994476
98.533,9.0,HARD,8.0,HAM,Mercedes,Japanese Grand Prix,4,37.50110497237569,21.691160220994476
98.703,10.0,HARD,9.0,HAM,Mercedes,Japanese Grand Prix,4,37.50110497237569,21.691160220994476
99.292,11.0,HARD,10.0,HAM,Mercedes,Japanese Grand Prix,4,37.50110497237569,21.691160220994476
99.202,12.0,HARD,11.0,HAM,Mercedes,Japanese Grand Prix,4,37.50110497237569,21.691160220994476
100.24,13.0,HARD,12.0,HAM,Mercedes,Japanese Grand Prix,4,37.50110497237569,21.691160220994476
99.053,14.0,HARD,13.0,HAM,Mercedes,Japanese Grand Prix,4,37.50110497237569,21.691160220994476
98.915,15.0,HARD,14.0,HAM,Mercedes,Japanese Grand Prix,4,37.50110497237569,21.691160220994476
98.693,16.0,HARD,15.0,HAM,Mercedes,Japanese Grand Prix,4,37.50110497237569,21.691160220994476
100.53,17.0,HARD,16.0,HAM,Mercedes,Japanese Grand Prix,4,37.50110497237569,21.691160220994476
99.304,18.0,HARD,17.0,HAM,Mercedes,Japanese Grand Prix,4,37.50110497237569,21.691160220994476
99.352,19.0,HARD,18.0,HAM,Mercedes,Japanese Grand Prix,4,37.50110497237569,21.691160220994476
98.619,20.0,HARD,19.0,HAM,Mercedes,Japanese Grand Prix,4,37.50110497237569,21.691160220994476
98.642,21.0,HARD,20.0,HAM,Mercedes,Japanese Grand Prix,4,37.50110497237569,21.691160220994476
99.823,22.0,HARD,21.0,HAM,Mercedes,Japanese Grand Prix,4,37.50110497237569,21.691160220994476
101.466,23.0,HARD,22.0,HAM,Mercedes,Japanese Grand Prix,4,37.50110497237569,21.691160220994476
115.127,24.0,HARD,1.0,HAM,Mercedes,Japanese Grand Prix,4,37.50110497237569,21.691160220994476
95.432,25.0,HARD,2.0,HAM,Mercedes,Japanese Grand Prix,4,37.50110497237569,21.691160220994476
95.447,26.0,HARD,3.0,HAM,Mercedes,Japanese Grand Prix,4,37.50110497237569,21.691160220994476
96.135,27.0,HARD,4.0,HAM,Mercedes,Japanese Grand Prix,4,37.50110497237569,21.691160220994476
96.295,28.0,HARD,5.0,HAM,Mercedes,Japanese Grand Prix,4,37.50110497237569,21.691160220994476
96.746,29.0,HARD,6.0,HAM,Mercedes,Japanese Grand Prix,4,37.50110497237569,21.691160220994476
96.399,30.0,HARD,7.0,HAM,Mercedes,Japanese Grand Prix,4,37.50110497237569,21.691160220994476
96.586,31.0,HARD,8.0,HAM,Mercedes,Japanese Grand Prix,4,37.50110497237569,21.691160220994476
96.601,32.0,HARD,9.0,HAM,Mercedes,Japanese Grand Prix,4,37.50110497237569,21.691160220994476
96.444,33.0,HARD,10.0,HAM,Mercedes,Japanese Grand Prix,4,37.50110497237569,21.691160220994476
96.707,34.0,HARD,11.0,HAM,Mercedes,Japanese Grand Prix,4,37.50110497237569,21.691160220994476
96.514,35.0,HARD,12.0,HAM,Mercedes,Japanese Grand Prix,4,37.50110497237569,21.691160220994476
96.191,36.0,HARD,13.0,HAM,Mercedes,Japanese Grand Prix,4,37.50110497237569,21.691160220994476
96.622,37.0,HARD,14.0,HAM,Mercedes,Japanese Grand Prix,4,37.50110497237569,21.691160220994476
97.458,38.0,HARD,15.0,HAM,Mercedes,Japanese Grand Prix,4,37.50110497237569,21.691160220994476
99.03,39.0,HARD,16.0,HAM,Mercedes,Japanese Grand Prix,4,37.50110497237569,21.691160220994476
114.409,40.0,MEDIUM,2.0,HAM,Mercedes,Japanese Grand Prix,4,37.50110497237569,21.691160220994476
93.952,41.0,MEDIUM,3.0,HAM,Mercedes,Japanese Grand Prix,4,37.50110497237569,21.691160220994476
94.238,42.0,MEDIUM,4.0,HAM,Mercedes,Japanese Grand Prix,4,37.50110497237569,21.691160220994476
94.082,43.0,MEDIUM,5.0,HAM,Mercedes,Japanese Grand Prix,4,37.50110497237569,21.691160220994476
94.337,44.0,MEDIUM,6.0,HAM,Mercedes,Japanese Grand Prix,4,37.50110497237569,21.691160220994476
94.791,45.0,MEDIUM,7.0,HAM,Mercedes,Japanese Grand Prix,4,37.50110497237569,21.691160220994476
94.798,46.0,MEDIUM,8.0,HAM,Mercedes,Japanese Grand Prix,4,37.50110497237569,21.691160220994476
94.679,47.0,MEDIUM,9.0,HAM,Mercedes,Japanese Grand Prix,4,37.50110497237569,21.691160220994476
94.9,48.0,MEDIUM,10.0,HAM,Mercedes,Japanese Grand Prix,4,37.50110497237569,21.691160220994476
95.047,49.0,MEDIUM,11.0,HAM,Mercedes,Japanese Grand Prix,4,37.50110497237569,21.691160220994476
95.43,50.0,MEDIUM,12.0,HAM,Mercedes,Japanese Grand Prix,4,37.50110497237569,21.691160220994476
95.476,51.0,MEDIUM,13.0,HAM,Mercedes,Japanese Grand Prix,4,37.50110497237569,21.691160220994476
95.235,52.0,MEDIUM,14.0,HAM,Mercedes,Japanese Grand Prix,4,37.50110497237569,21.691160220994476
95.773,53.0,MEDIUM,15.0,HAM,Mercedes,Japanese Grand Prix,4,37.50110497237569,21.691160220994476
99.108,4.0,SOFT,6.0,TSU,RB,Japanese Grand Prix,4,37.50110497237569,21.691160220994476
99.508,5.0,SOFT,7.0,TSU,RB,Japanese Grand Prix,4,37.50110497237569,21.691160220994476
98.887,6.0,SOFT,8.0,TSU,RB,Japanese Grand Prix,4,37.50110497237569,21.691160220994476
100.998,7.0,SOFT,9.0,TSU,RB,Japanese Grand Prix,4,37.50110497237569,21.691160220994476
118.044,8.0,HARD,1.0,TSU,RB,Japanese Grand Prix,4,37.50110497237569,21.691160220994476
97.17,9.0,HARD,2.0,TSU,RB,Japanese Grand Prix,4,37.50110497237569,21.691160220994476
97.496,10.0,HARD,3.0,TSU,RB,Japanese Grand Prix,4,37.50110497237569,21.691160220994476
97.895,11.0,HARD,4.0,TSU,RB,Japanese Grand Prix,4,37.50110497237569,21.691160220994476
100.057,12.0,HARD,5.0,TSU,RB,Japanese Grand Prix,4,37.50110497237569,21.691160220994476
98.98,13.0,HARD,6.0,TSU,RB,Japanese Grand Prix,4,37.50110497237569,21.691160220994476
98.51,14.0,HARD,7.0,TSU,RB,Japanese Grand Prix,4,37.50110497237569,21.691160220994476
99.925,15.0,HARD,8.0,TSU,RB,Japanese Grand Prix,4,37.50110497237569,21.691160220994476
100.096,16.0,HARD,9.0,TSU,RB,Japanese Grand Prix,4,37.50110497237569,21.691160220994476
97.944,17.0,HARD,10.0,TSU,RB,Japanese Grand Prix,4,37.50110497237569,21.691160220994476
99.27,18.0,HARD,11.0,TSU,RB,Japanese Grand Prix,4,37.50110497237569,21.691160220994476
99.658,19.0,HARD,12.0,TSU,RB,Japanese Grand Prix,4,37.50110497237569,21.691160220994476
99.1,20.0,HARD,13.0,TSU,RB,Japanese Grand Prix,4,37.50110497237569,21.691160220994476
99.562,21.0,HARD,14.0,TSU,RB,Japanese Grand Prix,4,37.50110497237569,21.691160220994476
101.916,22.0,HARD,15.0,TSU,RB,Japanese Grand Prix,4,37.50110497237569,21.691160220994476
117.251,23.0,HARD,1.0,TSU,RB,Japanese Grand Prix,4,37.50110497237569,21.691160220994476
96.637,24.0,HARD,2.0,TSU,RB,Japanese Grand Prix,4,37.50110497237569,21.691160220994476
97.073,25.0,HARD,3.0,TSU,RB,Japanese Grand Prix,4,37.50110497237569,21.691160220994476
97.037,26.0,HARD,4.0,TSU,RB,Japanese Grand Prix,4,37.50110497237569,21.691160220994476
97.184,27.0,HARD,5.0,TSU,RB,Japanese Grand Prix,4,37.50110497237569,21.691160220994476
97.227,28.0,HARD,6.0,TSU,RB,Japanese Grand Prix,4,37.50110497237569,21.691160220994476
97.319,29.0,HARD,7.0,TSU,RB,Japanese Grand Prix,4,37.50110497237569,21.691160220994476
97.617,30.0,HARD,8.0,TSU,RB,Japanese Grand Prix,4,37.50110497237569,21.691160220994476
97.676,31.0,HARD,9.0,TSU,RB,Japanese Grand Prix,4,37.50110497237569,21.691160220994476
98.624,32.0,HARD,10.0,TSU,RB,Japanese Grand Prix,4,37.50110497237569,21.691160220994476
98.692,33.0,HARD,11.0,TSU,RB,Japanese Grand Prix,4,37.50110497237569,21.691160220994476
97.793,34.0,HARD,12.0,TSU,RB,Japanese Grand Prix,4,37.50110497237569,21.691160220994476
97.626,35.0,HARD,13.0,TSU,RB,Japanese Grand Prix,4,37.50110497237569,21.691160220994476
97.103,36.0,HARD,14.0,TSU,RB,Japanese Grand Prix,4,37.50110497237569,21.691160220994476
97.419,37.0,HARD,15.0,TSU,RB,Japanese Grand Prix,4,37.50110497237569,21.691160220994476
97.442,38.0,HARD,16.0,TSU,RB,Japanese Grand Prix,4,37.50110497237569,21.691160220994476
97.595,39.0,HARD,17.0,TSU,RB,Japanese Grand Prix,4,37.50110497237569,21.691160220994476
97.441,40.0,HARD,18.0,TSU,RB,Japanese Grand Prix,4,37.50110497237569,21.691160220994476
97.297,41.0,HARD,19.0,TSU,RB,Japanese Grand Prix,4,37.50110497237569,21.691160220994476
97.493,42.0,HARD,20.0,TSU,RB,Japanese Grand Prix,4,37.50110497237569,21.691160220994476
97.498,43.0,HARD,21.0,TSU,RB,Japanese Grand Prix,4,37.50110497237569,21.691160220994476
97.329,44.0,HARD,22.0,TSU,RB,Japanese Grand Prix,4,37.50110497237569,21.691160220994476
97.25,45.0,HARD,23.0,TSU,RB,Japanese Grand Prix,4,37.50110497237569,21.691160220994476
97.046,46.0,HARD,24.0,TSU,RB,Japanese Grand Prix,4,37.50110497237569,21.691160220994476
97.106,47.0,HARD,25.0,TSU,RB,Japanese Grand Prix,4,37.50110497237569,21.691160220994476
97.038,48.0,HARD,26.0,TSU,RB,Japanese Grand Prix,4,37.50110497237569,21.691160220994476
96.557,49.0,HARD,27.0,TSU,RB,Japanese Grand Prix,4,37.50110497237569,21.691160220994476
96.388,50.0,HARD,28.0,TSU,RB,Japanese Grand Prix,4,37.50110497237569,21.691160220994476
96.342,51.0,HARD,29.0,TSU,RB,Japanese Grand Prix,4,37.50110497237569,21.691160220994476
98.195,52.0,HARD,30.0,TSU,RB,Japanese Grand Prix,4,37.50110497237569,21.691160220994476
100.374,4.0,SOFT,4.0,HUL,Haas F1 Team,Japanese Grand Prix,4,37.50110497237569,21.691160220994476
101.491,5.0,SOFT,5.0,HUL,Haas F1 Team,Japanese Grand Prix,4,37.50110497237569,21.691160220994476
117.275,6.0,HARD,1.0,HUL,Haas F1 Team,Japanese Grand Prix,4,37.50110497237569,21.691160220994476
96.751,7.0,HARD,2.0,HUL,Haas F1 Team,Japanese Grand Prix,4,37.50110497237569,21.691160220994476
97.616,8.0,HARD,3.0,HUL,Haas F1 Team,Japanese Grand Prix,4,37.50110497237569,21.691160220994476
97.898,9.0,HARD,4.0,HUL,Haas F1 Team,Japanese Grand Prix,4,37.50110497237569,21.691160220994476
98.34,10.0,HARD,5.0,HUL,Haas F1 Team,Japanese Grand Prix,4,37.50110497237569,21.691160220994476
98.352,11.0,HARD,6.0,HUL,Haas F1 Team,Japanese Grand Prix,4,37.50110497237569,21.691160220994476
98.847,12.0,HARD,7.0,HUL,Haas F1 Team,Japanese Grand Prix,4,37.50110497237569,21.691160220994476
100.302,13.0,HARD,8.0,HUL,Haas F1 Team,Japanese Grand Prix,4,37.50110497237569,21.691160220994476
98.617,14.0,HARD,9.0,HUL,Haas F1 Team,Japanese Grand Prix,4,37.50110497237569,21.691160220994476
99.624,15.0,HARD,10.0,HUL,Haas F1 Team,Japanese Grand Prix,4,37.50110497237569,21.691160220994476
99.355,16.0,HARD,11.0,HUL,Haas F1 Team,Japanese Grand Prix,4,37.50110497237569,21.691160220994476
99.312,17.0,HARD,12.0,HUL,Haas F1 Team,Japanese Grand Prix,4,37.50110497237569,21.691160220994476
98.476,18.0,HARD,13.0,HUL,Haas F1 Team,Japanese Grand Prix,4,37.50110497237569,21.691160220994476
98.894,19.0,HARD,14.0,HUL,Haas F1 Team,Japanese Grand Prix,4,37.50110497237569,21.691160220994476
99.343,20.0,HARD,15.0,HUL,Haas F1 Team,Japanese Grand Prix,4,37.50110497237569,21.691160220994476
99.78,21.0,HARD,16.0,HUL,Haas F1 Team,Japanese Grand Prix,4,37.50110497237569,21.691160220994476
99.694,22.0,HARD,17.0,HUL,Haas F1 Team,Japanese Grand Prix,4,37.50110497237569,21.691160220994476
98.965,23.0,HARD,18.0,HUL,Haas F1 Team,Japanese Grand Prix,4,37.50110497237569,21.691160220994476
99.261,24.0,HARD,19.0,HUL,Haas F1 Team,Japanese Grand Prix,4,37.50110497237569,21.691160220994476
98.781,25.0,HARD,20.0,HUL,Haas F1 Team,Japanese Grand Prix,4,37.50110497237569,21.691160220994476
99.042,26.0,HARD,21.0,HUL,Haas F1 Team,Japanese Grand Prix,4,37.50110497237569,21.691160220994476
99.256,27.0,HARD,22.0,HUL,Haas F1 Team,Japanese Grand Prix,4,37.50110497237569,21.691160220994476
99.17,28.0,HARD,23.0,HUL,Haas F1 Team,Japanese Grand Prix,4,37.50110497237569,21.691160220994476
99.951,29.0,HARD,24.0,HUL,Haas F1 Team,Japanese Grand Prix,4,37.50110497237569,21.691160220994476
99.183,30.0,HARD,25.0,HUL,Haas F1 Team,Japanese Grand Prix,4,37.50110497237569,21.691160220994476
99.465,31.0,HARD,26.0,HUL,Haas F1 Team,Japanese Grand Prix,4,37.50110497237569,21.691160220994476
100.248,32.0,HARD,27.0,HUL,Haas F1 Team,Japanese Grand Prix,4,37.50110497237569,21.691160220994476
103.896,33.0,HARD,28.0,HUL,Haas F1 Team,Japanese Grand Prix,4,37.50110497237569,21.691160220994476
117.385,34.0,HARD,1.0,HUL,Haas F1 Team,Japanese Grand Prix,4,37.50110497237569,21.691160220994476
95.937,35.0,HARD,2.0,HUL,Haas F1 Team,Japanese Grand Prix,4,37.50110497237569,21.691160220994476
95.858,36.0,HARD,3.0,HUL,Haas F1 Team,Japanese Grand Prix,4,37.50110497237569,21.691160220994476
95.933,37.0,HARD,4.0,HUL,Haas F1 Team,Japanese Grand Prix,4,37.50110497237569,21.691160220994476
96.13,38.0,HARD,5.0,HUL,Haas F1 Team,Japanese Grand Prix,4,37.50110497237569,21.691160220994476
95.853,39.0,HARD,6.0,HUL,Haas F1 Team,Japanese Grand Prix,4,37.50110497237569,21.691160220994476
95.705,40.0,HARD,7.0,HUL,Haas F1 Team,Japanese Grand Prix,4,37.50110497237569,21.691160220994476
95.947,41.0,HARD,8.0,HUL,Haas F1 Team,Japanese Grand Prix,4,37.50110497237569,21.691160220994476
96.374,42.0,HARD,9.0,HUL,Haas F1 Team,Japanese Grand Prix,4,37.50110497237569,21.691160220994476
96.151,43.0,HARD,10.0,HUL,Haas F1 Team,Japanese Grand Prix,4,37.50110497237569,21.691160220994476
96.769,44.0,HARD,11.0,HUL,Haas F1 Team,Japanese Grand Prix,4,37.50110497237569,21.691160220994476
96.808,45.0,HARD,12.0,HUL,Haas F1 Team,Japanese Grand Prix,4,37.50110497237569,21.691160220994476
98.169,46.0,HARD,13.0,HUL,Haas F1 Team,Japanese Grand Prix,4,37.50110497237569,21.691160220994476
96.827,47.0,HARD,14.0,HUL,Haas F1 Team,Japanese Grand Prix,4,37.50110497237569,21.691160220994476
95.733,48.0,HARD,15.0,HUL,Haas F1 Team,Japanese Grand Prix,4,37.50110497237569,21.691160220994476
96.235,49.0,HARD,16.0,HUL,Haas F1 Team,Japanese Grand Prix,4,37.50110497237569,21.691160220994476
95.718,50.0,HARD,17.0,HUL,Haas F1 Team,Japanese Grand Prix,4,37.50110497237569,21.691160220994476
95.853,51.0,HARD,18.0,HUL,Haas F1 Team,Japanese Grand Prix,4,37.50110497237569,21.691160220994476
95.325,52.0,HARD,19.0,HUL,Haas F1 Team,Japanese Grand Prix,4,37.50110497237569,21.691160220994476
99.528,4.0,SOFT,3.0,STR,Aston Martin,Japanese Grand Prix,4,37.50110497237569,21.691160220994476
99.552,5.0,SOFT,4.0,STR,Aston Martin,Japanese Grand Prix,4,37.50110497237569,21.691160220994476
98.746,6.0,SOFT,5.0,STR,Aston Martin,Japanese Grand Prix,4,37.50110497237569,21.691160220994476
98.624,7.0,SOFT,6.0,STR,Aston Martin,Japanese Grand Prix,4,37.50110497237569,21.691160220994476
98.61,8.0,SOFT,7.0,STR,Aston Martin,Japanese Grand Prix,4,37.50110497237569,21.691160220994476
98.881,9.0,SOFT,8.0,STR,Aston Martin,Japanese Grand Prix,4,37.50110497237569,21.691160220994476
99.052,10.0,SOFT,9.0,STR,Aston Martin,Japanese Grand Prix,4,37.50110497237569,21.691160220994476
99.103,11.0,SOFT,10.0,STR,Aston Martin,Japanese Grand Prix,4,37.50110497237569,21.691160220994476
101.638,12.0,SOFT,11.0,STR,Aston Martin,Japanese Grand Prix,4,37.50110497237569,21.691160220994476
116.221,13.0,MEDIUM,1.0,STR,Aston Martin,Japanese Grand Prix,4,37.50110497237569,21.691160220994476
97.935,14.0,MEDIUM,2.0,STR,Aston Martin,Japanese Grand Prix,4,37.50110497237569,21.691160220994476
98.125,15.0,MEDIUM,3.0,STR,Aston Martin,Japanese Grand Prix,4,37.50110497237569,21.691160220994476
99.274,16.0,MEDIUM,4.0,STR,Aston Martin,Japanese Grand Prix,4,37.50110497237569,21.691160220994476
98.057,17.0,MEDIUM,5.0,STR,Aston Martin,Japanese Grand Prix,4,37.50110497237569,21.691160220994476
98.843,18.0,MEDIUM,6.0,STR,Aston Martin,Japanese Grand Prix,4,37.50110497237569,21.691160220994476
99.757,19.0,MEDIUM,7.0,STR,Aston Martin,Japanese Grand Prix,4,37.50110497237569,21.691160220994476
99.248,20.0,MEDIUM,8.0,STR,Aston Martin,Japanese Grand Prix,4,37.50110497237569,21.691160220994476
99.552,21.0,MEDIUM,9.0,STR,Aston Martin,Japanese Grand Prix,4,37.50110497237569,21.691160220994476
102.328,22.0,MEDIUM,10.0,STR,Aston Martin,Japanese Grand Prix,4,37.50110497237569,21.691160220994476
116.743,23.0,HARD,1.0,STR,Aston Martin,Japanese Grand Prix,4,37.50110497237569,21.691160220994476
96.761,24.0,HARD,2.0,STR,Aston Martin,Japanese Grand Prix,4,37.50110497237569,21.691160220994476
96.995,25.0,HARD,3.0,STR,Aston Martin,Japanese Grand Prix,4,37.50110497237569,21.691160220994476
97.307,26.0,HARD,4.0,STR,Aston Martin,Japanese Grand Prix,4,37.50110497237569,21.691160220994476
97.244,27.0,HARD,5.0,STR,Aston Martin,Japanese Grand Prix,4,37.50110497237569,21.691160220994476
97.088,28.0,HARD,6.0,STR,Aston Martin,Japanese Grand Prix,4,37.50110497237569,21.691160220994476
97.633,29.0,HARD,7.0,STR,Aston Martin,Japanese Grand Prix,4,37.50110497237569,21.691160220994476
97.361,30.0,HARD,8.0,STR,Aston Martin,Japanese Grand Prix,4,37.50110497237569,21.691160220994476
97.729,31.0,HARD,9.0,STR,Aston Martin,Japanese Grand Prix,4,37.50110497237569,21.691160220994476
98.202,32.0,HARD,10.0,STR,Aston Martin,Japanese Grand Prix,4,37.50110497237569,21.691160220994476
99.609,33.0,HARD,11.0,STR,Aston Martin,Japanese Grand Prix,4,37.50110497237569,21.691160220994476
99.55,34.0,HARD,12.0,STR,Aston Martin,Japanese Grand Prix,4,37.50110497237569,21.691160220994476
113.728,35.0,SOFT,1.0,STR,Aston Martin,Japanese Grand Prix,4,37.50110497237569,21.691160220994476
95.973,36.0,SOFT,2.0,STR,Aston Martin,Japanese Grand Prix,4,37.50110497237569,21.691160220994476
96.284,37.0,SOFT,3.0,STR,Aston Martin,Japanese Grand Prix,4,37.50110497237569,21.691160220994476
96.356,38.0,SOFT,4.0,STR,Aston Martin,Japanese Grand Prix,4,37.50110497237569,21.691160220994476
96.614,39.0,SOFT,5.0,STR,Aston Martin,Japanese Grand Prix,4,37.50110497237569,21.691160220994476
95.844,40.0,SOFT,6.0,STR,Aston Martin,Japanese Grand Prix,4,37.50110497237569,21.691160220994476
95.798,41.0,SOFT,7.0,STR,Aston Martin,Japanese Grand Prix,4,37.50110497237569,21.691160220994476
96.556,42.0,SOFT,8.0,STR,Aston Martin,Japanese Grand Prix,4,37.50110497237569,21.691160220994476
96.503,43.0,SOFT,9.0,STR,Aston Martin,Japanese Grand Prix,4,37.50110497237569,21.691160220994476
96.485,44.0,SOFT,10.0,STR,Aston Martin,Japanese Grand Prix,4,37.50110497237569,21.691160220994476
96.806,45.0,SOFT,11.0,STR,Aston Martin,Japanese Grand Prix,4,37.50110497237569,21.691160220994476
96.35,46.0,SOFT,12.0,STR,Aston Martin,Japanese Grand Prix,4,37.50110497237569,21.691160220994476
96.704,47.0,SOFT,13.0,STR,Aston Martin,Japanese Grand Prix,4,37.50110497237569,21.691160220994476
98.033,48.0,SOFT,14.0,STR,Aston Martin,Japanese Grand Prix,4,37.50110497237569,21.691160220994476
96.381,49.0,SOFT,15.0,STR,Aston Martin,Japanese Grand Prix,4,37.50110497237569,21.691160220994476
96.165,50.0,SOFT,16.0,STR,Aston Martin,Japanese Grand Prix,4,37.50110497237569,21.691160220994476
96.27,51.0,SOFT,17.0,STR,Aston Martin,Japanese Grand Prix,4,37.50110497237569,21.691160220994476
99.818,52.0,SOFT,18.0,STR,Aston Martin,Japanese Grand Prix,4,37.50110497237569,21.691160220994476
100.103,4.0,MEDIUM,3.0,MAG,Haas F1 Team,Japanese Grand Prix,4,37.50110497237569,21.691160220994476
99.392,5.0,MEDIUM,4.0,MAG,Haas F1 Team,Japanese Grand Prix,4,37.50110497237569,21.691160220994476
100.026,6.0,MEDIUM,5.0,MAG,Haas F1 Team,Japanese Grand Prix,4,37.50110497237569,21.691160220994476
100.357,7.0,MEDIUM,6.0,MAG,Haas F1 Team,Japanese Grand Prix,4,37.50110497237569,21.691160220994476
99.601,8.0,MEDIUM,7.0,MAG,Haas F1 Team,Japanese Grand Prix,4,37.50110497237569,21.691160220994476
100.251,9.0,MEDIUM,8.0,MAG,Haas F1 Team,Japanese Grand Prix,4,37.50110497237569,21.691160220994476
100.177,10.0,MEDIUM,9.0,MAG,Haas F1 Team,Japanese Grand Prix,4,37.50110497237569,21.691160220994476
99.9,11.0,MEDIUM,10.0,MAG,Haas F1 Team,Japanese Grand Prix,4,37.50110497237569,21.691160220994476
100.26,12.0,MEDIUM,11.0,MAG,Haas F1 Team,Japanese Grand Prix,4,37.50110497237569,21.691160220994476
99.267,13.0,MEDIUM,12.0,MAG,Haas F1 Team,Japanese Grand Prix,4,37.50110497237569,21.691160220994476
100.786,14.0,MEDIUM,13.0,MAG,Haas F1 Team,Japanese Grand Prix,4,37.50110497237569,21.691160220994476
99.373,15.0,MEDIUM,14.0,MAG,Haas F1 Team,Japanese Grand Prix,4,37.50110497237569,21.691160220994476
99.814,16.0,MEDIUM,15.0,MAG,Haas F1 Team,Japanese Grand Prix,4,37.50110497237569,21.691160220994476
99.728,17.0,MEDIUM,16.0,MAG,Haas F1 Team,Japanese Grand Prix,4,37.50110497237569,21.691160220994476
99.665,18.0,MEDIUM,17.0,MAG,Haas F1 Team,Japanese Grand Prix,4,37.50110497237569,21.691160220994476
99.538,19.0,MEDIUM,18.0,MAG,Haas F1 Team,Japanese Grand Prix,4,37.50110497237569,21.691160220994476
99.262,20.0,MEDIUM,19.0,MAG,Haas F1 Team,Japanese Grand Prix,4,37.50110497237569,21.691160220994476
99.545,21.0,MEDIUM,20.0,MAG,Haas F1 Team,Japanese Grand Prix,4,37.50110497237569,21.691160220994476
102.164,22.0,MEDIUM,21.0,MAG,Haas F1 Team,Japanese Grand Prix,4,37.50110497237569,21.691160220994476
121.576,23.0,HARD,1.0,MAG,Haas F1 Team,Japanese Grand Prix,4,37.50110497237569,21.691160220994476
96.654,24.0,HARD,2.0,MAG,Haas F1 Team,Japanese Grand Prix,4,37.50110497237569,21.691160220994476
97.033,25.0,HARD,3.0,MAG,Haas F1 Team,Japanese Grand Prix,4,37.50110497237569,21.691160220994476
97.145,26.0,HARD,4.0,MAG,Haas F1 Team,Japanese Grand Prix,4,37.50110497237569,21.691160220994476
97.395,27.0,HARD,5.0,MAG,Haas F1 Team,Japanese Grand Prix,4,37.50110497237569,21.691160220994476
97.504,28.0,HARD,6.0,MAG,Haas F1 Team,Japanese Grand Prix,4,37.50110497237569,21.691160220994476
97.888,29.0,HARD,7.0,MAG,Haas F1 Team,Japanese Grand Prix,4,37.50110497237569,21.691160220994476
98.014,30.0,HARD,8.0,MAG,Haas F1 Team,Japanese Grand Prix,4,37.50110497237569,21.691160220994476
98.498,31.0,HARD,9.0,MAG,Haas F1 Team,Japanese Grand Prix,4,37.50110497237569,21.691160220994476
98.657,32.0,HARD,10.0,MAG,Haas F1 Team,Japanese Grand Prix,4,37.50110497237569,21.691160220994476
98.58,33.0,HARD,11.0,MAG,Haas F1 Team,Japanese Grand Prix,4,37.50110497237569,21.691160220994476
97.93,34.0,HARD,12.0,MAG,Haas F1 Team,Japanese Grand Prix,4,37.50110497237569,21.691160220994476
98.046,35.0,HARD,13.0,MAG,Haas F1 Team,Japanese Grand Prix,4,37.50110497237569,21.691160220994476
98.078,36.0,HARD,14.0,MAG,Haas F1 Team,Japanese Grand Prix,4,37.50110497237569,21.691160220994476
97.662,37.0,HARD,15.0,MAG,Haas F1 Team,Japanese Grand Prix,4,37.50110497237569,21.691160220994476
97.789,38.0,HARD,16.0,MAG,Haas F1 Team,Japanese Grand Prix,4,37.50110497237569,21.691160220994476
97.553,39.0,HARD,17.0,MAG,Haas F1 Team,Japanese Grand Prix,4,37.50110497237569,21.691160220994476
97.542,40.0,HARD,18.0,MAG,Haas F1 Team,Japanese Grand Prix,4,37.50110497237569,21.691160220994476
97.513,41.0,HARD,19.0,MAG,Haas F1 Team,Japanese Grand Prix,4,37.50110497237569,21.691160220994476
97.968,42.0,HARD,20.0,MAG,Haas F1 Team,Japanese Grand Prix,4,37.50110497237569,21.691160220994476
97.376,43.0,HARD,21.0,MAG,Haas F1 Team,Japanese Grand Prix,4,37.50110497237569,21.691160220994476
97.475,44.0,HARD,22.0,MAG,Haas F1 Team,Japanese Grand Prix,4,37.50110497237569,21.691160220994476
97.674,45.0,HARD,23.0,MAG,Haas F1 Team,Japanese Grand Prix,4,37.50110497237569,21.691160220994476
98.332,46.0,HARD,24.0,MAG,Haas F1 Team,Japanese Grand Prix,4,37.50110497237569,21.691160220994476
98.707,47.0,HARD,25.0,MAG,Haas F1 Team,Japanese Grand Prix,4,37.50110497237569,21.691160220994476
98.319,48.0,HARD,26.0,MAG,Haas F1 Team,Japanese Grand Prix,4,37.50110497237569,21.691160220994476
97.519,49.0,HARD,27.0,MAG,Haas F1 Team,Japanese Grand Prix,4,37.50110497237569,21.691160220994476
97.42,50.0,HARD,28.0,MAG,Haas F1 Team,Japanese Grand Prix,4,37.50110497237569,21.691160220994476
98.878,51.0,HARD,29.0,MAG,Haas F1 Team,Japanese Grand Prix,4,37.50110497237569,21.691160220994476
97.822,52.0,HARD,30.0,MAG,Haas F1 Team,Japanese Grand Prix,4,37.50110497237569,21.691160220994476
99.462,4.0,SOFT,4.0,BOT,Kick Sauber,Japanese Grand Prix,4,37.50110497237569,21.691160220994476
98.279,5.0,SOFT,5.0,BOT,Kick Sauber,Japanese Grand Prix,4,37.50110497237569,21.691160220994476
101.288,6.0,SOFT,6.0,BOT,Kick Sauber,Japanese Grand Prix,4,37.50110497237569,21.691160220994476
117.449,7.0,HARD,1.0,BOT,Kick Sauber,Japanese Grand Prix,4,37.50110497237569,21.691160220994476
96.706,8.0,HARD,2.0,BOT,Kick Sauber,Japanese Grand Prix,4,37.50110497237569,21.691160220994476
97.406,9.0,HARD,3.0,BOT,Kick Sauber,Japanese Grand Prix,4,37.50110497237569,21.691160220994476
97.451,10.0,HARD,4.0,BOT,Kick Sauber,Japanese Grand Prix,4,37.50110497237569,21.691160220994476
98.432,11.0,HARD,5.0,BOT,Kick Sauber,Japanese Grand Prix,4,37.50110497237569,21.691160220994476
100.691,12.0,HARD,6.0,BOT,Kick Sauber,Japanese Grand Prix,4,37.50110497237569,21.691160220994476
98.282,13.0,HARD,7.0,BOT,Kick Sauber,Japanese Grand Prix,4,37.50110497237569,21.691160220994476
98.717,14.0,HARD,8.0,BOT,Kick Sauber,Japanese Grand Prix,4,37.50110497237569,21.691160220994476
100.42,15.0,HARD,9.0,BOT,Kick Sauber,Japanese Grand Prix,4,37.50110497237569,21.691160220994476
98.633,16.0,HARD,10.0,BOT,Kick Sauber,Japanese Grand Prix,4,37.50110497237569,21.691160220994476
98.718,17.0,HARD,11.0,BOT,Kick Sauber,Japanese Grand Prix,4,37.50110497237569,21.691160220994476
98.83,18.0,HARD,12.0,BOT,Kick Sauber,Japanese Grand Prix,4,37.50110497237569,21.691160220994476
99.632,19.0,HARD,13.0,BOT,Kick Sauber,Japanese Grand Prix,4,37.50110497237569,21.691160220994476
99.113,20.0,HARD,14.0,BOT,Kick Sauber,Japanese Grand Prix,4,37.50110497237569,21.691160220994476
99.457,21.0,HARD,15.0,BOT,Kick Sauber,Japanese Grand Prix,4,37.50110497237569,21.691160220994476
102.311,22.0,HARD,16.0,BOT,Kick Sauber,Japanese Grand Prix,4,37.50110497237569,21.691160220994476
121.647,23.0,HARD,1.0,BOT,Kick Sauber,Japanese Grand Prix,4,37.50110497237569,21.691160220994476
98.126,24.0,HARD,2.0,BOT,Kick Sauber,Japanese Grand Prix,4,37.50110497237569,21.691160220994476
96.608,25.0,HARD,3.0,BOT,Kick Sauber,Japanese Grand Prix,4,37.50110497237569,21.691160220994476
96.858,26.0,HARD,4.0,BOT,Kick Sauber,Japanese Grand Prix,4,37.50110497237569,21.691160220994476
96.622,27.0,HARD,5.0,BOT,Kick Sauber,Japanese Grand Prix,4,37.50110497237569,21.691160220994476
97.472,28.0,HARD,6.0,BOT,Kick Sauber,Japanese Grand Prix,4,37.50110497237569,21.691160220994476
97.712,29.0,HARD,7.0,BOT,Kick Sauber,Japanese Grand Prix,4,37.50110497237569,21.691160220994476
98.253,30.0,HARD,8.0,BOT,Kick Sauber,Japanese Grand Prix,4,37.50110497237569,21.691160220994476
98.058,31.0,HARD,9.0,BOT,Kick Sauber,Japanese Grand Prix,4,37.50110497237569,21.691160220994476
98.748,32.0,HARD,10.0,BOT,Kick Sauber,Japanese Grand Prix,4,37.50110497237569,21.691160220994476
98.722,33.0,HARD,11.0,BOT,Kick Sauber,Japanese Grand Prix,4,37.50110497237569,21.691160220994476
98.003,34.0,HARD,12.0,BOT,Kick Sauber,Japanese Grand Prix,4,37.50110497237569,21.691160220994476
98.007,35.0,HARD,13.0,BOT,Kick Sauber,Japanese Grand Prix,4,37.50110497237569,21.691160220994476
98.257,36.0,HARD,14.0,BOT,Kick Sauber,Japanese Grand Prix,4,37.50110497237569,21.691160220994476
97.602,37.0,HARD,15.0,BOT,Kick Sauber,Japanese Grand Prix,4,37.50110497237569,21.691160220994476
98.0,38.0,HARD,16.0,BOT,Kick Sauber,Japanese Grand Prix,4,37.50110497237569,21.691160220994476
97.232,39.0,HARD,17.0,BOT,Kick Sauber,Japanese Grand Prix,4,37.50110497237569,21.691160220994476
97.858,40.0,HARD,18.0,BOT,Kick Sauber,Japanese Grand Prix,4,37.50110497237569,21.691160220994476
97.312,41.0,HARD,19.0,BOT,Kick Sauber,Japanese Grand Prix,4,37.50110497237569,21.691160220994476
98.001,42.0,HARD,20.0,BOT,Kick Sauber,Japanese Grand Prix,4,37.50110497237569,21.691160220994476
97.444,43.0,HARD,21.0,BOT,Kick Sauber,Japanese Grand Prix,4,37.50110497237569,21.691160220994476
97.507,44.0,HARD,22.0,BOT,Kick Sauber,Japanese Grand Prix,4,37.50110497237569,21.691160220994476
98.734,45.0,HARD,23.0,BOT,Kick Sauber,Japanese Grand Prix,4,37.50110497237569,21.691160220994476
99.966,46.0,HARD,24.0,BOT,Kick Sauber,Japanese Grand Prix,4,37.50110497237569,21.691160220994476
97.9,47.0,HARD,25.0,BOT,Kick Sauber,Japanese Grand Prix,4,37.50110497237569,21.691160220994476
97.206,48.0,HARD,26.0,BOT,Kick Sauber,Japanese Grand Prix,4,37.50110497237569,21.691160220994476
96.944,49.0,HARD,27.0,BOT,Kick Sauber,Japanese Grand Prix,4,37.50110497237569,21.691160220994476
99.195,50.0,HARD,28.0,BOT,Kick Sauber,Japanese Grand Prix,4,37.50110497237569,21.691160220994476
97.156,51.0,HARD,29.0,BOT,Kick Sauber,Japanese Grand Prix,4,37.50110497237569,21.691160220994476
97.727,52.0,HARD,30.0,BOT,Kick Sauber,Japanese Grand Prix,4,37.50110497237569,21.691160220994476
99.541,4.0,HARD,3.0,OCO,Alpine,Japanese Grand Prix,4,37.50110497237569,21.691160220994476
100.081,5.0,HARD,4.0,OCO,Alpine,Japanese Grand Prix,4,37.50110497237569,21.691160220994476
100.496,6.0,HARD,5.0,OCO,Alpine,Japanese Grand Prix,4,37.50110497237569,21.691160220994476
99.744,7.0,HARD,6.0,OCO,Alpine,Japanese Grand Prix,4,37.50110497237569,21.691160220994476
100.009,8.0,HARD,7.0,OCO,Alpine,Japanese Grand Prix,4,37.50110497237569,21.691160220994476
100.294,9.0,HARD,8.0,OCO,Alpine,Japanese Grand Prix,4,37.50110497237569,21.691160220994476
100.315,10.0,HARD,9.0,OCO,Alpine,Japanese Grand Prix,4,37.50110497237569,21.691160220994476
100.371,11.0,HARD,10.0,OCO,Alpine,Japanese Grand Prix,4,37.50110497237569,21.691160220994476
100.56,12.0,HARD,11.0,OCO,Alpine,Japanese Grand Prix,4,37.50110497237569,21.691160220994476
101.341,13.0,HARD,12.0,OCO,Alpine,Japanese Grand Prix,4,37.50110497237569,21.691160220994476
100.787,14.0,HARD,13.0,OCO,Alpine,Japanese Grand Prix,4,37.50110497237569,21.691160220994476
100.961,15.0,HARD,14.0,OCO,Alpine,Japanese Grand Prix,4,37.50110497237569,21.691160220994476
100.692,16.0,HARD,15.0,OCO,Alpine,Japanese Grand Prix,4,37.50110497237569,21.691160220994476
100.929,17.0,HARD,16.0,OCO,Alpine,Japanese Grand Prix,4,37.50110497237569,21.691160220994476
100.737,18.0,HARD,17.0,OCO,Alpine,Japanese Grand Prix,4,37.50110497237569,21.691160220994476
102.283,19.0,HARD,18.0,OCO,Alpine,Japanese Grand Prix,4,37.50110497237569,21.691160220994476
118.375,20.0,HARD,1.0,OCO,Alpine,Japanese Grand Prix,4,37.50110497237569,21.691160220994476
97.716,21.0,HARD,2.0,OCO,Alpine,Japanese Grand Prix,4,37.50110497237569,21.691160220994476
97.775,22.0,HARD,3.0,OCO,Alpine,Japanese Grand Prix,4,37.50110497237569,21.691160220994476
99.219,23.0,HARD,4.0,OCO,Alpine,Japanese Grand Prix,4,37.50110497237569,21.691160220994476
98.924,24.0,HARD,5.0,OCO,Alpine,Japanese Grand Prix,4,37.50110497237569,21.691160220994476
99.084,25.0,HARD,6.0,OCO,Alpine,Japanese Grand Prix,4,37.50110497237569,21.691160220994476
98.611,26.0,HARD,7.0,OCO,Alpine,Japanese Grand Prix,4,37.50110497237569,21.691160220994476
98.943,27.0,HARD,8.0,OCO,Alpine,Japanese Grand Prix,4,37.50110497237569,21.691160220994476
98.612,28.0,HARD,9.0,OCO,Alpine,Japanese Grand Prix,4,37.50110497237569,21.691160220994476
98.702,29.0,HARD,10.0,OCO,Alpine,Japanese Grand Prix,4,37.50110497237569,21.691160220994476
98.499,30.0,HARD,11.0,OCO,Alpine,Japanese Grand Prix,4,37.50110497237569,21.691160220994476
98.662,31.0,HARD,12.0,OCO,Alpine,Japanese Grand Prix,4,37.50110497237569,21.691160220994476
98.366,32.0,HARD,13.0,OCO,Alpine,Japanese Grand Prix,4,37.50110497237569,21.691160220994476
100.764,33.0,HARD,14.0,OCO,Alpine,Japanese Grand Prix,4,37.50110497237569,21.691160220994476
117.831,34.0,MEDIUM,1.0,OCO,Alpine,Japanese Grand Prix,4,37.50110497237569,21.691160220994476
97.126,35.0,MEDIUM,2.0,OCO,Alpine,Japanese Grand Prix,4,37.50110497237569,21.691160220994476
96.983,36.0,MEDIUM,3.0,OCO,Alpine,Japanese Grand Prix,4,37.50110497237569,21.691160220994476
98.763,37.0,MEDIUM,4.0,OCO,Alpine,Japanese Grand Prix,4,37.50110497237569,21.691160220994476
96.714,38.0,MEDIUM,5.0,OCO,Alpine,Japanese Grand Prix,4,37.50110497237569,21.691160220994476
97.058,39.0,MEDIUM,6.0,OCO,Alpine,Japanese Grand Prix,4,37.50110497237569,21.691160220994476
97.58,40.0,MEDIUM,7.0,OCO,Alpine,Japanese Grand Prix,4,37.50110497237569,21.691160220994476
99.008,41.0,MEDIUM,8.0,OCO,Alpine,Japanese Grand Prix,4,37.50110497237569,21.691160220994476
97.129,42.0,MEDIUM,9.0,OCO,Alpine,Japanese Grand Prix,4,37.50110497237569,21.691160220994476
97.478,43.0,MEDIUM,10.0,OCO,Alpine,Japanese Grand Prix,4,37.50110497237569,21.691160220994476
100.961,44.0,MEDIUM,11.0,OCO,Alpine,Japanese Grand Prix,4,37.50110497237569,21.691160220994476
96.983,45.0,MEDIUM,12.0,OCO,Alpine,Japanese Grand Prix,4,37.50110497237569,21.691160220994476
97.091,46.0,MEDIUM,13.0,OCO,Alpine,Japanese Grand Prix,4,37.50110497237569,21.691160220994476
97.381,47.0,MEDIUM,14.0,OCO,Alpine,Japanese Grand Prix,4,37.50110497237569,21.691160220994476
96.836,48.0,MEDIUM,15.0,OCO,Alpine,Japanese Grand Prix,4,37.50110497237569,21.691160220994476
96.691,49.0,MEDIUM,16.0,OCO,Alpine,Japanese Grand Prix,4,37.50110497237569,21.691160220994476
96.636,50.0,MEDIUM,17.0,OCO,Alpine,Japanese Grand Prix,4,37.50110497237569,21.691160220994476
96.831,51.0,MEDIUM,18.0,OCO,Alpine,Japanese Grand Prix,4,37.50110497237569,21.691160220994476
96.232,52.0,MEDIUM,19.0,OCO,Alpine,Japanese Grand Prix,4,37.50110497237569,21.691160220994476
99.925,4.0,HARD,3.0,GAS,Alpine,Japanese Grand Prix,4,37.50110497237569,21.691160220994476
99.473,5.0,HARD,4.0,GAS,Alpine,Japanese Grand Prix,4,37.50110497237569,21.691160220994476
100.257,6.0,HARD,5.0,GAS,Alpine,Japanese Grand Prix,4,37.50110497237569,21.691160220994476
100.248,7.0,HARD,6.0,GAS,Alpine,Japanese Grand Prix,4,37.50110497237569,21.691160220994476
101.363,8.0,HARD,7.0,GAS,Alpine,Japanese Grand Prix,4,37.50110497237569,21.691160220994476
100.78,9.0,HARD,8.0,GAS,Alpine,Japanese Grand Prix,4,37.50110497237569,21.691160220994476
101.117,10.0,HARD,9.0,GAS,Alpine,Japanese Grand Prix,4,37.50110497237569,21.691160220994476
101.628,11.0,HARD,10.0,GAS,Alpine,Japanese Grand Prix,4,37.50110497237569,21.691160220994476
101.107,12.0,HARD,11.0,GAS,Alpine,Japanese Grand Prix,4,37.50110497237569,21.691160220994476
102.475,13.0,HARD,12.0,GAS,Alpine,Japanese Grand Prix,4,37.50110497237569,21.691160220994476
101.773,14.0,HARD,13.0,GAS,Alpine,Japanese Grand Prix,4,37.50110497237569,21.691160220994476
101.38,15.0,HARD,14.0,GAS,Alpine,Japanese Grand Prix,4,37.50110497237569,21.691160220994476
103.476,16.0,HARD,15.0,GAS,Alpine,Japanese Grand Prix,4,37.50110497237569,21.691160220994476
118.732,17.0,MEDIUM,1.0,GAS,Alpine,Japanese Grand Prix,4,37.50110497237569,21.691160220994476
98.374,18.0,MEDIUM,2.0,GAS,Alpine,Japanese Grand Prix,4,37.50110497237569,21.691160220994476
98.599,19.0,MEDIUM,3.0,GAS,Alpine,Japanese Grand Prix,4,37.50110497237569,21.691160220994476
98.741,20.0,MEDIUM,4.0,GAS,Alpine,Japanese Grand Prix,4,37.50110497237569,21.691160220994476
98.415,21.0,MEDIUM,5.0,GAS,Alpine,Japanese Grand Prix,4,37.50110497237569,21.691160220994476
98.382,22.0,MEDIUM,6.0,GAS,Alpine,Japanese Grand Prix,4,37.50110497237569,21.691160220994476
99.816,23.0,MEDIUM,7.0,GAS,Alpine,Japanese Grand Prix,4,37.50110497237569,21.691160220994476
98.781,24.0,MEDIUM,8.0,GAS,Alpine,Japanese Grand Prix,4,37.50110497237569,21.691160220994476
99.034,25.0,MEDIUM,9.0,GAS,Alpine,Japanese Grand Prix,4,37.50110497237569,21.691160220994476
98.958,26.0,MEDIUM,10.0,GAS,Alpine,Japanese Grand Prix,4,37.50110497237569,21.691160220994476
98.902,27.0,MEDIUM,11.0,GAS,Alpine,Japanese Grand Prix,4,37.50110497237569,21.691160220994476
98.873,28.0,MEDIUM,12.0,GAS,Alpine,Japanese Grand Prix,4,37.50110497237569,21.691160220994476
99.052,29.0,MEDIUM,13.0,GAS,Alpine,Japanese Grand Prix,4,37.50110497237569,21.691160220994476
98.894,30.0,MEDIUM,14.0,GAS,Alpine,Japanese Grand Prix,4,37.50110497237569,21.691160220994476
99.45,31.0,MEDIUM,15.0,GAS,Alpine,Japanese Grand Prix,4,37.50110497237569,21.691160220994476
101.728,32.0,MEDIUM,16.0,GAS,Alpine,Japanese Grand Prix,4,37.50110497237569,21.691160220994476
117.833,33.0,HARD,1.0,GAS,Alpine,Japanese Grand Prix,4,37.50110497237569,21.691160220994476
98.671,34.0,HARD,2.0,GAS,Alpine,Japanese Grand Prix,4,37.50110497237569,21.691160220994476
97.656,35.0,HARD,3.0,GAS,Alpine,Japanese Grand Prix,4,37.50110497237569,21.691160220994476
97.283,36.0,HARD,4.0,GAS,Alpine,Japanese Grand Prix,4,37.50110497237569,21.691160220994476
98.426,37.0,HARD,5.0,GAS,Alpine,Japanese Grand Prix,4,37.50110497237569,21.691160220994476
96.756,38.0,HARD,6.0,GAS,Alpine,Japanese Grand Prix,4,37.50110497237569,21.691160220994476
100.223,39.0,HARD,7.0,GAS,Alpine,Japanese Grand Prix,4,37.50110497237569,21.691160220994476
98.072,40.0,HARD,8.0,GAS,Alpine,Japanese Grand Prix,4,37.50110497237569,21.691160220994476
97.477,41.0,HARD,9.0,GAS,Alpine,Japanese Grand Prix,4,37.50110497237569,21.691160220994476
97.014,42.0,HARD,10.0,GAS,Alpine,Japanese Grand Prix,4,37.50110497237569,21.691160220994476
96.799,43.0,HARD,11.0,GAS,Alpine,Japanese Grand Prix,4,37.50110497237569,21.691160220994476
97.201,44.0,HARD,12.0,GAS,Alpine,Japanese Grand Prix,4,37.50110497237569,21.691160220994476
96.942,45.0,HARD,13.0,GAS,Alpine,Japanese Grand Prix,4,37.50110497237569,21.691160220994476
96.997,46.0,HARD,14.0,GAS,Alpine,Japanese Grand Prix,4,37.50110497237569,21.691160220994476
96.759,47.0,HARD,15.0,GAS,Alpine,Japanese Grand Prix,4,37.50110497237569,21.691160220994476
96.642,48.0,HARD,16.0,GAS,Alpine,Japanese Grand Prix,4,37.50110497237569,21.691160220994476
98.65,49.0,HARD,17.0,GAS,Alpine,Japanese Grand Prix,4,37.50110497237569,21.691160220994476
100.961,50.0,HARD,18.0,GAS,Alpine,Japanese Grand Prix,4,37.50110497237569,21.691160220994476
97.721,51.0,HARD,19.0,GAS,Alpine,Japanese Grand Prix,4,37.50110497237569,21.691160220994476
97.505,52.0,HARD,20.0,GAS,Alpine,Japanese Grand Prix,4,37.50110497237569,21.691160220994476
100.424,4.0,HARD,3.0,SAR,Williams,Japanese Grand Prix,4,37.50110497237569,21.691160220994476
99.668,5.0,HARD,4.0,SAR,Williams,Japanese Grand Prix,4,37.50110497237569,21.691160220994476
99.582,6.0,HARD,5.0,SAR,Williams,Japanese Grand Prix,4,37.50110497237569,21.691160220994476
100.055,7.0,HARD,6.0,SAR,Williams,Japanese Grand Prix,4,37.50110497237569,21.691160220994476
99.655,8.0,HARD,7.0,SAR,Williams,Japanese Grand Prix,4,37.50110497237569,21.691160220994476
100.871,9.0,HARD,8.0,SAR,Williams,Japanese Grand Prix,4,37.50110497237569,21.691160220994476
100.916,10.0,HARD,9.0,SAR,Williams,Japanese Grand Prix,4,37.50110497237569,21.691160220994476
99.348,11.0,HARD,10.0,SAR,Williams,Japanese Grand Prix,4,37.50110497237569,21.691160220994476
99.911,12.0,HARD,11.0,SAR,Williams,Japanese Grand Prix,4,37.50110497237569,21.691160220994476
100.197,13.0,HARD,12.0,SAR,Williams,Japanese Grand Prix,4,37.50110497237569,21.691160220994476
99.713,14.0,HARD,13.0,SAR,Williams,Japanese Grand Prix,4,37.50110497237569,21.691160220994476
99.368,15.0,HARD,14.0,SAR,Williams,Japanese Grand Prix,4,37.50110497237569,21.691160220994476
99.404,16.0,HARD,15.0,SAR,Williams,Japanese Grand Prix,4,37.50110497237569,21.691160220994476
99.216,17.0,HARD,16.0,SAR,Williams,Japanese Grand Prix,4,37.50110497237569,21.691160220994476
100.309,18.0,HARD,17.0,SAR,Williams,Japanese Grand Prix,4,37.50110497237569,21.691160220994476
99.537,19.0,HARD,18.0,SAR,Williams,Japanese Grand Prix,4,37.50110497237569,21.691160220994476
98.968,20.0,HARD,19.0,SAR,Williams,Japanese Grand Prix,4,37.50110497237569,21.691160220994476
99.612,21.0,HARD,20.0,SAR,Williams,Japanese Grand Prix,4,37.50110497237569,21.691160220994476
101.989,22.0,HARD,21.0,SAR,Williams,Japanese Grand Prix,4,37.50110497237569,21.691160220994476
121.843,23.0,HARD,1.0,SAR,Williams,Japanese Grand Prix,4,37.50110497237569,21.691160220994476
98.094,24.0,HARD,2.0,SAR,Williams,Japanese Grand Prix,4,37.50110497237569,21.691160220994476
98.43,25.0,HARD,3.0,SAR,Williams,Japanese Grand Prix,4,37.50110497237569,21.691160220994476
98.485,26.0,HARD,4.0,SAR,Williams,Japanese Grand Prix,4,37.50110497237569,21.691160220994476
96.59,27.0,HARD,5.0,SAR,Williams,Japanese Grand Prix,4,37.50110497237569,21.691160220994476
97.429,28.0,HARD,6.0,SAR,Williams,Japanese Grand Prix,4,37.50110497237569,21.691160220994476
97.679,29.0,HARD,7.0,SAR,Williams,Japanese Grand Prix,4,37.50110497237569,21.691160220994476
97.511,30.0,HARD,8.0,SAR,Williams,Japanese Grand Prix,4,37.50110497237569,21.691160220994476
97.495,31.0,HARD,9.0,SAR,Williams,Japanese Grand Prix,4,37.50110497237569,21.691160220994476
97.761,32.0,HARD,10.0,SAR,Williams,Japanese Grand Prix,4,37.50110497237569,21.691160220994476
98.166,33.0,HARD,11.0,SAR,Williams,Japanese Grand Prix,4,37.50110497237569,21.691160220994476
100.392,34.0,HARD,12.0,SAR,Williams,Japanese Grand Prix,4,37.50110497237569,21.691160220994476
116.181,35.0,MEDIUM,1.0,SAR,Williams,Japanese Grand Prix,4,37.50110497237569,21.691160220994476
95.497,36.0,MEDIUM,2.0,SAR,Williams,Japanese Grand Prix,4,37.50110497237569,21.691160220994476
96.103,37.0,MEDIUM,3.0,SAR,Williams,Japanese Grand Prix,4,37.50110497237569,21.691160220994476
96.149,38.0,MEDIUM,4.0,SAR,Williams,Japanese Grand Prix,4,37.50110497237569,21.691160220994476
96.25,39.0,MEDIUM,5.0,SAR,Williams,Japanese Grand Prix,4,37.50110497237569,21.691160220994476
96.282,40.0,MEDIUM,6.0,SAR,Williams,Japanese Grand Prix,4,37.50110497237569,21.691160220994476
115.171,42.0,SOFT,1.0,SAR,Williams,Japanese Grand Prix,4,37.50110497237569,21.691160220994476
94.9,43.0,SOFT,2.0,SAR,Williams,Japanese Grand Prix,4,37.50110497237569,21.691160220994476
95.087,44.0,SOFT,3.0,SAR,Williams,Japanese Grand Prix,4,37.50110497237569,21.691160220994476
95.35,45.0,SOFT,4.0,SAR,Williams,Japanese Grand Prix,4,37.50110497237569,21.691160220994476
95.778,46.0,SOFT,5.0,SAR,Williams,Japanese Grand Prix,4,37.50110497237569,21.691160220994476
95.701,47.0,SOFT,6.0,SAR,Williams,Japanese Grand Prix,4,37.50110497237569,21.691160220994476
95.837,48.0,SOFT,7.0,SAR,Williams,Japanese Grand Prix,4,37.50110497237569,21.691160220994476
95.619,49.0,SOFT,8.0,SAR,Williams,Japanese Grand Prix,4,37.50110497237569,21.691160220994476
95.49,50.0,SOFT,9.0,SAR,Williams,Japanese Grand Prix,4,37.50110497237569,21.691160220994476
95.233,51.0,SOFT,10.0,SAR,Williams,Japanese Grand Prix,4,37.50110497237569,21.691160220994476
97.715,52.0,SOFT,11.0,SAR,Williams,Japanese Grand Prix,4,37.50110497237569,21.691160220994476
129.289,3.0,SOFT,2.0,ZHO,Kick Sauber,Japanese Grand Prix,4,37.50110497237569,21.691160220994476
100.228,4.0,SOFT,3.0,ZHO,Kick Sauber,Japanese Grand Prix,4,37.50110497237569,21.691160220994476
99.597,5.0,SOFT,4.0,ZHO,Kick Sauber,Japanese Grand Prix,4,37.50110497237569,21.691160220994476
99.991,6.0,SOFT,5.0,ZHO,Kick Sauber,Japanese Grand Prix,4,37.50110497237569,21.691160220994476
102.874,7.0,SOFT,6.0,ZHO,Kick Sauber,Japanese Grand Prix,4,37.50110497237569,21.691160220994476
118.402,8.0,HARD,1.0,ZHO,Kick Sauber,Japanese Grand Prix,4,37.50110497237569,21.691160220994476
97.16,9.0,HARD,2.0,ZHO,Kick Sauber,Japanese Grand Prix,4,37.50110497237569,21.691160220994476
97.5,10.0,HARD,3.0,ZHO,Kick Sauber,Japanese Grand Prix,4,37.50110497237569,21.691160220994476
101.117,11.0,HARD,4.0,ZHO,Kick Sauber,Japanese Grand Prix,4,37.50110497237569,21.691160220994476
128.193,12.0,HARD,5.0,ZHO,Kick Sauber,Japanese Grand Prix,4,37.50110497237569,21.691160220994476
100.494,3.0,MEDIUM,3.0,VER,Red Bull Racing,Chinese Grand Prix,5,29.792727272727273,18.63939393939394
100.573,4.0,MEDIUM,4.0,VER,Red Bull Racing,Chinese Grand Prix,5,29.792727272727273,18.63939393939394
100.919,5.0,MEDIUM,5.0,VER,Red Bull Racing,Chinese Grand Prix,5,29.792727272727273,18.63939393939394
101.147,6.0,MEDIUM,6.0,VER,Red Bull Racing,Chinese Grand Prix,5,29.792727272727273,18.63939393939394
101.118,7.0,MEDIUM,7.0,VER,Red Bull Racing,Chinese Grand Prix,5,29.792727272727273,18.63939393939394
101.11,8.0,MEDIUM,8.0,VER,Red Bull Racing,Chinese Grand Prix,5,29.792727272727273,18.63939393939394
101.155,9.0,MEDIUM,9.0,VER,Red Bull Racing,Chinese Grand Prix,5,29.792727272727273,18.63939393939394
101.424,10.0,MEDIUM,10.0,VER,Red Bull Racing,Chinese Grand Prix,5,29.792727272727273,18.63939393939394
101.401,11.0,MEDIUM,11.0,VER,Red Bull Racing,Chinese Grand Prix,5,29.792727272727273,18.63939393939394
101.318,12.0,MEDIUM,12.0,VER,Red Bull Racing,Chinese Grand Prix,5,29.792727272727273,18.63939393939394
106.526,13.0,MEDIUM,13.0,VER,Red Bull Racing,Chinese Grand Prix,5,29.792727272727273,18.63939393939394
119.074,14.0,HARD,1.0,VER,Red Bull Racing,Chinese Grand Prix,5,29.792727272727273,18.63939393939394
99.591,15.0,HARD,2.0,VER,Red Bull Racing,Chinese Grand Prix,5,29.792727272727273,18.63939393939394
99.985,16.0,HARD,3.0,VER,Red Bull Racing,Chinese Grand Prix,5,29.792727272727273,18.63939393939394
99.519,17.0,HARD,4.0,VER,Red Bull Racing,Chinese Grand Prix,5,29.792727272727273,18.63939393939394
100.07,18.0,HARD,5.0,VER,Red Bull Racing,Chinese Grand Prix,5,29.792727272727273,18.63939393939394
100.139,19.0,HARD,6.0,VER,Red Bull Racing,Chinese Grand Prix,5,29.792727272727273,18.63939393939394
100.081,20.0,HARD,7.0,VER,Red Bull Racing,Chinese Grand Prix,5,29.792727272727273,18.63939393939394
100.49,21.0,HARD,8.0,VER,Red Bull Racing,Chinese Grand Prix,5,29.792727272727273,18.63939393939394
107.123,27.0,HARD,4.0,VER,Red Bull Racing,Chinese Grand Prix,5,29.792727272727273,18.63939393939394
98.604,32.0,HARD,9.0,VER,Red Bull Racing,Chinese Grand Prix,5,29.792727272727273,18.63939393939394
98.406,33.0,HARD,10.0,VER,Red Bull Racing,Chinese Grand Prix,5,29.792727272727273,18.63939393939394
98.426,34.0,HARD,11.0,VER,Red Bull Racing,Chinese Grand Prix,5,29.792727272727273,18.63939393939394
98.765,35.0,HARD,12.0,VER,Red Bull Racing,Chinese Grand Prix,5,29.792727272727273,18.63939393939394
98.825,36.0,HARD,13.0,VER,Red Bull Racing,Chinese Grand Prix,5,29.792727272727273,18.63939393939394
98.801,37.0,HARD,14.0,VER,Red Bull Racing,Chinese Grand Prix,5,29.792727272727273,18.63939393939394
98.855,38.0,HARD,15.0,VER,Red Bull Racing,Chinese Grand Prix,5,29.792727272727273,18.63939393939394
98.742,39.0,HARD,16.0,VER,Red Bull Racing,Chinese Grand Prix,5,29.792727272727273,18.63939393939394
98.956,40.0,HARD,17.0,VER,Red Bull Racing,Chinese Grand Prix,5,29.792727272727273,18.63939393939394
99.067,41.0,HARD,18.0,VER,Red Bull Racing,Chinese Grand Prix,5,29.792727272727273,18.63939393939394
99.227,42.0,HARD,19.0,VER,Red Bull Racing,Chinese Grand Prix,5,29.792727272727273,18.63939393939394
99.224,43.0,HARD,20.0,VER,Red Bull Racing,Chinese Grand Prix,5,29.792727272727273,18.63939393939394
99.305,44.0,HARD,21.0,VER,Red Bull Racing,Chinese Grand Prix,5,29.792727272727273,18.63939393939394
99.216,45.0,HARD,22.0,VER,Red Bull Racing,Chinese Grand Prix,5,29.792727272727273,18.63939393939394
99.433,46.0,HARD,23.0,VER,Red Bull Racing,Chinese Grand Prix,5,29.792727272727273,18.63939393939394
99.422,47.0,HARD,24.0,VER,Red Bull Racing,Chinese Grand Prix,5,29.792727272727273,18.63939393939394
99.325,48.0,HARD,25.0,VER,Red Bull Racing,Chinese Grand Prix,5,29.792727272727273,18.63939393939394
99.35,49.0,HARD,26.0,VER,Red Bull Racing,Chinese Grand Prix,5,29.792727272727273,18.63939393939394
99.445,50.0,HARD,27.0,VER,Red Bull Racing,Chinese Grand Prix,5,29.792727272727273,18.63939393939394
99.276,51.0,HARD,28.0,VER,Red Bull Racing,Chinese Grand Prix,5,29.792727272727273,18.63939393939394
99.694,52.0,HARD,29.0,VER,Red Bull Racing,Chinese Grand Prix,5,29.792727272727273,18.63939393939394
99.654,53.0,HARD,30.0,VER,Red Bull Racing,Chinese Grand Prix,5,29.792727272727273,18.63939393939394
99.773,54.0,HARD,31.0,VER,Red Bull Racing,Chinese Grand Prix,5,29.792727272727273,18.63939393939394
99.805,55.0,HARD,32.0,VER,Red Bull Racing,Chinese Grand Prix,5,29.792727272727273,18.63939393939394
100.253,56.0,HARD,33.0,VER,Red Bull Racing,Chinese Grand Prix,5,29.792727272727273,18.63939393939394
103.012,3.0,MEDIUM,3.0,GAS,Alpine,Chinese Grand Prix,5,29.792727272727273,18.63939393939394
102.847,4.0,MEDIUM,4.0,GAS,Alpine,Chinese Grand Prix,5,29.792727272727273,18.63939393939394
103.552,5.0,MEDIUM,5.0,GAS,Alpine,Chinese Grand Prix,5,29.792727272727273,18.63939393939394
103.494,6.0,MEDIUM,6.0,GAS,Alpine,Chinese Grand Prix,5,29.792727272727273,18.63939393939394
103.352,7.0,MEDIUM,7.0,GAS,Alpine,Chinese Grand Prix,5,29.792727272727273,18.63939393939394
103.871,8.0,MEDIUM,8.0,GAS,Alpine,Chinese Grand Prix,5,29.792727272727273,18.63939393939394
103.691,9.0,MEDIUM,9.0,GAS,Alpine,Chinese Grand Prix,5,29.792727272727273,18.63939393939394
103.435,10.0,MEDIUM,10.0,GAS,Alpine,Chinese Grand Prix,5,29.792727272727273,18.63939393939394
108.722,11.0,MEDIUM,11.0,GAS,Alpine,Chinese Grand Prix,5,29.792727272727273,18.63939393939394
101.071,13.0,HARD,2.0,GAS,Alpine,Chinese Grand Prix,5,29.792727272727273,18.63939393939394
101.893,14.0,HARD,3.0,GAS,Alpine,Chinese Grand Prix,5,29.792727272727273,18.63939393939394
101.679,15.0,HARD,4.0,GAS,Alpine,Chinese Grand Prix,5,29.792727272727273,18.63939393939394
102.107,16.0,HARD,5.0,GAS,Alpine,Chinese Grand Prix,5,29.792727272727273,18.63939393939394
101.956,17.0,HARD,6.0,GAS,Alpine,Chinese Grand Prix,5,29.792727272727273,18.63939393939394
101.812,18.0,HARD,7.0,GAS,Alpine,Chinese Grand Prix,5,29.792727272727273,18.63939393939394
102.136,19.0,HARD,8.0,GAS,Alpine,Chinese Grand Prix,5,29.792727272727273,18.63939393939394
102.229,20.0,HARD,9.0,GAS,Alpine,Chinese Grand Prix,5,29.792727272727273,18.63939393939394
123.25,21.0,HARD,10.0,GAS,Alpine,Chinese Grand Prix,5,29.792727272727273,18.63939393939394
109.465,25.0,HARD,2.0,GAS,Alpine,Chinese Grand Prix,5,29.792727272727273,18.63939393939394
118.826,27.0,HARD,4.0,GAS,Alpine,Chinese Grand Prix,5,29.792727272727273,18.63939393939394
101.886,32.0,HARD,9.0,GAS,Alpine,Chinese Grand Prix,5,29.792727272727273,18.63939393939394
102.047,33.0,HARD,10.0,GAS,Alpine,Chinese Grand Prix,5,29.792727272727273,18.63939393939394
101.522,34.0,HARD,11.0,GAS,Alpine,Chinese Grand Prix,5,29.792727272727273,18.63939393939394
101.078,35.0,HARD,12.0,GAS,Alpine,Chinese Grand Prix,5,29.792727272727273,18.63939393939394
101.311,36.0,HARD,13.0,GAS,Alpine,Chinese Grand Prix,5,29.792727272727273,18.63939393939394
101.071,37.0,HARD,14.0,GAS,Alpine,Chinese Grand Prix,5,29.792727272727273,18.63939393939394
106.348,38.0,HARD,15.0,GAS,Alpine,Chinese Grand Prix,5,29.792727272727273,18.63939393939394
118.239,39.0,MEDIUM,1.0,GAS,Alpine,Chinese Grand Prix,5,29.792727272727273,18.63939393939394
99.198,40.0,MEDIUM,2.0,GAS,Alpine,Chinese Grand Prix,5,29.792727272727273,18.63939393939394
99.758,41.0,MEDIUM,3.0,GAS,Alpine,Chinese Grand Prix,5,29.792727272727273,18.63939393939394
100.024,42.0,MEDIUM,4.0,GAS,Alpine,Chinese Grand Prix,5,29.792727272727273,18.63939393939394
100.029,43.0,MEDIUM,5.0,GAS,Alpine,Chinese Grand Prix,5,29.792727272727273,18.63939393939394
99.906,44.0,MEDIUM,6.0,GAS,Alpine,Chinese Grand Prix,5,29.792727272727273,18.63939393939394
100.065,45.0,MEDIUM,7.0,GAS,Alpine,Chinese Grand Prix,5,29.792727272727273,18.63939393939394
100.25,46.0,MEDIUM,8.0,GAS,Alpine,Chinese Grand Prix,5,29.792727272727273,18.63939393939394
100.397,47.0,MEDIUM,9.0,GAS,Alpine,Chinese Grand Prix,5,29.792727272727273,18.63939393939394
101.551,48.0,MEDIUM,10.0,GAS,Alpine,Chinese Grand Prix,5,29.792727272727273,18.63939393939394
100.305,49.0,MEDIUM,11.0,GAS,Alpine,Chinese Grand Prix,5,29.792727272727273,18.63939393939394
100.138,50.0,MEDIUM,12.0,GAS,Alpine,Chinese Grand Prix,5,29.792727272727273,18.63939393939394
100.497,51.0,MEDIUM,13.0,GAS,Alpine,Chinese Grand Prix,5,29.792727272727273,18.63939393939394
101.052,52.0,MEDIUM,14.0,GAS,Alpine,Chinese Grand Prix,5,29.792727272727273,18.63939393939394
101.373,53.0,MEDIUM,15.0,GAS,Alpine,Chinese Grand Prix,5,29.792727272727273,18.63939393939394
100.727,54.0,MEDIUM,16.0,GAS,Alpine,Chinese Grand Prix,5,29.792727272727273,18.63939393939394
100.737,55.0,MEDIUM,17.0,GAS,Alpine,Chinese Grand Prix,5,29.792727272727273,18.63939393939394
100.819,56.0,MEDIUM,18.0,GAS,Alpine,Chinese Grand Prix,5,29.792727272727273,18.63939393939394
100.973,3.0,MEDIUM,3.0,PER,Red Bull Racing,Chinese Grand Prix,5,29.792727272727273,18.63939393939394
101.604,4.0,MEDIUM,4.0,PER,Red Bull Racing,Chinese Grand Prix,5,29.792727272727273,18.63939393939394
101.625,5.0,MEDIUM,5.0,PER,Red Bull Racing,Chinese Grand Prix,5,29.792727272727273,18.63939393939394
101.656,6.0,MEDIUM,6.0,PER,Red Bull Racing,Chinese Grand Prix,5,29.792727272727273,18.63939393939394
101.583,7.0,MEDIUM,7.0,PER,Red Bull Racing,Chinese Grand Prix,5,29.792727272727273,18.63939393939394
101.713,8.0,MEDIUM,8.0,PER,Red Bull Racing,Chinese Grand Prix,5,29.792727272727273,18.63939393939394
101.768,9.0,MEDIUM,9.0,PER,Red Bull Racing,Chinese Grand Prix,5,29.792727272727273,18.63939393939394
101.84,10.0,MEDIUM,10.0,PER,Red Bull Racing,Chinese Grand Prix,5,29.792727272727273,18.63939393939394
101.767,11.0,MEDIUM,11.0,PER,Red Bull Racing,Chinese Grand Prix,5,29.792727272727273,18.63939393939394
102.266,12.0,MEDIUM,12.0,PER,Red Bull Racing,Chinese Grand Prix,5,29.792727272727273,18.63939393939394
106.866,13.0,MEDIUM,13.0,PER,Red Bull Racing,Chinese Grand Prix,5,29.792727272727273,18.63939393939394
118.255,14.0,HARD,1.0,PER,Red Bull Racing,Chinese Grand Prix,5,29.792727272727273,18.63939393939394
100.038,15.0,HARD,2.0,PER,Red Bull Racing,Chinese Grand Prix,5,29.792727272727273,18.63939393939394
100.556,16.0,HARD,3.0,PER,Red Bull Racing,Chinese Grand Prix,5,29.792727272727273,18.63939393939394
102.103,17.0,HARD,4.0,PER,Red Bull Racing,Chinese Grand Prix,5,29.792727272727273,18.63939393939394
100.199,18.0,HARD,5.0,PER,Red Bull Racing,Chinese Grand Prix,5,29.792727272727273,18.63939393939394
100.313,19.0,HARD,6.0,PER,Red Bull Racing,Chinese Grand Prix,5,29.792727272727273,18.63939393939394
100.522,20.0,HARD,7.0,PER,Red Bull Racing,Chinese Grand Prix,5,29.792727272727273,18.63939393939394
107.126,21.0,HARD,8.0,PER,Red Bull Racing,Chinese Grand Prix,5,29.792727272727273,18.63939393939394
109.072,27.0,HARD,4.0,PER,Red Bull Racing,Chinese Grand Prix,5,29.792727272727273,18.63939393939394
99.731,32.0,HARD,9.0,PER,Red Bull Racing,Chinese Grand Prix,5,29.792727272727273,18.63939393939394
99.388,33.0,HARD,10.0,PER,Red Bull Racing,Chinese Grand Prix,5,29.792727272727273,18.63939393939394
99.512,34.0,HARD,11.0,PER,Red Bull Racing,Chinese Grand Prix,5,29.792727272727273,18.63939393939394
99.698,35.0,HARD,12.0,PER,Red Bull Racing,Chinese Grand Prix,5,29.792727272727273,18.63939393939394
99.68,36.0,HARD,13.0,PER,Red Bull Racing,Chinese Grand Prix,5,29.792727272727273,18.63939393939394
100.005,37.0,HARD,14.0,PER,Red Bull Racing,Chinese Grand Prix,5,29.792727272727273,18.63939393939394
100.068,38.0,HARD,15.0,PER,Red Bull Racing,Chinese Grand Prix,5,29.792727272727273,18.63939393939394
99.409,39.0,HARD,16.0,PER,Red Bull Racing,Chinese Grand Prix,5,29.792727272727273,18.63939393939394
99.687,40.0,HARD,17.0,PER,Red Bull Racing,Chinese Grand Prix,5,29.792727272727273,18.63939393939394
99.599,41.0,HARD,18.0,PER,Red Bull Racing,Chinese Grand Prix,5,29.792727272727273,18.63939393939394
99.521,42.0,HARD,19.0,PER,Red Bull Racing,Chinese Grand Prix,5,29.792727272727273,18.63939393939394
99.607,43.0,HARD,20.0,PER,Red Bull Racing,Chinese Grand Prix,5,29.792727272727273,18.63939393939394
99.722,44.0,HARD,21.0,PER,Red Bull Racing,Chinese Grand Prix,5,29.792727272727273,18.63939393939394
99.849,45.0,HARD,22.0,PER,Red Bull Racing,Chinese Grand Prix,5,29.792727272727273,18.63939393939394
99.966,46.0,HARD,23.0,PER,Red Bull Racing,Chinese Grand Prix,5,29.792727272727273,18.63939393939394
99.955,47.0,HARD,24.0,PER,Red Bull Racing,Chinese Grand Prix,5,29.792727272727273,18.63939393939394
99.961,48.0,HARD,25.0,PER,Red Bull Racing,Chinese Grand Prix,5,29.792727272727273,18.63939393939394
99.903,49.0,HARD,26.0,PER,Red Bull Racing,Chinese Grand Prix,5,29.792727272727273,18.63939393939394
100.052,50.0,HARD,27.0,PER,Red Bull Racing,Chinese Grand Prix,5,29.792727272727273,18.63939393939394
99.906,51.0,HARD,28.0,PER,Red Bull Racing,Chinese Grand Prix,5,29.792727272727273,18.63939393939394
100.123,52.0,HARD,29.0,PER,Red Bull Racing,Chinese Grand Prix,5,29.792727272727273,18.63939393939394
100.196,53.0,HARD,30.0,PER,Red Bull Racing,Chinese Grand Prix,5,29.792727272727273,18.63939393939394
100.228,54.0,HARD,31.0,PER,Red Bull Racing,Chinese Grand Prix,5,29.792727272727273,18.63939393939394
100.593,55.0,HARD,32.0,PER,Red Bull Racing,Chinese Grand Prix,5,29.792727272727273,18.63939393939394
100.65,56.0,HARD,33.0,PER,Red Bull Racing,Chinese Grand Prix,5,29.792727272727273,18.63939393939394
100.988,3.0,MEDIUM,3.0,ALO,Aston Martin,Chinese Grand Prix,5,29.792727272727273,18.63939393939394
101.579,4.0,MEDIUM,4.0,ALO,Aston Martin,Chinese Grand Prix,5,29.792727272727273,18.63939393939394
103.06,5.0,MEDIUM,5.0,ALO,Aston Martin,Chinese Grand Prix,5,29.792727272727273,18.63939393939394
102.363,6.0,MEDIUM,6.0,ALO,Aston Martin,Chinese Grand Prix,5,29.792727272727273,18.63939393939394
103.817,7.0,MEDIUM,7.0,ALO,Aston Martin,Chinese Grand Prix,5,29.792727272727273,18.63939393939394
103.132,8.0,MEDIUM,8.0,ALO,Aston Martin,Chinese Grand Prix,5,29.792727272727273,18.63939393939394
102.946,9.0,MEDIUM,9.0,ALO,Aston Martin,Chinese Grand Prix,5,29.792727272727273,18.63939393939394
103.083,10.0,MEDIUM,10.0,ALO,Aston Martin,Chinese Grand Prix,5,29.792727272727273,18.63939393939394
108.048,11.0,MEDIUM,11.0,ALO,Aston Martin,Chinese Grand Prix,5,29.792727272727273,18.63939393939394
120.05,12.0,HARD,1.0,ALO,Aston Martin,Chinese Grand Prix,5,29.792727272727273,18.63939393939394
102.256,13.0,HARD,2.0,ALO,Aston Martin,Chinese Grand Prix,5,29.792727272727273,18.63939393939394
100.944,14.0,HARD,3.0,ALO,Aston Martin,Chinese Grand Prix,5,29.792727272727273,18.63939393939394
100.983,15.0,HARD,4.0,ALO,Aston Martin,Chinese Grand Prix,5,29.792727272727273,18.63939393939394
101.274,16.0,HARD,5.0,ALO,Aston Martin,Chinese Grand Prix,5,29.792727272727273,18.63939393939394
101.251,17.0,HARD,6.0,ALO,Aston Martin,Chinese Grand Prix,5,29.792727272727273,18.63939393939394
101.229,18.0,HARD,7.0,ALO,Aston Martin,Chinese Grand Prix,5,29.792727272727273,18.63939393939394
101.459,19.0,HARD,8.0,ALO,Aston Martin,Chinese Grand Prix,5,29.792727272727273,18.63939393939394
101.64,20.0,HARD,9.0,ALO,Aston Martin,Chinese Grand Prix,5,29.792727272727273,18.63939393939394
110.904,21.0,HARD,10.0,ALO,Aston Martin,Chinese Grand Prix,5,29.792727272727273,18.63939393939394
110.392,27.0,SOFT,4.0,ALO,Aston Martin,Chinese Grand Prix,5,29.792727272727273,18.63939393939394
100.19,32.0,SOFT,9.0,ALO,Aston Martin,Chinese Grand Prix,5,29.792727272727273,18.63939393939394
99.48,33.0,SOFT,10.0,ALO,Aston Martin,Chinese Grand Prix,5,29.792727272727273,18.63939393939394
99.452,34.0,SOFT,11.0,ALO,Aston Martin,Chinese Grand Prix,5,29.792727272727273,18.63939393939394
99.817,35.0,SOFT,12.0,ALO,Aston Martin,Chinese Grand Prix,5,29.792727272727273,18.63939393939394
100.638,36.0,SOFT,13.0,ALO,Aston Martin,Chinese Grand Prix,5,29.792727272727273,18.63939393939394
100.4,37.0,SOFT,14.0,ALO,Aston Martin,Chinese Grand Prix,5,29.792727272727273,18.63939393939394
100.119,38.0,SOFT,15.0,ALO,Aston Martin,Chinese Grand Prix,5,29.792727272727273,18.63939393939394
100.447,39.0,SOFT,16.0,ALO,Aston Martin,Chinese Grand Prix,5,29.792727272727273,18.63939393939394
100.693,40.0,SOFT,17.0,ALO,Aston Martin,Chinese Grand Prix,5,29.792727272727273,18.63939393939394
100.819,41.0,SOFT,18.0,ALO,Aston Martin,Chinese Grand Prix,5,29.792727272727273,18.63939393939394
100.794,42.0,SOFT,19.0,ALO,Aston Martin,Chinese Grand Prix,5,29.792727272727273,18.63939393939394
105.953,43.0,SOFT,20.0,ALO,Aston Martin,Chinese Grand Prix,5,29.792727272727273,18.63939393939394
117.277,44.0,MEDIUM,1.0,ALO,Aston Martin,Chinese Grand Prix,5,29.792727272727273,18.63939393939394
97.81,45.0,MEDIUM,2.0,ALO,Aston Martin,Chinese Grand Prix,5,29.792727272727273,18.63939393939394
99.559,46.0,MEDIUM,3.0,ALO,Aston Martin,Chinese Grand Prix,5,29.792727272727273,18.63939393939394
99.963,47.0,MEDIUM,4.0,ALO,Aston Martin,Chinese Grand Prix,5,29.792727272727273,18.63939393939394
99.837,48.0,MEDIUM,5.0,ALO,Aston Martin,Chinese Grand Prix,5,29.792727272727273,18.63939393939394
99.403,49.0,MEDIUM,6.0,ALO,Aston Martin,Chinese Grand Prix,5,29.792727272727273,18.63939393939394
99.174,50.0,MEDIUM,7.0,ALO,Aston Martin,Chinese Grand Prix,5,29.792727272727273,18.63939393939394
99.487,51.0,MEDIUM,8.0,ALO,Aston Martin,Chinese Grand Prix,5,29.792727272727273,18.63939393939394
99.396,52.0,MEDIUM,9.0,ALO,Aston Martin,Chinese Grand Prix,5,29.792727272727273,18.63939393939394
99.557,53.0,MEDIUM,10.0,ALO,Aston Martin,Chinese Grand Prix,5,29.792727272727273,18.63939393939394
100.377,54.0,MEDIUM,11.0,ALO,Aston Martin,Chinese Grand Prix,5,29.792727272727273,18.63939393939394
100.056,55.0,MEDIUM,12.0,ALO,Aston Martin,Chinese Grand Prix,5,29.792727272727273,18.63939393939394
100.249,56.0,MEDIUM,13.0,ALO,Aston Martin,Chinese Grand Prix,5,29.792727272727273,18.63939393939394
102.09,3.0,MEDIUM,3.0,LEC,Ferrari,Chinese Grand Prix,5,29.792727272727273,18.63939393939394
102.22,4.0,MEDIUM,4.0,LEC,Ferrari,Chinese Grand Prix,5,29.792727272727273,18.63939393939394
102.095,5.0,MEDIUM,5.0,LEC,Ferrari,Chinese Grand Prix,5,29.792727272727273,18.63939393939394
102.322,6.0,MEDIUM,6.0,LEC,Ferrari,Chinese Grand Prix,5,29.792727272727273,18.63939393939394
102.417,7.0,MEDIUM,7.0,LEC,Ferrari,Chinese Grand Prix,5,29.792727272727273,18.63939393939394
102.969,8.0,MEDIUM,8.0,LEC,Ferrari,Chinese Grand Prix,5,29.792727272727273,18.63939393939394
102.189,9.0,MEDIUM,9.0,LEC,Ferrari,Chinese Grand Prix,5,29.792727272727273,18.63939393939394
102.324,10.0,MEDIUM,10.0,LEC,Ferrari,Chinese Grand Prix,5,29.792727272727273,18.63939393939394
102.128,11.0,MEDIUM,11.0,LEC,Ferrari,Chinese Grand Prix,5,29.792727272727273,18.63939393939394
101.939,12.0,MEDIUM,12.0,LEC,Ferrari,Chinese Grand Prix,5,29.792727272727273,18.63939393939394
102.079,13.0,MEDIUM,13.0,LEC,Ferrari,Chinese Grand Prix,5,29.792727272727273,18.63939393939394
101.812,14.0,MEDIUM,14.0,LEC,Ferrari,Chinese Grand Prix,5,29.792727272727273,18.63939393939394
101.864,15.0,MEDIUM,15.0,LEC,Ferrari,Chinese Grand Prix,5,29.792727272727273,18.63939393939394
102.729,16.0,MEDIUM,16.0,LEC,Ferrari,Chinese Grand Prix,5,29.792727272727273,18.63939393939394
101.979,17.0,MEDIUM,17.0,LEC,Ferrari,Chinese Grand Prix,5,29.792727272727273,18.63939393939394
102.114,18.0,MEDIUM,18.0,LEC,Ferrari,Chinese Grand Prix,5,29.792727272727273,18.63939393939394
101.982,19.0,MEDIUM,19.0,LEC,Ferrari,Chinese Grand Prix,5,29.792727272727273,18.63939393939394
102.041,20.0,MEDIUM,20.0,LEC,Ferrari,Chinese Grand Prix,5,29.792727272727273,18.63939393939394
111.969,21.0,MEDIUM,21.0,LEC,Ferrari,Chinese Grand Prix,5,29.792727272727273,18.63939393939394
108.724,27.0,HARD,6.0,LEC,Ferrari,Chinese Grand Prix,5,29.792727272727273,18.63939393939394
99.525,32.0,HARD,11.0,LEC,Ferrari,Chinese Grand Prix,5,29.792727272727273,18.63939393939394
99.384,33.0,HARD,12.0,LEC,Ferrari,Chinese Grand Prix,5,29.792727272727273,18.63939393939394
99.561,34.0,HARD,13.0,LEC,Ferrari,Chinese Grand Prix,5,29.792727272727273,18.63939393939394
99.707,35.0,HARD,14.0,LEC,Ferrari,Chinese Grand Prix,5,29.792727272727273,18.63939393939394
99.775,36.0,HARD,15.0,LEC,Ferrari,Chinese Grand Prix,5,29.792727272727273,18.63939393939394
100.04,37.0,HARD,16.0,LEC,Ferrari,Chinese Grand Prix,5,29.792727272727273,18.63939393939394
100.058,38.0,HARD,17.0,LEC,Ferrari,Chinese Grand Prix,5,29.792727272727273,18.63939393939394
100.789,39.0,HARD,18.0,LEC,Ferrari,Chinese Grand Prix,5,29.792727272727273,18.63939393939394
99.731,40.0,HARD,19.0,LEC,Ferrari,Chinese Grand Prix,5,29.792727272727273,18.63939393939394
99.625,41.0,HARD,20.0,LEC,Ferrari,Chinese Grand Prix,5,29.792727272727273,18.63939393939394
99.906,42.0,HARD,21.0,LEC,Ferrari,Chinese Grand Prix,5,29.792727272727273,18.63939393939394
99.908,43.0,HARD,22.0,LEC,Ferrari,Chinese Grand Prix,5,29.792727272727273,18.63939393939394
99.841,44.0,HARD,23.0,LEC,Ferrari,Chinese Grand Prix,5,29.792727272727273,18.63939393939394
100.025,45.0,HARD,24.0,LEC,Ferrari,Chinese Grand Prix,5,29.792727272727273,18.63939393939394
100.224,46.0,HARD,25.0,LEC,Ferrari,Chinese Grand Prix,5,29.792727272727273,18.63939393939394
100.316,47.0,HARD,26.0,LEC,Ferrari,Chinese Grand Prix,5,29.792727272727273,18.63939393939394
100.158,48.0,HARD,27.0,LEC,Ferrari,Chinese Grand Prix,5,29.792727272727273,18.63939393939394
100.423,49.0,HARD,28.0,LEC,Ferrari,Chinese Grand Prix,5,29.792727272727273,18.63939393939394
100.337,50.0,HARD,29.0,LEC,Ferrari,Chinese Grand Prix,5,29.792727272727273,18.63939393939394
100.205,51.0,HARD,30.0,LEC,Ferrari,Chinese Grand Prix,5,29.792727272727273,18.63939393939394
100.453,52.0,HARD,31.0,LEC,Ferrari,Chinese Grand Prix,5,29.792727272727273,18.63939393939394
100.366,53.0,HARD,32.0,LEC,Ferrari,Chinese Grand Prix,5,29.792727272727273,18.63939393939394
100.171,54.0,HARD,33.0,LEC,Ferrari,Chinese Grand Prix,5,29.792727272727273,18.63939393939394
100.882,55.0,HARD,34.0,LEC,Ferrari,Chinese Grand Prix,5,29.792727272727273,18.63939393939394
100.568,56.0,HARD,35.0,LEC,Ferrari,Chinese Grand Prix,5,29.792727272727273,18.63939393939394
102.305,3.0,SOFT,3.0,STR,Aston Martin,Chinese Grand Prix,5,29.792727272727273,18.63939393939394
102.556,4.0,SOFT,4.0,STR,Aston Martin,Chinese Grand Prix,5,29.792727272727273,18.63939393939394
102.984,5.0,SOFT,5.0,STR,Aston Martin,Chinese Grand Prix,5,29.792727272727273,18.63939393939394
103.277,6.0,SOFT,6.0,STR,Aston Martin,Chinese Grand Prix,5,29.792727272727273,18.63939393939394
103.261,7.0,SOFT,7.0,STR,Aston Martin,Chinese Grand Prix,5,29.792727272727273,18.63939393939394
103.068,8.0,SOFT,8.0,STR,Aston Martin,Chinese Grand Prix,5,29.792727272727273,18.63939393939394
107.714,9.0,SOFT,9.0,STR,Aston Martin,Chinese Grand Prix,5,29.792727272727273,18.63939393939394
119.726,10.0,MEDIUM,1.0,STR,Aston Martin,Chinese Grand Prix,5,29.792727272727273,18.63939393939394
101.281,11.0,MEDIUM,2.0,STR,Aston Martin,Chinese Grand Prix,5,29.792727272727273,18.63939393939394
102.009,12.0,MEDIUM,3.0,STR,Aston Martin,Chinese Grand Prix,5,29.792727272727273,18.63939393939394
101.472,13.0,MEDIUM,4.0,STR,Aston Martin,Chinese Grand Prix,5,29.792727272727273,18.63939393939394
101.825,14.0,MEDIUM,5.0,STR,Aston Martin,Chinese Grand Prix,5,29.792727272727273,18.63939393939394
101.47,15.0,MEDIUM,6.0,STR,Aston Martin,Chinese Grand Prix,5,29.792727272727273,18.63939393939394
101.816,16.0,MEDIUM,7.0,STR,Aston Martin,Chinese Grand Prix,5,29.792727272727273,18.63939393939394
101.721,17.0,MEDIUM,8.0,STR,Aston Martin,Chinese Grand Prix,5,29.792727272727273,18.63939393939394
102.436,18.0,MEDIUM,9.0,STR,Aston Martin,Chinese Grand Prix,5,29.792727272727273,18.63939393939394
102.334,19.0,MEDIUM,10.0,STR,Aston Martin,Chinese Grand Prix,5,29.792727272727273,18.63939393939394
102.095,20.0,MEDIUM,11.0,STR,Aston Martin,Chinese Grand Prix,5,29.792727272727273,18.63939393939394
118.981,21.0,MEDIUM,12.0,STR,Aston Martin,Chinese Grand Prix,5,29.792727272727273,18.63939393939394
127.034,25.0,HARD,4.0,STR,Aston Martin,Chinese Grand Prix,5,29.792727272727273,18.63939393939394
104.547,29.0,MEDIUM,3.0,STR,Aston Martin,Chinese Grand Prix,5,29.792727272727273,18.63939393939394
103.268,30.0,MEDIUM,4.0,STR,Aston Martin,Chinese Grand Prix,5,29.792727272727273,18.63939393939394
124.24,31.0,MEDIUM,5.0,STR,Aston Martin,Chinese Grand Prix,5,29.792727272727273,18.63939393939394
101.485,32.0,MEDIUM,6.0,STR,Aston Martin,Chinese Grand Prix,5,29.792727272727273,18.63939393939394
102.201,33.0,MEDIUM,7.0,STR,Aston Martin,Chinese Grand Prix,5,29.792727272727273,18.63939393939394
102.969,34.0,MEDIUM,8.0,STR,Aston Martin,Chinese Grand Prix,5,29.792727272727273,18.63939393939394
105.678,35.0,MEDIUM,9.0,STR,Aston Martin,Chinese Grand Prix,5,29.792727272727273,18.63939393939394
99.444,37.0,HARD,7.0,STR,Aston Martin,Chinese Grand Prix,5,29.792727272727273,18.63939393939394
99.449,38.0,HARD,8.0,STR,Aston Martin,Chinese Grand Prix,5,29.792727272727273,18.63939393939394
99.639,39.0,HARD,9.0,STR,Aston Martin,Chinese Grand Prix,5,29.792727272727273,18.63939393939394
99.905,40.0,HARD,10.0,STR,Aston Martin,Chinese Grand Prix,5,29.792727272727273,18.63939393939394
100.145,41.0,HARD,11.0,STR,Aston Martin,Chinese Grand Prix,5,29.792727272727273,18.63939393939394
99.953,42.0,HARD,12.0,STR,Aston Martin,Chinese Grand Prix,5,29.792727272727273,18.63939393939394
100.351,43.0,HARD,13.0,STR,Aston Martin,Chinese Grand Prix,5,29.792727272727273,18.63939393939394
100.358,44.0,HARD,14.0,STR,Aston Martin,Chinese Grand Prix,5,29.792727272727273,18.63939393939394
100.291,45.0,HARD,15.0,STR,Aston Martin,Chinese Grand Prix,5,29.792727272727273,18.63939393939394
100.736,46.0,HARD,16.0,STR,Aston Martin,Chinese Grand Prix,5,29.792727272727273,18.63939393939394
100.654,47.0,HARD,17.0,STR,Aston Martin,Chinese Grand Prix,5,29.792727272727273,18.63939393939394
100.297,48.0,HARD,18.0,STR,Aston Martin,Chinese Grand Prix,5,29.792727272727273,18.63939393939394
100.569,49.0,HARD,19.0,STR,Aston Martin,Chinese Grand Prix,5,29.792727272727273,18.63939393939394
100.588,50.0,HARD,20.0,STR,Aston Martin,Chinese Grand Prix,5,29.792727272727273,18.63939393939394
100.717,51.0,HARD,21.0,STR,Aston Martin,Chinese Grand Prix,5,29.792727272727273,18.63939393939394
100.988,52.0,HARD,22.0,STR,Aston Martin,Chinese Grand Prix,5,29.792727272727273,18.63939393939394
101.402,53.0,HARD,23.0,STR,Aston Martin,Chinese Grand Prix,5,29.792727272727273,18.63939393939394
101.571,54.0,HARD,24.0,STR,Aston Martin,Chinese Grand Prix,5,29.792727272727273,18.63939393939394
101.143,55.0,HARD,25.0,STR,Aston Martin,Chinese Grand Prix,5,29.792727272727273,18.63939393939394
101.502,56.0,HARD,26.0,STR,Aston Martin,Chinese Grand Prix,5,29.792727272727273,18.63939393939394
103.644,3.0,SOFT,3.0,SAR,Williams,Chinese Grand Prix,5,29.792727272727273,18.63939393939394
104.226,4.0,SOFT,4.0,SAR,Williams,Chinese Grand Prix,5,29.792727272727273,18.63939393939394
103.516,5.0,SOFT,5.0,SAR,Williams,Chinese Grand Prix,5,29.792727272727273,18.63939393939394
103.726,6.0,SOFT,6.0,SAR,Williams,Chinese Grand Prix,5,29.792727272727273,18.63939393939394
104.084,7.0,SOFT,7.0,SAR,Williams,Chinese Grand Prix,5,29.792727272727273,18.63939393939394
104.213,8.0,SOFT,8.0,SAR,Williams,Chinese Grand Prix,5,29.792727272727273,18.63939393939394
103.236,9.0,SOFT,9.0,SAR,Williams,Chinese Grand Prix,5,29.792727272727273,18.63939393939394
103.684,10.0,SOFT,10.0,SAR,Williams,Chinese Grand Prix,5,29.792727272727273,18.63939393939394
103.575,11.0,SOFT,11.0,SAR,Williams,Chinese Grand Prix,5,29.792727272727273,18.63939393939394
109.069,12.0,SOFT,12.0,SAR,Williams,Chinese Grand Prix,5,29.792727272727273,18.63939393939394
120.228,13.0,MEDIUM,1.0,SAR,Williams,Chinese Grand Prix,5,29.792727272727273,18.63939393939394
101.0,14.0,MEDIUM,2.0,SAR,Williams,Chinese Grand Prix,5,29.792727272727273,18.63939393939394
101.741,15.0,MEDIUM,3.0,SAR,Williams,Chinese Grand Prix,5,29.792727272727273,18.63939393939394
102.441,16.0,MEDIUM,4.0,SAR,Williams,Chinese Grand Prix,5,29.792727272727273,18.63939393939394
102.275,17.0,MEDIUM,5.0,SAR,Williams,Chinese Grand Prix,5,29.792727272727273,18.63939393939394
102.301,18.0,MEDIUM,6.0,SAR,Williams,Chinese Grand Prix,5,29.792727272727273,18.63939393939394
102.59,19.0,MEDIUM,7.0,SAR,Williams,Chinese Grand Prix,5,29.792727272727273,18.63939393939394
103.203,20.0,MEDIUM,8.0,SAR,Williams,Chinese Grand Prix,5,29.792727272727273,18.63939393939394
122.122,21.0,MEDIUM,9.0,SAR,Williams,Chinese Grand Prix,5,29.792727272727273,18.63939393939394
126.753,25.0,HARD,1.0,SAR,Williams,Chinese Grand Prix,5,29.792727272727273,18.63939393939394
117.209,27.0,HARD,3.0,SAR,Williams,Chinese Grand Prix,5,29.792727272727273,18.63939393939394
102.185,32.0,HARD,8.0,SAR,Williams,Chinese Grand Prix,5,29.792727272727273,18.63939393939394
102.482,33.0,HARD,9.0,SAR,Williams,Chinese Grand Prix,5,29.792727272727273,18.63939393939394
101.233,34.0,HARD,10.0,SAR,Williams,Chinese Grand Prix,5,29.792727272727273,18.63939393939394
101.096,35.0,HARD,11.0,SAR,Williams,Chinese Grand Prix,5,29.792727272727273,18.63939393939394
101.518,36.0,HARD,12.0,SAR,Williams,Chinese Grand Prix,5,29.792727272727273,18.63939393939394
102.43,37.0,HARD,13.0,SAR,Williams,Chinese Grand Prix,5,29.792727272727273,18.63939393939394
102.347,38.0,HARD,14.0,SAR,Williams,Chinese Grand Prix,5,29.792727272727273,18.63939393939394
102.346,39.0,HARD,15.0,SAR,Williams,Chinese Grand Prix,5,29.792727272727273,18.63939393939394
102.428,40.0,HARD,16.0,SAR,Williams,Chinese Grand Prix,5,29.792727272727273,18.63939393939394
101.943,41.0,HARD,17.0,SAR,Williams,Chinese Grand Prix,5,29.792727272727273,18.63939393939394
101.894,42.0,HARD,18.0,SAR,Williams,Chinese Grand Prix,5,29.792727272727273,18.63939393939394
103.096,43.0,HARD,19.0,SAR,Williams,Chinese Grand Prix,5,29.792727272727273,18.63939393939394
102.394,44.0,HARD,20.0,SAR,Williams,Chinese Grand Prix,5,29.792727272727273,18.63939393939394
101.914,45.0,HARD,21.0,SAR,Williams,Chinese Grand Prix,5,29.792727272727273,18.63939393939394
102.396,46.0,HARD,22.0,SAR,Williams,Chinese Grand Prix,5,29.792727272727273,18.63939393939394
101.914,47.0,HARD,23.0,SAR,Williams,Chinese Grand Prix,5,29.792727272727273,18.63939393939394
102.767,48.0,HARD,24.0,SAR,Williams,Chinese Grand Prix,5,29.792727272727273,18.63939393939394
102.743,49.0,HARD,25.0,SAR,Williams,Chinese Grand Prix,5,29.792727272727273,18.63939393939394
102.645,50.0,HARD,26.0,SAR,Williams,Chinese Grand Prix,5,29.792727272727273,18.63939393939394
102.32,51.0,HARD,27.0,SAR,Williams,Chinese Grand Prix,5,29.792727272727273,18.63939393939394
102.55,52.0,HARD,28.0,SAR,Williams,Chinese Grand Prix,5,29.792727272727273,18.63939393939394
102.274,53.0,HARD,29.0,SAR,Williams,Chinese Grand Prix,5,29.792727272727273,18.63939393939394
102.402,54.0,HARD,30.0,SAR,Williams,Chinese Grand Prix,5,29.792727272727273,18.63939393939394
102.913,55.0,HARD,31.0,SAR,Williams,Chinese Grand Prix,5,29.792727272727273,18.63939393939394
103.148,56.0,HARD,32.0,SAR,Williams,Chinese Grand Prix,5,29.792727272727273,18.63939393939394
103.179,3.0,HARD,3.0,MAG,Haas F1 Team,Chinese Grand Prix,5,29.792727272727273,18.63939393939394
104.116,4.0,HARD,4.0,MAG,Haas F1 Team,Chinese Grand Prix,5,29.792727272727273,18.63939393939394
103.797,5.0,HARD,5.0,MAG,Haas F1 Team,Chinese Grand Prix,5,29.792727272727273,18.63939393939394
103.899,6.0,HARD,6.0,MAG,Haas F1 Team,Chinese Grand Prix,5,29.792727272727273,18.63939393939394
103.93,7.0,HARD,7.0,MAG,Haas F1 Team,Chinese Grand Prix,5,29.792727272727273,18.63939393939394
104.239,8.0,HARD,8.0,MAG,Haas F1 Team,Chinese Grand Prix,5,29.792727272727273,18.63939393939394
103.461,9.0,HARD,9.0,MAG,Haas F1 Team,Chinese Grand Prix,5,29.792727272727273,18.63939393939394
103.28,10.0,HARD,10.0,MAG,Haas F1 Team,Chinese Grand Prix,5,29.792727272727273,18.63939393939394
103.549,11.0,HARD,11.0,MAG,Haas F1 Team,Chinese Grand Prix,5,29.792727272727273,18.63939393939394
103.665,12.0,HARD,12.0,MAG,Haas F1 Team,Chinese Grand Prix,5,29.792727272727273,18.63939393939394
104.59,13.0,HARD,13.0,MAG,Haas F1 Team,Chinese Grand Prix,5,29.792727272727273,18.63939393939394
103.959,14.0,HARD,14.0,MAG,Haas F1 Team,Chinese Grand Prix,5,29.792727272727273,18.63939393939394
104.466,15.0,HARD,15.0,MAG,Haas F1 Team,Chinese Grand Prix,5,29.792727272727273,18.63939393939394
103.648,16.0,HARD,16.0,MAG,Haas F1 Team,Chinese Grand Prix,5,29.792727272727273,18.63939393939394
110.262,17.0,HARD,17.0,MAG,Haas F1 Team,Chinese Grand Prix,5,29.792727272727273,18.63939393939394
120.904,18.0,HARD,1.0,MAG,Haas F1 Team,Chinese Grand Prix,5,29.792727272727273,18.63939393939394
101.106,19.0,HARD,2.0,MAG,Haas F1 Team,Chinese Grand Prix,5,29.792727272727273,18.63939393939394
101.312,20.0,HARD,3.0,MAG,Haas F1 Team,Chinese Grand Prix,5,29.792727272727273,18.63939393939394
123.843,21.0,HARD,4.0,MAG,Haas F1 Team,Chinese Grand Prix,5,29.792727272727273,18.63939393939394
114.289,25.0,HARD,8.0,MAG,Haas F1 Team,Chinese Grand Prix,5,29.792727272727273,18.63939393939394
117.805,29.0,MEDIUM,2.0,MAG,Haas F1 Team,Chinese Grand Prix,5,29.792727272727273,18.63939393939394
101.74,32.0,MEDIUM,5.0,MAG,Haas F1 Team,Chinese Grand Prix,5,29.792727272727273,18.63939393939394
102.473,33.0,MEDIUM,6.0,MAG,Haas F1 Team,Chinese Grand Prix,5,29.792727272727273,18.63939393939394
103.518,34.0,MEDIUM,7.0,MAG,Haas F1 Team,Chinese Grand Prix,5,29.792727272727273,18.63939393939394
102.616,35.0,MEDIUM,8.0,MAG,Haas F1 Team,Chinese Grand Prix,5,29.792727272727273,18.63939393939394
101.298,36.0,MEDIUM,9.0,MAG,Haas F1 Team,Chinese Grand Prix,5,29.792727272727273,18.63939393939394
101.42,37.0,MEDIUM,10.0,MAG,Haas F1 Team,Chinese Grand Prix,5,29.792727272727273,18.63939393939394
101.36,38.0,MEDIUM,11.0,MAG,Haas F1 Team,Chinese Grand Prix,5,29.792727272727273,18.63939393939394
101.28,39.0,MEDIUM,12.0,MAG,Haas F1 Team,Chinese Grand Prix,5,29.792727272727273,18.63939393939394
101.754,40.0,MEDIUM,13.0,MAG,Haas F1 Team,Chinese Grand Prix,5,29.792727272727273,18.63939393939394
101.84,41.0,MEDIUM,14.0,MAG,Haas F1 Team,Chinese Grand Prix,5,29.792727272727273,18.63939393939394
101.513,42.0,MEDIUM,15.0,MAG,Haas F1 Team,Chinese Grand Prix,5,29.792727272727273,18.63939393939394
101.245,43.0,MEDIUM,16.0,MAG,Haas F1 Team,Chinese Grand Prix,5,29.792727272727273,18.63939393939394
101.324,44.0,MEDIUM,17.0,MAG,Haas F1 Team,Chinese Grand Prix,5,29.792727272727273,18.63939393939394
101.077,45.0,MEDIUM,18.0,MAG,Haas F1 Team,Chinese Grand Prix,5,29.792727272727273,18.63939393939394
101.498,46.0,MEDIUM,19.0,MAG,Haas F1 Team,Chinese Grand Prix,5,29.792727272727273,18.63939393939394
101.366,47.0,MEDIUM,20.0,MAG,Haas F1 Team,Chinese Grand Prix,5,29.792727272727273,18.63939393939394
101.603,48.0,MEDIUM,21.0,MAG,Haas F1 Team,Chinese Grand Prix,5,29.792727272727273,18.63939393939394
101.355,49.0,MEDIUM,22.0,MAG,Haas F1 Team,Chinese Grand Prix,5,29.792727272727273,18.63939393939394
101.376,50.0,MEDIUM,23.0,MAG,Haas F1 Team,Chinese Grand Prix,5,29.792727272727273,18.63939393939394
101.879,51.0,MEDIUM,24.0,MAG,Haas F1 Team,Chinese Grand Prix,5,29.792727272727273,18.63939393939394
102.059,52.0,MEDIUM,25.0,MAG,Haas F1 Team,Chinese Grand Prix,5,29.792727272727273,18.63939393939394
104.013,53.0,MEDIUM,26.0,MAG,Haas F1 Team,Chinese Grand Prix,5,29.792727272727273,18.63939393939394
102.863,54.0,MEDIUM,27.0,MAG,Haas F1 Team,Chinese Grand Prix,5,29.792727272727273,18.63939393939394
102.864,55.0,MEDIUM,28.0,MAG,Haas F1 Team,Chinese Grand Prix,5,29.792727272727273,18.63939393939394
102.87,56.0,MEDIUM,29.0,MAG,Haas F1 Team,Chinese Grand Prix,5,29.792727272727273,18.63939393939394
103.136,3.0,SOFT,3.0,TSU,RB,Chinese Grand Prix,5,29.792727272727273,18.63939393939394
103.095,4.0,SOFT,4.0,TSU,RB,Chinese Grand Prix,5,29.792727272727273,18.63939393939394
103.657,5.0,SOFT,5.0,TSU,RB,Chinese Grand Prix,5,29.792727272727273,18.63939393939394
103.669,6.0,SOFT,6.0,TSU,RB,Chinese Grand Prix,5,29.792727272727273,18.63939393939394
103.951,7.0,SOFT,7.0,TSU,RB,Chinese Grand Prix,5,29.792727272727273,18.63939393939394
108.43,8.0,SOFT,8.0,TSU,RB,Chinese Grand Prix,5,29.792727272727273,18.63939393939394
119.845,9.0,MEDIUM,1.0,TSU,RB,Chinese Grand Prix,5,29.792727272727273,18.63939393939394
102.171,10.0,MEDIUM,2.0,TSU,RB,Chinese Grand Prix,5,29.792727272727273,18.63939393939394
101.593,11.0,MEDIUM,3.0,TSU,RB,Chinese Grand Prix,5,29.792727272727273,18.63939393939394
102.304,12.0,MEDIUM,4.0,TSU,RB,Chinese Grand Prix,5,29.792727272727273,18.63939393939394
103.531,13.0,MEDIUM,5.0,TSU,RB,Chinese Grand Prix,5,29.792727272727273,18.63939393939394
102.51,14.0,MEDIUM,6.0,TSU,RB,Chinese Grand Prix,5,29.792727272727273,18.63939393939394
102.294,15.0,MEDIUM,7.0,TSU,RB,Chinese Grand Prix,5,29.792727272727273,18.63939393939394
102.528,16.0,MEDIUM,8.0,TSU,RB,Chinese Grand Prix,5,29.792727272727273,18.63939393939394
102.441,17.0,MEDIUM,9.0,TSU,RB,Chinese Grand Prix,5,29.792727272727273,18.63939393939394
102.628,18.0,MEDIUM,10.0,TSU,RB,Chinese Grand Prix,5,29.792727272727273,18.63939393939394
103.224,19.0,MEDIUM,11.0,TSU,RB,Chinese Grand Prix,5,29.792727272727273,18.63939393939394
103.174,20.0,MEDIUM,12.0,TSU,RB,Chinese Grand Prix,5,29.792727272727273,18.63939393939394
119.83,21.0,MEDIUM,13.0,TSU,RB,Chinese Grand Prix,5,29.792727272727273,18.63939393939394
114.27,25.0,HARD,2.0,TSU,RB,Chinese Grand Prix,5,29.792727272727273,18.63939393939394
103.014,3.0,MEDIUM,3.0,ALB,Williams,Chinese Grand Prix,5,29.792727272727273,18.63939393939394
102.975,4.0,MEDIUM,4.0,ALB,Williams,Chinese Grand Prix,5,29.792727272727273,18.63939393939394
103.392,5.0,MEDIUM,5.0,ALB,Williams,Chinese Grand Prix,5,29.792727272727273,18.63939393939394
103.353,6.0,MEDIUM,6.0,ALB,Williams,Chinese Grand Prix,5,29.792727272727273,18.63939393939394
103.361,7.0,MEDIUM,7.0,ALB,Williams,Chinese Grand Prix,5,29.792727272727273,18.63939393939394
103.991,8.0,MEDIUM,8.0,ALB,Williams,Chinese Grand Prix,5,29.792727272727273,18.63939393939394
108.371,9.0,MEDIUM,9.0,ALB,Williams,Chinese Grand Prix,5,29.792727272727273,18.63939393939394
121.494,10.0,MEDIUM,1.0,ALB,Williams,Chinese Grand Prix,5,29.792727272727273,18.63939393939394
102.937,11.0,MEDIUM,2.0,ALB,Williams,Chinese Grand Prix,5,29.792727272727273,18.63939393939394
102.151,12.0,MEDIUM,3.0,ALB,Williams,Chinese Grand Prix,5,29.792727272727273,18.63939393939394
102.608,13.0,MEDIUM,4.0,ALB,Williams,Chinese Grand Prix,5,29.792727272727273,18.63939393939394
103.274,14.0,MEDIUM,5.0,ALB,Williams,Chinese Grand Prix,5,29.792727272727273,18.63939393939394
102.762,15.0,MEDIUM,6.0,ALB,Williams,Chinese Grand Prix,5,29.792727272727273,18.63939393939394
102.611,16.0,MEDIUM,7.0,ALB,Williams,Chinese Grand Prix,5,29.792727272727273,18.63939393939394
103.118,17.0,MEDIUM,8.0,ALB,Williams,Chinese Grand Prix,5,29.792727272727273,18.63939393939394
103.004,18.0,MEDIUM,9.0,ALB,Williams,Chinese Grand Prix,5,29.792727272727273,18.63939393939394
103.187,19.0,MEDIUM,10.0,ALB,Williams,Chinese Grand Prix,5,29.792727272727273,18.63939393939394
103.186,20.0,MEDIUM,11.0,ALB,Williams,Chinese Grand Prix,5,29.792727272727273,18.63939393939394
120.728,21.0,MEDIUM,12.0,ALB,Williams,Chinese Grand Prix,5,29.792727272727273,18.63939393939394
111.954,25.0,HARD,2.0,ALB,Williams,Chinese Grand Prix,5,29.792727272727273,18.63939393939394
116.85,27.0,HARD,4.0,ALB,Williams,Chinese Grand Prix,5,29.792727272727273,18.63939393939394
102.221,32.0,HARD,9.0,ALB,Williams,Chinese Grand Prix,5,29.792727272727273,18.63939393939394
101.269,33.0,HARD,10.0,ALB,Williams,Chinese Grand Prix,5,29.792727272727273,18.63939393939394
100.79,34.0,HARD,11.0,ALB,Williams,Chinese Grand Prix,5,29.792727272727273,18.63939393939394
101.335,35.0,HARD,12.0,ALB,Williams,Chinese Grand Prix,5,29.792727272727273,18.63939393939394
101.38,36.0,HARD,13.0,ALB,Williams,Chinese Grand Prix,5,29.792727272727273,18.63939393939394
101.261,37.0,HARD,14.0,ALB,Williams,Chinese Grand Prix,5,29.792727272727273,18.63939393939394
101.088,38.0,HARD,15.0,ALB,Williams,Chinese Grand Prix,5,29.792727272727273,18.63939393939394
101.341,39.0,HARD,16.0,ALB,Williams,Chinese Grand Prix,5,29.792727272727273,18.63939393939394
101.672,40.0,HARD,17.0,ALB,Williams,Chinese Grand Prix,5,29.792727272727273,18.63939393939394
101.755,41.0,HARD,18.0,ALB,Williams,Chinese Grand Prix,5,29.792727272727273,18.63939393939394
101.558,42.0,HARD,19.0,ALB,Williams,Chinese Grand Prix,5,29.792727272727273,18.63939393939394
101.423,43.0,HARD,20.0,ALB,Williams,Chinese Grand Prix,5,29.792727272727273,18.63939393939394
101.504,44.0,HARD,21.0,ALB,Williams,Chinese Grand Prix,5,29.792727272727273,18.63939393939394
101.66,45.0,HARD,22.0,ALB,Williams,Chinese Grand Prix,5,29.792727272727273,18.63939393939394
101.776,46.0,HARD,23.0,ALB,Williams,Chinese Grand Prix,5,29.792727272727273,18.63939393939394
101.584,47.0,HARD,24.0,ALB,Williams,Chinese Grand Prix,5,29.792727272727273,18.63939393939394
101.509,48.0,HARD,25.0,ALB,Williams,Chinese Grand Prix,5,29.792727272727273,18.63939393939394
101.404,49.0,HARD,26.0,ALB,Williams,Chinese Grand Prix,5,29.792727272727273,18.63939393939394
101.438,50.0,HARD,27.0,ALB,Williams,Chinese Grand Prix,5,29.792727272727273,18.63939393939394
101.437,51.0,HARD,28.0,ALB,Williams,Chinese Grand Prix,5,29.792727272727273,18.63939393939394
101.67,52.0,HARD,29.0,ALB,Williams,Chinese Grand Prix,5,29.792727272727273,18.63939393939394
101.354,53.0,HARD,30.0,ALB,Williams,Chinese Grand Prix,5,29.792727272727273,18.63939393939394
102.424,54.0,HARD,31.0,ALB,Williams,Chinese Grand Prix,5,29.792727272727273,18.63939393939394
101.998,55.0,HARD,32.0,ALB,Williams,Chinese Grand Prix,5,29.792727272727273,18.63939393939394
101.524,56.0,HARD,33.0,ALB,Williams,Chinese Grand Prix,5,29.792727272727273,18.63939393939394
103.991,3.0,MEDIUM,3.0,ZHO,Kick Sauber,Chinese Grand Prix,5,29.792727272727273,18.63939393939394
103.484,4.0,MEDIUM,4.0,ZHO,Kick Sauber,Chinese Grand Prix,5,29.792727272727273,18.63939393939394
104.018,5.0,MEDIUM,5.0,ZHO,Kick Sauber,Chinese Grand Prix,5,29.792727272727273,18.63939393939394
104.212,6.0,MEDIUM,6.0,ZHO,Kick Sauber,Chinese Grand Prix,5,29.792727272727273,18.63939393939394
104.073,7.0,MEDIUM,7.0,ZHO,Kick Sauber,Chinese Grand Prix,5,29.792727272727273,18.63939393939394
109.478,8.0,MEDIUM,8.0,ZHO,Kick Sauber,Chinese Grand Prix,5,29.792727272727273,18.63939393939394
121.214,9.0,HARD,1.0,ZHO,Kick Sauber,Chinese Grand Prix,5,29.792727272727273,18.63939393939394
101.765,10.0,HARD,2.0,ZHO,Kick Sauber,Chinese Grand Prix,5,29.792727272727273,18.63939393939394
101.833,11.0,HARD,3.0,ZHO,Kick Sauber,Chinese Grand Prix,5,29.792727272727273,18.63939393939394
101.928,12.0,HARD,4.0,ZHO,Kick Sauber,Chinese Grand Prix,5,29.792727272727273,18.63939393939394
102.212,13.0,HARD,5.0,ZHO,Kick Sauber,Chinese Grand Prix,5,29.792727272727273,18.63939393939394
102.626,14.0,HARD,6.0,ZHO,Kick Sauber,Chinese Grand Prix,5,29.792727272727273,18.63939393939394
102.994,15.0,HARD,7.0,ZHO,Kick Sauber,Chinese Grand Prix,5,29.792727272727273,18.63939393939394
103.24,16.0,HARD,8.0,ZHO,Kick Sauber,Chinese Grand Prix,5,29.792727272727273,18.63939393939394
103.189,17.0,HARD,9.0,ZHO,Kick Sauber,Chinese Grand Prix,5,29.792727272727273,18.63939393939394
102.887,18.0,HARD,10.0,ZHO,Kick Sauber,Chinese Grand Prix,5,29.792727272727273,18.63939393939394
102.827,19.0,HARD,11.0,ZHO,Kick Sauber,Chinese Grand Prix,5,29.792727272727273,18.63939393939394
103.17,20.0,HARD,12.0,ZHO,Kick Sauber,Chinese Grand Prix,5,29.792727272727273,18.63939393939394
121.981,21.0,HARD,13.0,ZHO,Kick Sauber,Chinese Grand Prix,5,29.792727272727273,18.63939393939394
109.955,25.0,HARD,2.0,ZHO,Kick Sauber,Chinese Grand Prix,5,29.792727272727273,18.63939393939394
118.405,27.0,HARD,4.0,ZHO,Kick Sauber,Chinese Grand Prix,5,29.792727272727273,18.63939393939394
102.002,32.0,HARD,9.0,ZHO,Kick Sauber,Chinese Grand Prix,5,29.792727272727273,18.63939393939394
102.746,33.0,HARD,10.0,ZHO,Kick Sauber,Chinese Grand Prix,5,29.792727272727273,18.63939393939394
101.72,34.0,HARD,11.0,ZHO,Kick Sauber,Chinese Grand Prix,5,29.792727272727273,18.63939393939394
101.366,35.0,HARD,12.0,ZHO,Kick Sauber,Chinese Grand Prix,5,29.792727272727273,18.63939393939394
101.283,36.0,HARD,13.0,ZHO,Kick Sauber,Chinese Grand Prix,5,29.792727272727273,18.63939393939394
101.738,37.0,HARD,14.0,ZHO,Kick Sauber,Chinese Grand Prix,5,29.792727272727273,18.63939393939394
101.311,38.0,HARD,15.0,ZHO,Kick Sauber,Chinese Grand Prix,5,29.792727272727273,18.63939393939394
101.749,39.0,HARD,16.0,ZHO,Kick Sauber,Chinese Grand Prix,5,29.792727272727273,18.63939393939394
106.271,40.0,HARD,17.0,ZHO,Kick Sauber,Chinese Grand Prix,5,29.792727272727273,18.63939393939394
118.828,41.0,SOFT,1.0,ZHO,Kick Sauber,Chinese Grand Prix,5,29.792727272727273,18.63939393939394
98.633,42.0,SOFT,2.0,ZHO,Kick Sauber,Chinese Grand Prix,5,29.792727272727273,18.63939393939394
99.32,43.0,SOFT,3.0,ZHO,Kick Sauber,Chinese Grand Prix,5,29.792727272727273,18.63939393939394
99.682,44.0,SOFT,4.0,ZHO,Kick Sauber,Chinese Grand Prix,5,29.792727272727273,18.63939393939394
99.553,45.0,SOFT,5.0,ZHO,Kick Sauber,Chinese Grand Prix,5,29.792727272727273,18.63939393939394
99.636,46.0,SOFT,6.0,ZHO,Kick Sauber,Chinese Grand Prix,5,29.792727272727273,18.63939393939394
100.046,47.0,SOFT,7.0,ZHO,Kick Sauber,Chinese Grand Prix,5,29.792727272727273,18.63939393939394
100.391,48.0,SOFT,8.0,ZHO,Kick Sauber,Chinese Grand Prix,5,29.792727272727273,18.63939393939394
101.502,49.0,SOFT,9.0,ZHO,Kick Sauber,Chinese Grand Prix,5,29.792727272727273,18.63939393939394
100.534,50.0,SOFT,10.0,ZHO,Kick Sauber,Chinese Grand Prix,5,29.792727272727273,18.63939393939394
100.179,51.0,SOFT,11.0,ZHO,Kick Sauber,Chinese Grand Prix,5,29.792727272727273,18.63939393939394
100.542,52.0,SOFT,12.0,ZHO,Kick Sauber,Chinese Grand Prix,5,29.792727272727273,18.63939393939394
101.049,53.0,SOFT,13.0,ZHO,Kick Sauber,Chinese Grand Prix,5,29.792727272727273,18.63939393939394
101.258,54.0,SOFT,14.0,ZHO,Kick Sauber,Chinese Grand Prix,5,29.792727272727273,18.63939393939394
100.785,55.0,SOFT,15.0,ZHO,Kick Sauber,Chinese Grand Prix,5,29.792727272727273,18.63939393939394
101.192,56.0,SOFT,16.0,ZHO,Kick Sauber,Chinese Grand Prix,5,29.792727272727273,18.63939393939394
102.347,3.0,MEDIUM,3.0,HUL,Haas F1 Team,Chinese Grand Prix,5,29.792727272727273,18.63939393939394
102.824,4.0,MEDIUM,4.0,HUL,Haas F1 Team,Chinese Grand Prix,5,29.792727272727273,18.63939393939394
103.331,5.0,MEDIUM,5.0,HUL,Haas F1 Team,Chinese Grand Prix,5,29.792727272727273,18.63939393939394
103.384,6.0,MEDIUM,6.0,HUL,Haas F1 Team,Chinese Grand Prix,5,29.792727272727273,18.63939393939394
104.061,7.0,MEDIUM,7.0,HUL,Haas F1 Team,Chinese Grand Prix,5,29.792727272727273,18.63939393939394
109.064,8.0,MEDIUM,8.0,HUL,Haas F1 Team,Chinese Grand Prix,5,29.792727272727273,18.63939393939394
119.939,9.0,HARD,1.0,HUL,Haas F1 Team,Chinese Grand Prix,5,29.792727272727273,18.63939393939394
101.429,10.0,HARD,2.0,HUL,Haas F1 Team,Chinese Grand Prix,5,29.792727272727273,18.63939393939394
101.42,11.0,HARD,3.0,HUL,Haas F1 Team,Chinese Grand Prix,5,29.792727272727273,18.63939393939394
101.821,12.0,HARD,4.0,HUL,Haas F1 Team,Chinese Grand Prix,5,29.792727272727273,18.63939393939394
102.061,13.0,HARD,5.0,HUL,Haas F1 Team,Chinese Grand Prix,5,29.792727272727273,18.63939393939394
102.123,14.0,HARD,6.0,HUL,Haas F1 Team,Chinese Grand Prix,5,29.792727272727273,18.63939393939394
102.408,15.0,HARD,7.0,HUL,Haas F1 Team,Chinese Grand Prix,5,29.792727272727273,18.63939393939394
102.5,16.0,HARD,8.0,HUL,Haas F1 Team,Chinese Grand Prix,5,29.792727272727273,18.63939393939394
101.955,17.0,HARD,9.0,HUL,Haas F1 Team,Chinese Grand Prix,5,29.792727272727273,18.63939393939394
103.019,18.0,HARD,10.0,HUL,Haas F1 Team,Chinese Grand Prix,5,29.792727272727273,18.63939393939394
102.465,19.0,HARD,11.0,HUL,Haas F1 Team,Chinese Grand Prix,5,29.792727272727273,18.63939393939394
102.187,20.0,HARD,12.0,HUL,Haas F1 Team,Chinese Grand Prix,5,29.792727272727273,18.63939393939394
117.611,21.0,HARD,13.0,HUL,Haas F1 Team,Chinese Grand Prix,5,29.792727272727273,18.63939393939394
119.529,25.0,HARD,2.0,HUL,Haas F1 Team,Chinese Grand Prix,5,29.792727272727273,18.63939393939394
114.261,27.0,HARD,4.0,HUL,Haas F1 Team,Chinese Grand Prix,5,29.792727272727273,18.63939393939394
100.815,32.0,HARD,9.0,HUL,Haas F1 Team,Chinese Grand Prix,5,29.792727272727273,18.63939393939394
100.879,33.0,HARD,10.0,HUL,Haas F1 Team,Chinese Grand Prix,5,29.792727272727273,18.63939393939394
100.864,34.0,HARD,11.0,HUL,Haas F1 Team,Chinese Grand Prix,5,29.792727272727273,18.63939393939394
101.035,35.0,HARD,12.0,HUL,Haas F1 Team,Chinese Grand Prix,5,29.792727272727273,18.63939393939394
101.223,36.0,HARD,13.0,HUL,Haas F1 Team,Chinese Grand Prix,5,29.792727272727273,18.63939393939394
101.127,37.0,HARD,14.0,HUL,Haas F1 Team,Chinese Grand Prix,5,29.792727272727273,18.63939393939394
100.998,38.0,HARD,15.0,HUL,Haas F1 Team,Chinese Grand Prix,5,29.792727272727273,18.63939393939394
101.268,39.0,HARD,16.0,HUL,Haas F1 Team,Chinese Grand Prix,5,29.792727272727273,18.63939393939394
101.593,40.0,HARD,17.0,HUL,Haas F1 Team,Chinese Grand Prix,5,29.792727272727273,18.63939393939394
102.174,41.0,HARD,18.0,HUL,Haas F1 Team,Chinese Grand Prix,5,29.792727272727273,18.63939393939394
101.672,42.0,HARD,19.0,HUL,Haas F1 Team,Chinese Grand Prix,5,29.792727272727273,18.63939393939394
101.373,43.0,HARD,20.0,HUL,Haas F1 Team,Chinese Grand Prix,5,29.792727272727273,18.63939393939394
101.346,44.0,HARD,21.0,HUL,Haas F1 Team,Chinese Grand Prix,5,29.792727272727273,18.63939393939394
101.234,45.0,HARD,22.0,HUL,Haas F1 Team,Chinese Grand Prix,5,29.792727272727273,18.63939393939394
101.518,46.0,HARD,23.0,HUL,Haas F1 Team,Chinese Grand Prix,5,29.792727272727273,18.63939393939394
101.998,47.0,HARD,24.0,HUL,Haas F1 Team,Chinese Grand Prix,5,29.792727272727273,18.63939393939394
101.196,48.0,HARD,25.0,HUL,Haas F1 Team,Chinese Grand Prix,5,29.792727272727273,18.63939393939394
101.241,49.0,HARD,26.0,HUL,Haas F1 Team,Chinese Grand Prix,5,29.792727272727273,18.63939393939394
101.331,50.0,HARD,27.0,HUL,Haas F1 Team,Chinese Grand Prix,5,29.792727272727273,18.63939393939394
101.549,51.0,HARD,28.0,HUL,Haas F1 Team,Chinese Grand Prix,5,29.792727272727273,18.63939393939394
101.625,52.0,HARD,29.0,HUL,Haas F1 Team,Chinese Grand Prix,5,29.792727272727273,18.63939393939394
101.543,53.0,HARD,30.0,HUL,Haas F1 Team,Chinese Grand Prix,5,29.792727272727273,18.63939393939394
101.646,54.0,HARD,31.0,HUL,Haas F1 Team,Chinese Grand Prix,5,29.792727272727273,18.63939393939394
101.705,55.0,HARD,32.0,HUL,Haas F1 Team,Chinese Grand Prix,5,29.792727272727273,18.63939393939394
101.904,56.0,HARD,33.0,HUL,Haas F1 Team,Chinese Grand Prix,5,29.792727272727273,18.63939393939394
103.073,3.0,MEDIUM,3.0,RIC,RB,Chinese Grand Prix,5,29.792727272727273,18.63939393939394
102.976,4.0,MEDIUM,4.0,RIC,RB,Chinese Grand Prix,5,29.792727272727273,18.63939393939394
103.449,5.0,MEDIUM,5.0,RIC,RB,Chinese Grand Prix,5,29.792727272727273,18.63939393939394
103.613,6.0,MEDIUM,6.0,RIC,RB,Chinese Grand Prix,5,29.792727272727273,18.63939393939394
103.798,7.0,MEDIUM,7.0,RIC,RB,Chinese Grand Prix,5,29.792727272727273,18.63939393939394
103.843,8.0,MEDIUM,8.0,RIC,RB,Chinese Grand Prix,5,29.792727272727273,18.63939393939394
103.605,9.0,MEDIUM,9.0,RIC,RB,Chinese Grand Prix,5,29.792727272727273,18.63939393939394
103.309,10.0,MEDIUM,10.0,RIC,RB,Chinese Grand Prix,5,29.792727272727273,18.63939393939394
103.487,11.0,MEDIUM,11.0,RIC,RB,Chinese Grand Prix,5,29.792727272727273,18.63939393939394
103.115,12.0,MEDIUM,12.0,RIC,RB,Chinese Grand Prix,5,29.792727272727273,18.63939393939394
103.016,13.0,MEDIUM,13.0,RIC,RB,Chinese Grand Prix,5,29.792727272727273,18.63939393939394
107.802,14.0,MEDIUM,14.0,RIC,RB,Chinese Grand Prix,5,29.792727272727273,18.63939393939394
120.257,15.0,MEDIUM,1.0,RIC,RB,Chinese Grand Prix,5,29.792727272727273,18.63939393939394
100.994,16.0,MEDIUM,2.0,RIC,RB,Chinese Grand Prix,5,29.792727272727273,18.63939393939394
101.077,17.0,MEDIUM,3.0,RIC,RB,Chinese Grand Prix,5,29.792727272727273,18.63939393939394
101.542,18.0,MEDIUM,4.0,RIC,RB,Chinese Grand Prix,5,29.792727272727273,18.63939393939394
101.955,19.0,MEDIUM,5.0,RIC,RB,Chinese Grand Prix,5,29.792727272727273,18.63939393939394
101.817,20.0,MEDIUM,6.0,RIC,RB,Chinese Grand Prix,5,29.792727272727273,18.63939393939394
119.371,21.0,MEDIUM,7.0,RIC,RB,Chinese Grand Prix,5,29.792727272727273,18.63939393939394
128.183,25.0,MEDIUM,11.0,RIC,RB,Chinese Grand Prix,5,29.792727272727273,18.63939393939394
114.803,27.0,MEDIUM,13.0,RIC,RB,Chinese Grand Prix,5,29.792727272727273,18.63939393939394
104.075,32.0,MEDIUM,18.0,RIC,RB,Chinese Grand Prix,5,29.792727272727273,18.63939393939394
115.415,33.0,MEDIUM,19.0,RIC,RB,Chinese Grand Prix,5,29.792727272727273,18.63939393939394
102.807,3.0,MEDIUM,3.0,OCO,Alpine,Chinese Grand Prix,5,29.792727272727273,18.63939393939394
103.002,4.0,MEDIUM,4.0,OCO,Alpine,Chinese Grand Prix,5,29.792727272727273,18.63939393939394
103.105,5.0,MEDIUM,5.0,OCO,Alpine,Chinese Grand Prix,5,29.792727272727273,18.63939393939394
103.212,6.0,MEDIUM,6.0,OCO,Alpine,Chinese Grand Prix,5,29.792727272727273,18.63939393939394
103.549,7.0,MEDIUM,7.0,OCO,Alpine,Chinese Grand Prix,5,29.792727272727273,18.63939393939394
104.045,8.0,MEDIUM,8.0,OCO,Alpine,Chinese Grand Prix,5,29.792727272727273,18.63939393939394
108.29,9.0,MEDIUM,9.0,OCO,Alpine,Chinese Grand Prix,5,29.792727272727273,18.63939393939394
120.652,10.0,HARD,1.0,OCO,Alpine,Chinese Grand Prix,5,29.792727272727273,18.63939393939394
101.472,11.0,HARD,2.0,OCO,Alpine,Chinese Grand Prix,5,29.792727272727273,18.63939393939394
101.793,12.0,HARD,3.0,OCO,Alpine,Chinese Grand Prix,5,29.792727272727273,18.63939393939394
102.193,13.0,HARD,4.0,OCO,Alpine,Chinese Grand Prix,5,29.792727272727273,18.63939393939394
102.112,14.0,HARD,5.0,OCO,Alpine,Chinese Grand Prix,5,29.792727272727273,18.63939393939394
102.357,15.0,HARD,6.0,OCO,Alpine,Chinese Grand Prix,5,29.792727272727273,18.63939393939394
102.443,16.0,HARD,7.0,OCO,Alpine,Chinese Grand Prix,5,29.792727272727273,18.63939393939394
102.55,17.0,HARD,8.0,OCO,Alpine,Chinese Grand Prix,5,29.792727272727273,18.63939393939394
102.486,18.0,HARD,9.0,OCO,Alpine,Chinese Grand Prix,5,29.792727272727273,18.63939393939394
102.544,19.0,HARD,10.0,OCO,Alpine,Chinese Grand Prix,5,29.792727272727273,18.63939393939394
102.599,20.0,HARD,11.0,OCO,Alpine,Chinese Grand Prix,5,29.792727272727273,18.63939393939394
117.545,21.0,HARD,12.0,OCO,Alpine,Chinese Grand Prix,5,29.792727272727273,18.63939393939394
116.221,25.0,HARD,2.0,OCO,Alpine,Chinese Grand Prix,5,29.792727272727273,18.63939393939394
116.712,27.0,HARD,4.0,OCO,Alpine,Chinese Grand Prix,5,29.792727272727273,18.63939393939394
101.902,32.0,HARD,9.0,OCO,Alpine,Chinese Grand Prix,5,29.792727272727273,18.63939393939394
100.937,33.0,HARD,10.0,OCO,Alpine,Chinese Grand Prix,5,29.792727272727273,18.63939393939394
100.972,34.0,HARD,11.0,OCO,Alpine,Chinese Grand Prix,5,29.792727272727273,18.63939393939394
101.009,35.0,HARD,12.0,OCO,Alpine,Chinese Grand Prix,5,29.792727272727273,18.63939393939394
101.194,36.0,HARD,13.0,OCO,Alpine,Chinese Grand Prix,5,29.792727272727273,18.63939393939394
101.361,37.0,HARD,14.0,OCO,Alpine,Chinese Grand Prix,5,29.792727272727273,18.63939393939394
101.131,38.0,HARD,15.0,OCO,Alpine,Chinese Grand Prix,5,29.792727272727273,18.63939393939394
101.313,39.0,HARD,16.0,OCO,Alpine,Chinese Grand Prix,5,29.792727272727273,18.63939393939394
101.592,40.0,HARD,17.0,OCO,Alpine,Chinese Grand Prix,5,29.792727272727273,18.63939393939394
101.653,41.0,HARD,18.0,OCO,Alpine,Chinese Grand Prix,5,29.792727272727273,18.63939393939394
101.515,42.0,HARD,19.0,OCO,Alpine,Chinese Grand Prix,5,29.792727272727273,18.63939393939394
101.535,43.0,HARD,20.0,OCO,Alpine,Chinese Grand Prix,5,29.792727272727273,18.63939393939394
101.24,44.0,HARD,21.0,OCO,Alpine,Chinese Grand Prix,5,29.792727272727273,18.63939393939394
101.423,45.0,HARD,22.0,OCO,Alpine,Chinese Grand Prix,5,29.792727272727273,18.63939393939394
102.084,46.0,HARD,23.0,OCO,Alpine,Chinese Grand Prix,5,29.792727272727273,18.63939393939394
101.743,47.0,HARD,24.0,OCO,Alpine,Chinese Grand Prix,5,29.792727272727273,18.63939393939394
101.301,48.0,HARD,25.0,OCO,Alpine,Chinese Grand Prix,5,29.792727272727273,18.63939393939394
101.297,49.0,HARD,26.0,OCO,Alpine,Chinese Grand Prix,5,29.792727272727273,18.63939393939394
101.567,50.0,HARD,27.0,OCO,Alpine,Chinese Grand Prix,5,29.792727272727273,18.63939393939394
101.477,51.0,HARD,28.0,OCO,Alpine,Chinese Grand Prix,5,29.792727272727273,18.63939393939394
101.559,52.0,HARD,29.0,OCO,Alpine,Chinese Grand Prix,5,29.792727272727273,18.63939393939394
101.652,53.0,HARD,30.0,OCO,Alpine,Chinese Grand Prix,5,29.792727272727273,18.63939393939394
101.522,54.0,HARD,31.0,OCO,Alpine,Chinese Grand Prix,5,29.792727272727273,18.63939393939394
101.574,55.0,HARD,32.0,OCO,Alpine,Chinese Grand Prix,5,29.792727272727273,18.63939393939394
101.651,56.0,HARD,33.0,OCO,Alpine,Chinese Grand Prix,5,29.792727272727273,18.63939393939394
101.282,3.0,MEDIUM,3.0,NOR,McLaren,Chinese Grand Prix,5,29.792727272727273,18.63939393939394
101.929,4.0,MEDIUM,4.0,NOR,McLaren,Chinese Grand Prix,5,29.792727272727273,18.63939393939394
101.94,5.0,MEDIUM,5.0,NOR,McLaren,Chinese Grand Prix,5,29.792727272727273,18.63939393939394
102.009,6.0,MEDIUM,6.0,NOR,McLaren,Chinese Grand Prix,5,29.792727272727273,18.63939393939394
102.403,7.0,MEDIUM,7.0,NOR,McLaren,Chinese Grand Prix,5,29.792727272727273,18.63939393939394
101.756,8.0,MEDIUM,8.0,NOR,McLaren,Chinese Grand Prix,5,29.792727272727273,18.63939393939394
101.688,9.0,MEDIUM,9.0,NOR,McLaren,Chinese Grand Prix,5,29.792727272727273,18.63939393939394
101.695,10.0,MEDIUM,10.0,NOR,McLaren,Chinese Grand Prix,5,29.792727272727273,18.63939393939394
101.828,11.0,MEDIUM,11.0,NOR,McLaren,Chinese Grand Prix,5,29.792727272727273,18.63939393939394
102.007,12.0,MEDIUM,12.0,NOR,McLaren,Chinese Grand Prix,5,29.792727272727273,18.63939393939394
101.805,13.0,MEDIUM,13.0,NOR,McLaren,Chinese Grand Prix,5,29.792727272727273,18.63939393939394
101.656,14.0,MEDIUM,14.0,NOR,McLaren,Chinese Grand Prix,5,29.792727272727273,18.63939393939394
102.04,15.0,MEDIUM,15.0,NOR,McLaren,Chinese Grand Prix,5,29.792727272727273,18.63939393939394
101.795,16.0,MEDIUM,16.0,NOR,McLaren,Chinese Grand Prix,5,29.792727272727273,18.63939393939394
101.7,17.0,MEDIUM,17.0,NOR,McLaren,Chinese Grand Prix,5,29.792727272727273,18.63939393939394
101.994,18.0,MEDIUM,18.0,NOR,McLaren,Chinese Grand Prix,5,29.792727272727273,18.63939393939394
102.658,19.0,MEDIUM,19.0,NOR,McLaren,Chinese Grand Prix,5,29.792727272727273,18.63939393939394
102.167,20.0,MEDIUM,20.0,NOR,McLaren,Chinese Grand Prix,5,29.792727272727273,18.63939393939394
103.566,21.0,MEDIUM,21.0,NOR,McLaren,Chinese Grand Prix,5,29.792727272727273,18.63939393939394
108.631,27.0,HARD,5.0,NOR,McLaren,Chinese Grand Prix,5,29.792727272727273,18.63939393939394
98.957,32.0,HARD,10.0,NOR,McLaren,Chinese Grand Prix,5,29.792727272727273,18.63939393939394
98.751,33.0,HARD,11.0,NOR,McLaren,Chinese Grand Prix,5,29.792727272727273,18.63939393939394
99.022,34.0,HARD,12.0,NOR,McLaren,Chinese Grand Prix,5,29.792727272727273,18.63939393939394
99.094,35.0,HARD,13.0,NOR,McLaren,Chinese Grand Prix,5,29.792727272727273,18.63939393939394
99.166,36.0,HARD,14.0,NOR,McLaren,Chinese Grand Prix,5,29.792727272727273,18.63939393939394
99.3,37.0,HARD,15.0,NOR,McLaren,Chinese Grand Prix,5,29.792727272727273,18.63939393939394
99.28,38.0,HARD,16.0,NOR,McLaren,Chinese Grand Prix,5,29.792727272727273,18.63939393939394
99.501,39.0,HARD,17.0,NOR,McLaren,Chinese Grand Prix,5,29.792727272727273,18.63939393939394
99.854,40.0,HARD,18.0,NOR,McLaren,Chinese Grand Prix,5,29.792727272727273,18.63939393939394
99.721,41.0,HARD,19.0,NOR,McLaren,Chinese Grand Prix,5,29.792727272727273,18.63939393939394
100.701,42.0,HARD,20.0,NOR,McLaren,Chinese Grand Prix,5,29.792727272727273,18.63939393939394
99.932,43.0,HARD,21.0,NOR,McLaren,Chinese Grand Prix,5,29.792727272727273,18.63939393939394
99.435,44.0,HARD,22.0,NOR,McLaren,Chinese Grand Prix,5,29.792727272727273,18.63939393939394
99.437,45.0,HARD,23.0,NOR,McLaren,Chinese Grand Prix,5,29.792727272727273,18.63939393939394
99.718,46.0,HARD,24.0,NOR,McLaren,Chinese Grand Prix,5,29.792727272727273,18.63939393939394
100.113,47.0,HARD,25.0,NOR,McLaren,Chinese Grand Prix,5,29.792727272727273,18.63939393939394
99.646,48.0,HARD,26.0,NOR,McLaren,Chinese Grand Prix,5,29.792727272727273,18.63939393939394
99.716,49.0,HARD,27.0,NOR,McLaren,Chinese Grand Prix,5,29.792727272727273,18.63939393939394
100.177,50.0,HARD,28.0,NOR,McLaren,Chinese Grand Prix,5,29.792727272727273,18.63939393939394
99.949,51.0,HARD,29.0,NOR,McLaren,Chinese Grand Prix,5,29.792727272727273,18.63939393939394
99.944,52.0,HARD,30.0,NOR,McLaren,Chinese Grand Prix,5,29.792727272727273,18.63939393939394
100.208,53.0,HARD,31.0,NOR,McLaren,Chinese Grand Prix,5,29.792727272727273,18.63939393939394
100.217,54.0,HARD,32.0,NOR,McLaren,Chinese Grand Prix,5,29.792727272727273,18.63939393939394
100.686,55.0,HARD,33.0,NOR,McLaren,Chinese Grand Prix,5,29.792727272727273,18.63939393939394
100.284,56.0,HARD,34.0,NOR,McLaren,Chinese Grand Prix,5,29.792727272727273,18.63939393939394
102.906,3.0,SOFT,3.0,HAM,Mercedes,Chinese Grand Prix,5,29.792727272727273,18.63939393939394
103.013,4.0,SOFT,4.0,HAM,Mercedes,Chinese Grand Prix,5,29.792727272727273,18.63939393939394
103.499,5.0,SOFT,5.0,HAM,Mercedes,Chinese Grand Prix,5,29.792727272727273,18.63939393939394
103.467,6.0,SOFT,6.0,HAM,Mercedes,Chinese Grand Prix,5,29.792727272727273,18.63939393939394
104.056,7.0,SOFT,7.0,HAM,Mercedes,Chinese Grand Prix,5,29.792727272727273,18.63939393939394
103.769,8.0,SOFT,8.0,HAM,Mercedes,Chinese Grand Prix,5,29.792727272727273,18.63939393939394
107.942,9.0,SOFT,9.0,HAM,Mercedes,Chinese Grand Prix,5,29.792727272727273,18.63939393939394
118.909,10.0,MEDIUM,1.0,HAM,Mercedes,Chinese Grand Prix,5,29.792727272727273,18.63939393939394
101.409,11.0,MEDIUM,2.0,HAM,Mercedes,Chinese Grand Prix,5,29.792727272727273,18.63939393939394
101.904,12.0,MEDIUM,3.0,HAM,Mercedes,Chinese Grand Prix,5,29.792727272727273,18.63939393939394
101.927,13.0,MEDIUM,4.0,HAM,Mercedes,Chinese Grand Prix,5,29.792727272727273,18.63939393939394
101.72,14.0,MEDIUM,5.0,HAM,Mercedes,Chinese Grand Prix,5,29.792727272727273,18.63939393939394
102.314,15.0,MEDIUM,6.0,HAM,Mercedes,Chinese Grand Prix,5,29.792727272727273,18.63939393939394
102.531,16.0,MEDIUM,7.0,HAM,Mercedes,Chinese Grand Prix,5,29.792727272727273,18.63939393939394
102.223,17.0,MEDIUM,8.0,HAM,Mercedes,Chinese Grand Prix,5,29.792727272727273,18.63939393939394
102.564,18.0,MEDIUM,9.0,HAM,Mercedes,Chinese Grand Prix,5,29.792727272727273,18.63939393939394
102.854,19.0,MEDIUM,10.0,HAM,Mercedes,Chinese Grand Prix,5,29.792727272727273,18.63939393939394
103.115,20.0,MEDIUM,11.0,HAM,Mercedes,Chinese Grand Prix,5,29.792727272727273,18.63939393939394
122.779,21.0,MEDIUM,12.0,HAM,Mercedes,Chinese Grand Prix,5,29.792727272727273,18.63939393939394
114.977,25.0,HARD,4.0,HAM,Mercedes,Chinese Grand Prix,5,29.792727272727273,18.63939393939394
115.435,27.0,HARD,6.0,HAM,Mercedes,Chinese Grand Prix,5,29.792727272727273,18.63939393939394
101.118,32.0,HARD,11.0,HAM,Mercedes,Chinese Grand Prix,5,29.792727272727273,18.63939393939394
100.857,33.0,HARD,12.0,HAM,Mercedes,Chinese Grand Prix,5,29.792727272727273,18.63939393939394
100.835,34.0,HARD,13.0,HAM,Mercedes,Chinese Grand Prix,5,29.792727272727273,18.63939393939394
100.908,35.0,HARD,14.0,HAM,Mercedes,Chinese Grand Prix,5,29.792727272727273,18.63939393939394
101.289,36.0,HARD,15.0,HAM,Mercedes,Chinese Grand Prix,5,29.792727272727273,18.63939393939394
101.215,37.0,HARD,16.0,HAM,Mercedes,Chinese Grand Prix,5,29.792727272727273,18.63939393939394
100.974,38.0,HARD,17.0,HAM,Mercedes,Chinese Grand Prix,5,29.792727272727273,18.63939393939394
101.113,39.0,HARD,18.0,HAM,Mercedes,Chinese Grand Prix,5,29.792727272727273,18.63939393939394
101.5,40.0,HARD,19.0,HAM,Mercedes,Chinese Grand Prix,5,29.792727272727273,18.63939393939394
100.882,41.0,HARD,20.0,HAM,Mercedes,Chinese Grand Prix,5,29.792727272727273,18.63939393939394
101.068,42.0,HARD,21.0,HAM,Mercedes,Chinese Grand Prix,5,29.792727272727273,18.63939393939394
101.222,43.0,HARD,22.0,HAM,Mercedes,Chinese Grand Prix,5,29.792727272727273,18.63939393939394
100.915,44.0,HARD,23.0,HAM,Mercedes,Chinese Grand Prix,5,29.792727272727273,18.63939393939394
101.098,45.0,HARD,24.0,HAM,Mercedes,Chinese Grand Prix,5,29.792727272727273,18.63939393939394
101.341,46.0,HARD,25.0,HAM,Mercedes,Chinese Grand Prix,5,29.792727272727273,18.63939393939394
101.376,47.0,HARD,26.0,HAM,Mercedes,Chinese Grand Prix,5,29.792727272727273,18.63939393939394
101.315,48.0,HARD,27.0,HAM,Mercedes,Chinese Grand Prix,5,29.792727272727273,18.63939393939394
101.92,49.0,HARD,28.0,HAM,Mercedes,Chinese Grand Prix,5,29.792727272727273,18.63939393939394
101.306,50.0,HARD,29.0,HAM,Mercedes,Chinese Grand Prix,5,29.792727272727273,18.63939393939394
101.485,51.0,HARD,30.0,HAM,Mercedes,Chinese Grand Prix,5,29.792727272727273,18.63939393939394
101.461,52.0,HARD,31.0,HAM,Mercedes,Chinese Grand Prix,5,29.792727272727273,18.63939393939394
101.521,53.0,HARD,32.0,HAM,Mercedes,Chinese Grand Prix,5,29.792727272727273,18.63939393939394
101.493,54.0,HARD,33.0,HAM,Mercedes,Chinese Grand Prix,5,29.792727272727273,18.63939393939394
101.604,55.0,HARD,34.0,HAM,Mercedes,Chinese Grand Prix,5,29.792727272727273,18.63939393939394
102.084,56.0,HARD,35.0,HAM,Mercedes,Chinese Grand Prix,5,29.792727272727273,18.63939393939394
101.979,3.0,MEDIUM,3.0,SAI,Ferrari,Chinese Grand Prix,5,29.792727272727273,18.63939393939394
102.145,4.0,MEDIUM,4.0,SAI,Ferrari,Chinese Grand Prix,5,29.792727272727273,18.63939393939394
102.21,5.0,MEDIUM,5.0,SAI,Ferrari,Chinese Grand Prix,5,29.792727272727273,18.63939393939394
102.409,6.0,MEDIUM,6.0,SAI,Ferrari,Chinese Grand Prix,5,29.792727272727273,18.63939393939394
102.783,7.0,MEDIUM,7.0,SAI,Ferrari,Chinese Grand Prix,5,29.792727272727273,18.63939393939394
102.951,8.0,MEDIUM,8.0,SAI,Ferrari,Chinese Grand Prix,5,29.792727272727273,18.63939393939394
102.8,9.0,MEDIUM,9.0,SAI,Ferrari,Chinese Grand Prix,5,29.792727272727273,18.63939393939394
103.238,10.0,MEDIUM,10.0,SAI,Ferrari,Chinese Grand Prix,5,29.792727272727273,18.63939393939394
103.299,11.0,MEDIUM,11.0,SAI,Ferrari,Chinese Grand Prix,5,29.792727272727273,18.63939393939394
102.603,12.0,MEDIUM,12.0,SAI,Ferrari,Chinese Grand Prix,5,29.792727272727273,18.63939393939394
102.4,13.0,MEDIUM,13.0,SAI,Ferrari,Chinese Grand Prix,5,29.792727272727273,18.63939393939394
103.087,14.0,MEDIUM,14.0,SAI,Ferrari,Chinese Grand Prix,5,29.792727272727273,18.63939393939394
102.792,15.0,MEDIUM,15.0,SAI,Ferrari,Chinese Grand Prix,5,29.792727272727273,18.63939393939394
102.693,16.0,MEDIUM,16.0,SAI,Ferrari,Chinese Grand Prix,5,29.792727272727273,18.63939393939394
107.863,17.0,MEDIUM,17.0,SAI,Ferrari,Chinese Grand Prix,5,29.792727272727273,18.63939393939394
118.852,18.0,HARD,1.0,SAI,Ferrari,Chinese Grand Prix,5,29.792727272727273,18.63939393939394
99.764,19.0,HARD,2.0,SAI,Ferrari,Chinese Grand Prix,5,29.792727272727273,18.63939393939394
100.661,20.0,HARD,3.0,SAI,Ferrari,Chinese Grand Prix,5,29.792727272727273,18.63939393939394
115.808,21.0,HARD,4.0,SAI,Ferrari,Chinese Grand Prix,5,29.792727272727273,18.63939393939394
112.235,27.0,HARD,10.0,SAI,Ferrari,Chinese Grand Prix,5,29.792727272727273,18.63939393939394
100.401,32.0,HARD,15.0,SAI,Ferrari,Chinese Grand Prix,5,29.792727272727273,18.63939393939394
100.048,33.0,HARD,16.0,SAI,Ferrari,Chinese Grand Prix,5,29.792727272727273,18.63939393939394
100.416,34.0,HARD,17.0,SAI,Ferrari,Chinese Grand Prix,5,29.792727272727273,18.63939393939394
100.311,35.0,HARD,18.0,SAI,Ferrari,Chinese Grand Prix,5,29.792727272727273,18.63939393939394
100.615,36.0,HARD,19.0,SAI,Ferrari,Chinese Grand Prix,5,29.792727272727273,18.63939393939394
100.726,37.0,HARD,20.0,SAI,Ferrari,Chinese Grand Prix,5,29.792727272727273,18.63939393939394
100.603,38.0,HARD,21.0,SAI,Ferrari,Chinese Grand Prix,5,29.792727272727273,18.63939393939394
100.497,39.0,HARD,22.0,SAI,Ferrari,Chinese Grand Prix,5,29.792727272727273,18.63939393939394
100.875,40.0,HARD,23.0,SAI,Ferrari,Chinese Grand Prix,5,29.792727272727273,18.63939393939394
100.299,41.0,HARD,24.0,SAI,Ferrari,Chinese Grand Prix,5,29.792727272727273,18.63939393939394
100.756,42.0,HARD,25.0,SAI,Ferrari,Chinese Grand Prix,5,29.792727272727273,18.63939393939394
100.345,43.0,HARD,26.0,SAI,Ferrari,Chinese Grand Prix,5,29.792727272727273,18.63939393939394
100.109,44.0,HARD,27.0,SAI,Ferrari,Chinese Grand Prix,5,29.792727272727273,18.63939393939394
100.22,45.0,HARD,28.0,SAI,Ferrari,Chinese Grand Prix,5,29.792727272727273,18.63939393939394
100.227,46.0,HARD,29.0,SAI,Ferrari,Chinese Grand Prix,5,29.792727272727273,18.63939393939394
100.602,47.0,HARD,30.0,SAI,Ferrari,Chinese Grand Prix,5,29.792727272727273,18.63939393939394
100.471,48.0,HARD,31.0,SAI,Ferrari,Chinese Grand Prix,5,29.792727272727273,18.63939393939394
100.109,49.0,HARD,32.0,SAI,Ferrari,Chinese Grand Prix,5,29.792727272727273,18.63939393939394
100.352,50.0,HARD,33.0,SAI,Ferrari,Chinese Grand Prix,5,29.792727272727273,18.63939393939394
100.239,51.0,HARD,34.0,SAI,Ferrari,Chinese Grand Prix,5,29.792727272727273,18.63939393939394
100.413,52.0,HARD,35.0,SAI,Ferrari,Chinese Grand Prix,5,29.792727272727273,18.63939393939394
100.561,53.0,HARD,36.0,SAI,Ferrari,Chinese Grand Prix,5,29.792727272727273,18.63939393939394
100.281,54.0,HARD,37.0,SAI,Ferrari,Chinese Grand Prix,5,29.792727272727273,18.63939393939394
100.711,55.0,HARD,38.0,SAI,Ferrari,Chinese Grand Prix,5,29.792727272727273,18.63939393939394
100.41,56.0,HARD,39.0,SAI,Ferrari,Chinese Grand Prix,5,29.792727272727273,18.63939393939394
101.771,3.0,MEDIUM,3.0,RUS,Mercedes,Chinese Grand Prix,5,29.792727272727273,18.63939393939394
102.413,4.0,MEDIUM,4.0,RUS,Mercedes,Chinese Grand Prix,5,29.792727272727273,18.63939393939394
102.185,5.0,MEDIUM,5.0,RUS,Mercedes,Chinese Grand Prix,5,29.792727272727273,18.63939393939394
102.597,6.0,MEDIUM,6.0,RUS,Mercedes,Chinese Grand Prix,5,29.792727272727273,18.63939393939394
102.589,7.0,MEDIUM,7.0,RUS,Mercedes,Chinese Grand Prix,5,29.792727272727273,18.63939393939394
103.114,8.0,MEDIUM,8.0,RUS,Mercedes,Chinese Grand Prix,5,29.792727272727273,18.63939393939394
103.985,9.0,MEDIUM,9.0,RUS,Mercedes,Chinese Grand Prix,5,29.792727272727273,18.63939393939394
103.227,10.0,MEDIUM,10.0,RUS,Mercedes,Chinese Grand Prix,5,29.792727272727273,18.63939393939394
108.016,11.0,MEDIUM,11.0,RUS,Mercedes,Chinese Grand Prix,5,29.792727272727273,18.63939393939394
118.003,12.0,MEDIUM,1.0,RUS,Mercedes,Chinese Grand Prix,5,29.792727272727273,18.63939393939394
100.785,13.0,MEDIUM,2.0,RUS,Mercedes,Chinese Grand Prix,5,29.792727272727273,18.63939393939394
101.754,14.0,MEDIUM,3.0,RUS,Mercedes,Chinese Grand Prix,5,29.792727272727273,18.63939393939394
101.308,15.0,MEDIUM,4.0,RUS,Mercedes,Chinese Grand Prix,5,29.792727272727273,18.63939393939394
101.4,16.0,MEDIUM,5.0,RUS,Mercedes,Chinese Grand Prix,5,29.792727272727273,18.63939393939394
101.376,17.0,MEDIUM,6.0,RUS,Mercedes,Chinese Grand Prix,5,29.792727272727273,18.63939393939394
101.491,18.0,MEDIUM,7.0,RUS,Mercedes,Chinese Grand Prix,5,29.792727272727273,18.63939393939394
101.416,19.0,MEDIUM,8.0,RUS,Mercedes,Chinese Grand Prix,5,29.792727272727273,18.63939393939394
102.067,20.0,MEDIUM,9.0,RUS,Mercedes,Chinese Grand Prix,5,29.792727272727273,18.63939393939394
112.13,21.0,MEDIUM,10.0,RUS,Mercedes,Chinese Grand Prix,5,29.792727272727273,18.63939393939394
113.377,27.0,HARD,4.0,RUS,Mercedes,Chinese Grand Prix,5,29.792727272727273,18.63939393939394
100.69,32.0,HARD,9.0,RUS,Mercedes,Chinese Grand Prix,5,29.792727272727273,18.63939393939394
100.476,33.0,HARD,10.0,RUS,Mercedes,Chinese Grand Prix,5,29.792727272727273,18.63939393939394
100.467,34.0,HARD,11.0,RUS,Mercedes,Chinese Grand Prix,5,29.792727272727273,18.63939393939394
100.493,35.0,HARD,12.0,RUS,Mercedes,Chinese Grand Prix,5,29.792727272727273,18.63939393939394
100.496,36.0,HARD,13.0,RUS,Mercedes,Chinese Grand Prix,5,29.792727272727273,18.63939393939394
100.687,37.0,HARD,14.0,RUS,Mercedes,Chinese Grand Prix,5,29.792727272727273,18.63939393939394
100.451,38.0,HARD,15.0,RUS,Mercedes,Chinese Grand Prix,5,29.792727272727273,18.63939393939394
100.112,39.0,HARD,16.0,RUS,Mercedes,Chinese Grand Prix,5,29.792727272727273,18.63939393939394
100.78,40.0,HARD,17.0,RUS,Mercedes,Chinese Grand Prix,5,29.792727272727273,18.63939393939394
101.024,41.0,HARD,18.0,RUS,Mercedes,Chinese Grand Prix,5,29.792727272727273,18.63939393939394
100.772,42.0,HARD,19.0,RUS,Mercedes,Chinese Grand Prix,5,29.792727272727273,18.63939393939394
100.681,43.0,HARD,20.0,RUS,Mercedes,Chinese Grand Prix,5,29.792727272727273,18.63939393939394
100.38,44.0,HARD,21.0,RUS,Mercedes,Chinese Grand Prix,5,29.792727272727273,18.63939393939394
100.619,45.0,HARD,22.0,RUS,Mercedes,Chinese Grand Prix,5,29.792727272727273,18.63939393939394
100.38,46.0,HARD,23.0,RUS,Mercedes,Chinese Grand Prix,5,29.792727272727273,18.63939393939394
100.404,47.0,HARD,24.0,RUS,Mercedes,Chinese Grand Prix,5,29.792727272727273,18.63939393939394
100.394,48.0,HARD,25.0,RUS,Mercedes,Chinese Grand Prix,5,29.792727272727273,18.63939393939394
100.218,49.0,HARD,26.0,RUS,Mercedes,Chinese Grand Prix,5,29.792727272727273,18.63939393939394
100.466,50.0,HARD,27.0,RUS,Mercedes,Chinese Grand Prix,5,29.792727272727273,18.63939393939394
100.334,51.0,HARD,28.0,RUS,Mercedes,Chinese Grand Prix,5,29.792727272727273,18.63939393939394
100.731,52.0,HARD,29.0,RUS,Mercedes,Chinese Grand Prix,5,29.792727272727273,18.63939393939394
100.67,53.0,HARD,30.0,RUS,Mercedes,Chinese Grand Prix,5,29.792727272727273,18.63939393939394
100.84,54.0,HARD,31.0,RUS,Mercedes,Chinese Grand Prix,5,29.792727272727273,18.63939393939394
101.429,55.0,HARD,32.0,RUS,Mercedes,Chinese Grand Prix,5,29.792727272727273,18.63939393939394
100.793,56.0,HARD,33.0,RUS,Mercedes,Chinese Grand Prix,5,29.792727272727273,18.63939393939394
102.548,3.0,MEDIUM,3.0,BOT,Kick Sauber,Chinese Grand Prix,5,29.792727272727273,18.63939393939394
103.032,4.0,MEDIUM,4.0,BOT,Kick Sauber,Chinese Grand Prix,5,29.792727272727273,18.63939393939394
103.192,5.0,MEDIUM,5.0,BOT,Kick Sauber,Chinese Grand Prix,5,29.792727272727273,18.63939393939394
103.151,6.0,MEDIUM,6.0,BOT,Kick Sauber,Chinese Grand Prix,5,29.792727272727273,18.63939393939394
102.959,7.0,MEDIUM,7.0,BOT,Kick Sauber,Chinese Grand Prix,5,29.792727272727273,18.63939393939394
103.45,8.0,MEDIUM,8.0,BOT,Kick Sauber,Chinese Grand Prix,5,29.792727272727273,18.63939393939394
107.977,9.0,MEDIUM,9.0,BOT,Kick Sauber,Chinese Grand Prix,5,29.792727272727273,18.63939393939394
121.016,10.0,HARD,1.0,BOT,Kick Sauber,Chinese Grand Prix,5,29.792727272727273,18.63939393939394
101.276,11.0,HARD,2.0,BOT,Kick Sauber,Chinese Grand Prix,5,29.792727272727273,18.63939393939394
101.994,12.0,HARD,3.0,BOT,Kick Sauber,Chinese Grand Prix,5,29.792727272727273,18.63939393939394
102.144,13.0,HARD,4.0,BOT,Kick Sauber,Chinese Grand Prix,5,29.792727272727273,18.63939393939394
102.359,14.0,HARD,5.0,BOT,Kick Sauber,Chinese Grand Prix,5,29.792727272727273,18.63939393939394
102.391,15.0,HARD,6.0,BOT,Kick Sauber,Chinese Grand Prix,5,29.792727272727273,18.63939393939394
102.215,16.0,HARD,7.0,BOT,Kick Sauber,Chinese Grand Prix,5,29.792727272727273,18.63939393939394
102.606,17.0,HARD,8.0,BOT,Kick Sauber,Chinese Grand Prix,5,29.792727272727273,18.63939393939394
102.768,18.0,HARD,9.0,BOT,Kick Sauber,Chinese Grand Prix,5,29.792727272727273,18.63939393939394
102.252,19.0,HARD,10.0,BOT,Kick Sauber,Chinese Grand Prix,5,29.792727272727273,18.63939393939394
101.754,3.0,MEDIUM,3.0,PIA,McLaren,Chinese Grand Prix,5,29.792727272727273,18.63939393939394
102.247,4.0,MEDIUM,4.0,PIA,McLaren,Chinese Grand Prix,5,29.792727272727273,18.63939393939394
102.227,5.0,MEDIUM,5.0,PIA,McLaren,Chinese Grand Prix,5,29.792727272727273,18.63939393939394
102.608,6.0,MEDIUM,6.0,PIA,McLaren,Chinese Grand Prix,5,29.792727272727273,18.63939393939394
102.376,7.0,MEDIUM,7.0,PIA,McLaren,Chinese Grand Prix,5,29.792727272727273,18.63939393939394
102.627,8.0,MEDIUM,8.0,PIA,McLaren,Chinese Grand Prix,5,29.792727272727273,18.63939393939394
102.976,9.0,MEDIUM,9.0,PIA,McLaren,Chinese Grand Prix,5,29.792727272727273,18.63939393939394
102.658,10.0,MEDIUM,10.0,PIA,McLaren,Chinese Grand Prix,5,29.792727272727273,18.63939393939394
103.456,11.0,MEDIUM,11.0,PIA,McLaren,Chinese Grand Prix,5,29.792727272727273,18.63939393939394
102.975,12.0,MEDIUM,12.0,PIA,McLaren,Chinese Grand Prix,5,29.792727272727273,18.63939393939394
102.871,13.0,MEDIUM,13.0,PIA,McLaren,Chinese Grand Prix,5,29.792727272727273,18.63939393939394
103.139,14.0,MEDIUM,14.0,PIA,McLaren,Chinese Grand Prix,5,29.792727272727273,18.63939393939394
102.645,15.0,MEDIUM,15.0,PIA,McLaren,Chinese Grand Prix,5,29.792727272727273,18.63939393939394
107.643,16.0,MEDIUM,16.0,PIA,McLaren,Chinese Grand Prix,5,29.792727272727273,18.63939393939394
119.282,17.0,MEDIUM,2.0,PIA,McLaren,Chinese Grand Prix,5,29.792727272727273,18.63939393939394
99.739,18.0,MEDIUM,3.0,PIA,McLaren,Chinese Grand Prix,5,29.792727272727273,18.63939393939394
100.632,19.0,MEDIUM,4.0,PIA,McLaren,Chinese Grand Prix,5,29.792727272727273,18.63939393939394
100.478,20.0,MEDIUM,5.0,PIA,McLaren,Chinese Grand Prix,5,29.792727272727273,18.63939393939394
112.541,21.0,MEDIUM,6.0,PIA,McLaren,Chinese Grand Prix,5,29.792727272727273,18.63939393939394
114.121,27.0,HARD,3.0,PIA,McLaren,Chinese Grand Prix,5,29.792727272727273,18.63939393939394
101.017,32.0,HARD,8.0,PIA,McLaren,Chinese Grand Prix,5,29.792727272727273,18.63939393939394
100.725,33.0,HARD,9.0,PIA,McLaren,Chinese Grand Prix,5,29.792727272727273,18.63939393939394
100.748,34.0,HARD,10.0,PIA,McLaren,Chinese Grand Prix,5,29.792727272727273,18.63939393939394
100.397,35.0,HARD,11.0,PIA,McLaren,Chinese Grand Prix,5,29.792727272727273,18.63939393939394
101.5,36.0,HARD,12.0,PIA,McLaren,Chinese Grand Prix,5,29.792727272727273,18.63939393939394
101.45,37.0,HARD,13.0,PIA,McLaren,Chinese Grand Prix,5,29.792727272727273,18.63939393939394
100.946,38.0,HARD,14.0,PIA,McLaren,Chinese Grand Prix,5,29.792727272727273,18.63939393939394
101.496,39.0,HARD,15.0,PIA,McLaren,Chinese Grand Prix,5,29.792727272727273,18.63939393939394
101.119,40.0,HARD,16.0,PIA,McLaren,Chinese Grand Prix,5,29.792727272727273,18.63939393939394
101.621,41.0,HARD,17.0,PIA,McLaren,Chinese Grand Prix,5,29.792727272727273,18.63939393939394
101.01,42.0,HARD,18.0,PIA,McLaren,Chinese Grand Prix,5,29.792727272727273,18.63939393939394
100.876,43.0,HARD,19.0,PIA,McLaren,Chinese Grand Prix,5,29.792727272727273,18.63939393939394
101.004,44.0,HARD,20.0,PIA,McLaren,Chinese Grand Prix,5,29.792727272727273,18.63939393939394
101.301,45.0,HARD,21.0,PIA,McLaren,Chinese Grand Prix,5,29.792727272727273,18.63939393939394
101.294,46.0,HARD,22.0,PIA,McLaren,Chinese Grand Prix,5,29.792727272727273,18.63939393939394
101.45,47.0,HARD,23.0,PIA,McLaren,Chinese Grand Prix,5,29.792727272727273,18.63939393939394
101.437,48.0,HARD,24.0,PIA,McLaren,Chinese Grand Prix,5,29.792727272727273,18.63939393939394
102.046,49.0,HARD,25.0,PIA,McLaren,Chinese Grand Prix,5,29.792727272727273,18.63939393939394
101.297,50.0,HARD,26.0,PIA,McLaren,Chinese Grand Prix,5,29.792727272727273,18.63939393939394
101.331,51.0,HARD,27.0,PIA,McLaren,Chinese Grand Prix,5,29.792727272727273,18.63939393939394
101.602,52.0,HARD,28.0,PIA,McLaren,Chinese Grand Prix,5,29.792727272727273,18.63939393939394
101.471,53.0,HARD,29.0,PIA,McLaren,Chinese Grand Prix,5,29.792727272727273,18.63939393939394
101.647,54.0,HARD,30.0,PIA,McLaren,Chinese Grand Prix,5,29.792727272727273,18.63939393939394
101.45,55.0,HARD,31.0,PIA,McLaren,Chinese Grand Prix,5,29.792727272727273,18.63939393939394
101.61,56.0,HARD,32.0,PIA,McLaren,Chinese Grand Prix,5,29.792727272727273,18.63939393939394
93.137,3.0,MEDIUM,3.0,VER,Red Bull Racing,Miami Grand Prix,6,44.664,28.521999999999995
93.504,4.0,MEDIUM,4.0,VER,Red Bull Racing,Miami Grand Prix,6,44.664,28.521999999999995
92.834,5.0,MEDIUM,5.0,VER,Red Bull Racing,Miami Grand Prix,6,44.664,28.521999999999995
92.939,6.0,MEDIUM,6.0,VER,Red Bull Racing,Miami Grand Prix,6,44.664,28.521999999999995
92.895,7.0,MEDIUM,7.0,VER,Red Bull Racing,Miami Grand Prix,6,44.664,28.521999999999995
92.838,8.0,MEDIUM,8.0,VER,Red Bull Racing,Miami Grand Prix,6,44.664,28.521999999999995
93.289,9.0,MEDIUM,9.0,VER,Red Bull Racing,Miami Grand Prix,6,44.664,28.521999999999995
93.267,10.0,MEDIUM,10.0,VER,Red Bull Racing,Miami Grand Prix,6,44.664,28.521999999999995
93.501,11.0,MEDIUM,11.0,VER,Red Bull Racing,Miami Grand Prix,6,44.664,28.521999999999995
93.097,12.0,MEDIUM,12.0,VER,Red Bull Racing,Miami Grand Prix,6,44.664,28.521999999999995
93.129,13.0,MEDIUM,13.0,VER,Red Bull Racing,Miami Grand Prix,6,44.664,28.521999999999995
92.918,14.0,MEDIUM,14.0,VER,Red Bull Racing,Miami Grand Prix,6,44.664,28.521999999999995
92.807,15.0,MEDIUM,15.0,VER,Red Bull Racing,Miami Grand Prix,6,44.664,28.521999999999995
92.749,16.0,MEDIUM,16.0,VER,Red Bull Racing,Miami Grand Prix,6,44.664,28.521999999999995
92.92,17.0,MEDIUM,17.0,VER,Red Bull Racing,Miami Grand Prix,6,44.664,28.521999999999995
93.022,18.0,MEDIUM,18.0,VER,Red Bull Racing,Miami Grand Prix,6,44.664,28.521999999999995
92.668,19.0,MEDIUM,19.0,VER,Red Bull Racing,Miami Grand Prix,6,44.664,28.521999999999995
92.53,20.0,MEDIUM,20.0,VER,Red Bull Racing,Miami Grand Prix,6,44.664,28.521999999999995
92.926,21.0,MEDIUM,21.0,VER,Red Bull Racing,Miami Grand Prix,6,44.664,28.521999999999995
92.906,22.0,MEDIUM,22.0,VER,Red Bull Racing,Miami Grand Prix,6,44.664,28.521999999999995
111.938,23.0,MEDIUM,23.0,VER,Red Bull Racing,Miami Grand Prix,6,44.664,28.521999999999995
107.087,24.0,HARD,1.0,VER,Red Bull Racing,Miami Grand Prix,6,44.664,28.521999999999995
92.298,25.0,HARD,2.0,VER,Red Bull Racing,Miami Grand Prix,6,44.664,28.521999999999995
92.41,26.0,HARD,3.0,VER,Red Bull Racing,Miami Grand Prix,6,44.664,28.521999999999995
92.515,27.0,HARD,4.0,VER,Red Bull Racing,Miami Grand Prix,6,44.664,28.521999999999995
99.376,28.0,HARD,5.0,VER,Red Bull Racing,Miami Grand Prix,6,44.664,28.521999999999995
124.42,30.0,HARD,7.0,VER,Red Bull Racing,Miami Grand Prix,6,44.664,28.521999999999995
101.077,31.0,HARD,8.0,VER,Red Bull Racing,Miami Grand Prix,6,44.664,28.521999999999995
92.227,33.0,HARD,10.0,VER,Red Bull Racing,Miami Grand Prix,6,44.664,28.521999999999995
91.611,34.0,HARD,11.0,VER,Red Bull Racing,Miami Grand Prix,6,44.664,28.521999999999995
91.409,35.0,HARD,12.0,VER,Red Bull Racing,Miami Grand Prix,6,44.664,28.521999999999995
91.456,36.0,HARD,13.0,VER,Red Bull Racing,Miami Grand Prix,6,44.664,28.521999999999995
91.377,37.0,HARD,14.0,VER,Red Bull Racing,Miami Grand Prix,6,44.664,28.521999999999995
91.526,38.0,HARD,15.0,VER,Red Bull Racing,Miami Grand Prix,6,44.664,28.521999999999995
91.336,39.0,HARD,16.0,VER,Red Bull Racing,Miami Grand Prix,6,44.664,28.521999999999995
91.487,40.0,HARD,17.0,VER,Red Bull Racing,Miami Grand Prix,6,44.664,28.521999999999995
91.375,41.0,HARD,18.0,VER,Red Bull Racing,Miami Grand Prix,6,44.664,28.521999999999995
91.455,42.0,HARD,19.0,VER,Red Bull Racing,Miami Grand Prix,6,44.664,28.521999999999995
91.435,43.0,HARD,20.0,VER,Red Bull Racing,Miami Grand Prix,6,44.664,28.521999999999995
91.452,44.0,HARD,21.0,VER,Red Bull Racing,Miami Grand Prix,6,44.664,28.521999999999995
91.537,45.0,HARD,22.0,VER,Red Bull Racing,Miami Grand Prix,6,44.664,28.521999999999995
91.788,46.0,HARD,23.0,VER,Red Bull Racing,Miami Grand Prix,6,44.664,28.521999999999995
91.513,47.0,HARD,24.0,VER,Red Bull Racing,Miami Grand Prix,6,44.664,28.521999999999995
91.261,48.0,HARD,25.0,VER,Red Bull Racing,Miami Grand Prix,6,44.664,28.521999999999995
91.597,49.0,HARD,26.0,VER,Red Bull Racing,Miami Grand Prix,6,44.664,28.521999999999995
91.338,50.0,HARD,27.0,VER,Red Bull Racing,Miami Grand Prix,6,44.664,28.521999999999995
91.284,51.0,HARD,28.0,VER,Red Bull Racing,Miami Grand Prix,6,44.664,28.521999999999995
91.428,52.0,HARD,29.0,VER,Red Bull Racing,Miami Grand Prix,6,44.664,28.521999999999995
91.473,53.0,HARD,30.0,VER,Red Bull Racing,Miami Grand Prix,6,44.664,28.521999999999995
91.546,54.0,HARD,31.0,VER,Red Bull Racing,Miami Grand Prix,6,44.664,28.521999999999995
91.408,55.0,HARD,32.0,VER,Red Bull Racing,Miami Grand Prix,6,44.664,28.521999999999995
91.49,56.0,HARD,33.0,VER,Red Bull Racing,Miami Grand Prix,6,44.664,28.521999999999995
91.699,57.0,HARD,34.0,VER,Red Bull Racing,Miami Grand Prix,6,44.664,28.521999999999995
93.789,3.0,MEDIUM,3.0,GAS,Alpine,Miami Grand Prix,6,44.664,28.521999999999995
94.155,4.0,MEDIUM,4.0,GAS,Alpine,Miami Grand Prix,6,44.664,28.521999999999995
94.19,5.0,MEDIUM,5.0,GAS,Alpine,Miami Grand Prix,6,44.664,28.521999999999995
94.004,6.0,MEDIUM,6.0,GAS,Alpine,Miami Grand Prix,6,44.664,28.521999999999995
94.291,7.0,MEDIUM,7.0,GAS,Alpine,Miami Grand Prix,6,44.664,28.521999999999995
93.804,8.0,MEDIUM,8.0,GAS,Alpine,Miami Grand Prix,6,44.664,28.521999999999995
93.953,9.0,MEDIUM,9.0,GAS,Alpine,Miami Grand Prix,6,44.664,28.521999999999995
94.731,10.0,MEDIUM,10.0,GAS,Alpine,Miami Grand Prix,6,44.664,28.521999999999995
94.743,11.0,MEDIUM,11.0,GAS,Alpine,Miami Grand Prix,6,44.664,28.521999999999995
99.216,12.0,MEDIUM,12.0,GAS,Alpine,Miami Grand Prix,6,44.664,28.521999999999995
108.014,13.0,HARD,1.0,GAS,Alpine,Miami Grand Prix,6,44.664,28.521999999999995
93.375,14.0,HARD,2.0,GAS,Alpine,Miami Grand Prix,6,44.664,28.521999999999995
92.994,15.0,HARD,3.0,GAS,Alpine,Miami Grand Prix,6,44.664,28.521999999999995
93.554,16.0,HARD,4.0,GAS,Alpine,Miami Grand Prix,6,44.664,28.521999999999995
93.53,17.0,HARD,5.0,GAS,Alpine,Miami Grand Prix,6,44.664,28.521999999999995
93.807,18.0,HARD,6.0,GAS,Alpine,Miami Grand Prix,6,44.664,28.521999999999995
93.174,19.0,HARD,7.0,GAS,Alpine,Miami Grand Prix,6,44.664,28.521999999999995
93.639,20.0,HARD,8.0,GAS,Alpine,Miami Grand Prix,6,44.664,28.521999999999995
93.691,21.0,HARD,9.0,GAS,Alpine,Miami Grand Prix,6,44.664,28.521999999999995
101.221,22.0,HARD,10.0,GAS,Alpine,Miami Grand Prix,6,44.664,28.521999999999995
101.202,23.0,HARD,11.0,GAS,Alpine,Miami Grand Prix,6,44.664,28.521999999999995
93.983,24.0,HARD,12.0,GAS,Alpine,Miami Grand Prix,6,44.664,28.521999999999995
93.969,25.0,HARD,13.0,GAS,Alpine,Miami Grand Prix,6,44.664,28.521999999999995
94.44,26.0,HARD,14.0,GAS,Alpine,Miami Grand Prix,6,44.664,28.521999999999995
93.614,27.0,HARD,15.0,GAS,Alpine,Miami Grand Prix,6,44.664,28.521999999999995
111.06,28.0,HARD,16.0,GAS,Alpine,Miami Grand Prix,6,44.664,28.521999999999995
129.131,29.0,HARD,17.0,GAS,Alpine,Miami Grand Prix,6,44.664,28.521999999999995
115.163,30.0,HARD,18.0,GAS,Alpine,Miami Grand Prix,6,44.664,28.521999999999995
109.074,31.0,HARD,19.0,GAS,Alpine,Miami Grand Prix,6,44.664,28.521999999999995
94.561,33.0,HARD,21.0,GAS,Alpine,Miami Grand Prix,6,44.664,28.521999999999995
93.201,34.0,HARD,22.0,GAS,Alpine,Miami Grand Prix,6,44.664,28.521999999999995
92.863,35.0,HARD,23.0,GAS,Alpine,Miami Grand Prix,6,44.664,28.521999999999995
92.878,36.0,HARD,24.0,GAS,Alpine,Miami Grand Prix,6,44.664,28.521999999999995
92.785,37.0,HARD,25.0,GAS,Alpine,Miami Grand Prix,6,44.664,28.521999999999995
92.989,38.0,HARD,26.0,GAS,Alpine,Miami Grand Prix,6,44.664,28.521999999999995
93.007,39.0,HARD,27.0,GAS,Alpine,Miami Grand Prix,6,44.664,28.521999999999995
92.786,40.0,HARD,28.0,GAS,Alpine,Miami Grand Prix,6,44.664,28.521999999999995
93.001,41.0,HARD,29.0,GAS,Alpine,Miami Grand Prix,6,44.664,28.521999999999995
92.627,42.0,HARD,30.0,GAS,Alpine,Miami Grand Prix,6,44.664,28.521999999999995
92.504,43.0,HARD,31.0,GAS,Alpine,Miami Grand Prix,6,44.664,28.521999999999995
92.855,44.0,HARD,32.0,GAS,Alpine,Miami Grand Prix,6,44.664,28.521999999999995
92.981,45.0,HARD,33.0,GAS,Alpine,Miami Grand Prix,6,44.664,28.521999999999995
94.341,46.0,HARD,34.0,GAS,Alpine,Miami Grand Prix,6,44.664,28.521999999999995
92.767,47.0,HARD,35.0,GAS,Alpine,Miami Grand Prix,6,44.664,28.521999999999995
92.628,48.0,HARD,36.0,GAS,Alpine,Miami Grand Prix,6,44.664,28.521999999999995
92.72,49.0,HARD,37.0,GAS,Alpine,Miami Grand Prix,6,44.664,28.521999999999995
92.492,50.0,HARD,38.0,GAS,Alpine,Miami Grand Prix,6,44.664,28.521999999999995
92.522,51.0,HARD,39.0,GAS,Alpine,Miami Grand Prix,6,44.664,28.521999999999995
92.643,52.0,HARD,40.0,GAS,Alpine,Miami Grand Prix,6,44.664,28.521999999999995
92.256,53.0,HARD,41.0,GAS,Alpine,Miami Grand Prix,6,44.664,28.521999999999995
92.285,54.0,HARD,42.0,GAS,Alpine,Miami Grand Prix,6,44.664,28.521999999999995
92.326,55.0,HARD,43.0,GAS,Alpine,Miami Grand Prix,6,44.664,28.521999999999995
92.055,56.0,HARD,44.0,GAS,Alpine,Miami Grand Prix,6,44.664,28.521999999999995
92.42,57.0,HARD,45.0,GAS,Alpine,Miami Grand Prix,6,44.664,28.521999999999995
93.521,3.0,MEDIUM,3.0,PER,Red Bull Racing,Miami Grand Prix,6,44.664,28.521999999999995
93.425,4.0,MEDIUM,4.0,PER,Red Bull Racing,Miami Grand Prix,6,44.664,28.521999999999995
93.318,5.0,MEDIUM,5.0,PER,Red Bull Racing,Miami Grand Prix,6,44.664,28.521999999999995
93.198,6.0,MEDIUM,6.0,PER,Red Bull Racing,Miami Grand Prix,6,44.664,28.521999999999995
93.175,7.0,MEDIUM,7.0,PER,Red Bull Racing,Miami Grand Prix,6,44.664,28.521999999999995
93.147,8.0,MEDIUM,8.0,PER,Red Bull Racing,Miami Grand Prix,6,44.664,28.521999999999995
93.49,9.0,MEDIUM,9.0,PER,Red Bull Racing,Miami Grand Prix,6,44.664,28.521999999999995
93.579,10.0,MEDIUM,10.0,PER,Red Bull Racing,Miami Grand Prix,6,44.664,28.521999999999995
93.532,11.0,MEDIUM,11.0,PER,Red Bull Racing,Miami Grand Prix,6,44.664,28.521999999999995
93.755,12.0,MEDIUM,12.0,PER,Red Bull Racing,Miami Grand Prix,6,44.664,28.521999999999995
93.971,13.0,MEDIUM,13.0,PER,Red Bull Racing,Miami Grand Prix,6,44.664,28.521999999999995
93.832,14.0,MEDIUM,14.0,PER,Red Bull Racing,Miami Grand Prix,6,44.664,28.521999999999995
93.337,15.0,MEDIUM,15.0,PER,Red Bull Racing,Miami Grand Prix,6,44.664,28.521999999999995
93.174,16.0,MEDIUM,16.0,PER,Red Bull Racing,Miami Grand Prix,6,44.664,28.521999999999995
98.985,17.0,MEDIUM,17.0,PER,Red Bull Racing,Miami Grand Prix,6,44.664,28.521999999999995
106.549,18.0,HARD,1.0,PER,Red Bull Racing,Miami Grand Prix,6,44.664,28.521999999999995
93.159,19.0,HARD,2.0,PER,Red Bull Racing,Miami Grand Prix,6,44.664,28.521999999999995
93.069,20.0,HARD,3.0,PER,Red Bull Racing,Miami Grand Prix,6,44.664,28.521999999999995
92.753,21.0,HARD,4.0,PER,Red Bull Racing,Miami Grand Prix,6,44.664,28.521999999999995
92.852,22.0,HARD,5.0,PER,Red Bull Racing,Miami Grand Prix,6,44.664,28.521999999999995
107.989,23.0,HARD,6.0,PER,Red Bull Racing,Miami Grand Prix,6,44.664,28.521999999999995
92.386,24.0,HARD,7.0,PER,Red Bull Racing,Miami Grand Prix,6,44.664,28.521999999999995
92.763,25.0,HARD,8.0,PER,Red Bull Racing,Miami Grand Prix,6,44.664,28.521999999999995
92.512,26.0,HARD,9.0,PER,Red Bull Racing,Miami Grand Prix,6,44.664,28.521999999999995
92.161,27.0,HARD,10.0,PER,Red Bull Racing,Miami Grand Prix,6,44.664,28.521999999999995
107.036,28.0,HARD,11.0,PER,Red Bull Racing,Miami Grand Prix,6,44.664,28.521999999999995
120.593,30.0,MEDIUM,7.0,PER,Red Bull Racing,Miami Grand Prix,6,44.664,28.521999999999995
102.695,31.0,MEDIUM,8.0,PER,Red Bull Racing,Miami Grand Prix,6,44.664,28.521999999999995
93.589,33.0,MEDIUM,10.0,PER,Red Bull Racing,Miami Grand Prix,6,44.664,28.521999999999995
92.188,34.0,MEDIUM,11.0,PER,Red Bull Racing,Miami Grand Prix,6,44.664,28.521999999999995
91.589,35.0,MEDIUM,12.0,PER,Red Bull Racing,Miami Grand Prix,6,44.664,28.521999999999995
92.184,36.0,MEDIUM,13.0,PER,Red Bull Racing,Miami Grand Prix,6,44.664,28.521999999999995
92.553,37.0,MEDIUM,14.0,PER,Red Bull Racing,Miami Grand Prix,6,44.664,28.521999999999995
91.664,38.0,MEDIUM,15.0,PER,Red Bull Racing,Miami Grand Prix,6,44.664,28.521999999999995
92.195,39.0,MEDIUM,16.0,PER,Red Bull Racing,Miami Grand Prix,6,44.664,28.521999999999995
92.645,40.0,MEDIUM,17.0,PER,Red Bull Racing,Miami Grand Prix,6,44.664,28.521999999999995
92.137,41.0,MEDIUM,18.0,PER,Red Bull Racing,Miami Grand Prix,6,44.664,28.521999999999995
91.513,42.0,MEDIUM,19.0,PER,Red Bull Racing,Miami Grand Prix,6,44.664,28.521999999999995
91.405,43.0,MEDIUM,20.0,PER,Red Bull Racing,Miami Grand Prix,6,44.664,28.521999999999995
91.509,44.0,MEDIUM,21.0,PER,Red Bull Racing,Miami Grand Prix,6,44.664,28.521999999999995
91.532,45.0,MEDIUM,22.0,PER,Red Bull Racing,Miami Grand Prix,6,44.664,28.521999999999995
91.681,46.0,MEDIUM,23.0,PER,Red Bull Racing,Miami Grand Prix,6,44.664,28.521999999999995
91.369,47.0,MEDIUM,24.0,PER,Red Bull Racing,Miami Grand Prix,6,44.664,28.521999999999995
91.549,48.0,MEDIUM,25.0,PER,Red Bull Racing,Miami Grand Prix,6,44.664,28.521999999999995
91.396,49.0,MEDIUM,26.0,PER,Red Bull Racing,Miami Grand Prix,6,44.664,28.521999999999995
91.735,50.0,MEDIUM,27.0,PER,Red Bull Racing,Miami Grand Prix,6,44.664,28.521999999999995
91.519,51.0,MEDIUM,28.0,PER,Red Bull Racing,Miami Grand Prix,6,44.664,28.521999999999995
91.53,52.0,MEDIUM,29.0,PER,Red Bull Racing,Miami Grand Prix,6,44.664,28.521999999999995
91.316,53.0,MEDIUM,30.0,PER,Red Bull Racing,Miami Grand Prix,6,44.664,28.521999999999995
91.178,54.0,MEDIUM,31.0,PER,Red Bull Racing,Miami Grand Prix,6,44.664,28.521999999999995
90.855,55.0,MEDIUM,32.0,PER,Red Bull Racing,Miami Grand Prix,6,44.664,28.521999999999995
91.294,56.0,MEDIUM,33.0,PER,Red Bull Racing,Miami Grand Prix,6,44.664,28.521999999999995
91.223,57.0,MEDIUM,34.0,PER,Red Bull Racing,Miami Grand Prix,6,44.664,28.521999999999995
94.003,3.0,HARD,4.0,ALO,Aston Martin,Miami Grand Prix,6,44.664,28.521999999999995
94.022,4.0,HARD,5.0,ALO,Aston Martin,Miami Grand Prix,6,44.664,28.521999999999995
94.018,5.0,HARD,6.0,ALO,Aston Martin,Miami Grand Prix,6,44.664,28.521999999999995
94.06,6.0,HARD,7.0,ALO,Aston Martin,Miami Grand Prix,6,44.664,28.521999999999995
94.605,7.0,HARD,8.0,ALO,Aston Martin,Miami Grand Prix,6,44.664,28.521999999999995
93.751,8.0,HARD,9.0,ALO,Aston Martin,Miami Grand Prix,6,44.664,28.521999999999995
94.006,9.0,HARD,10.0,ALO,Aston Martin,Miami Grand Prix,6,44.664,28.521999999999995
94.619,10.0,HARD,11.0,ALO,Aston Martin,Miami Grand Prix,6,44.664,28.521999999999995
95.199,11.0,HARD,12.0,ALO,Aston Martin,Miami Grand Prix,6,44.664,28.521999999999995
95.193,12.0,HARD,13.0,ALO,Aston Martin,Miami Grand Prix,6,44.664,28.521999999999995
94.657,13.0,HARD,14.0,ALO,Aston Martin,Miami Grand Prix,6,44.664,28.521999999999995
94.618,14.0,HARD,15.0,ALO,Aston Martin,Miami Grand Prix,6,44.664,28.521999999999995
94.35,15.0,HARD,16.0,ALO,Aston Martin,Miami Grand Prix,6,44.664,28.521999999999995
94.208,16.0,HARD,17.0,ALO,Aston Martin,Miami Grand Prix,6,44.664,28.521999999999995
94.26,17.0,HARD,18.0,ALO,Aston Martin,Miami Grand Prix,6,44.664,28.521999999999995
94.157,18.0,HARD,19.0,ALO,Aston Martin,Miami Grand Prix,6,44.664,28.521999999999995
94.049,19.0,HARD,20.0,ALO,Aston Martin,Miami Grand Prix,6,44.664,28.521999999999995
94.23,20.0,HARD,21.0,ALO,Aston Martin,Miami Grand Prix,6,44.664,28.521999999999995
94.258,21.0,HARD,22.0,ALO,Aston Martin,Miami Grand Prix,6,44.664,28.521999999999995
102.401,22.0,HARD,23.0,ALO,Aston Martin,Miami Grand Prix,6,44.664,28.521999999999995
109.315,23.0,MEDIUM,2.0,ALO,Aston Martin,Miami Grand Prix,6,44.664,28.521999999999995
93.447,24.0,MEDIUM,3.0,ALO,Aston Martin,Miami Grand Prix,6,44.664,28.521999999999995
93.648,25.0,MEDIUM,4.0,ALO,Aston Martin,Miami Grand Prix,6,44.664,28.521999999999995
93.462,26.0,MEDIUM,5.0,ALO,Aston Martin,Miami Grand Prix,6,44.664,28.521999999999995
93.183,27.0,MEDIUM,6.0,ALO,Aston Martin,Miami Grand Prix,6,44.664,28.521999999999995
110.113,28.0,MEDIUM,7.0,ALO,Aston Martin,Miami Grand Prix,6,44.664,28.521999999999995
128.086,29.0,MEDIUM,8.0,ALO,Aston Martin,Miami Grand Prix,6,44.664,28.521999999999995
118.134,30.0,MEDIUM,9.0,ALO,Aston Martin,Miami Grand Prix,6,44.664,28.521999999999995
109.088,31.0,MEDIUM,10.0,ALO,Aston Martin,Miami Grand Prix,6,44.664,28.521999999999995
94.9,33.0,MEDIUM,12.0,ALO,Aston Martin,Miami Grand Prix,6,44.664,28.521999999999995
93.068,34.0,MEDIUM,13.0,ALO,Aston Martin,Miami Grand Prix,6,44.664,28.521999999999995
92.671,35.0,MEDIUM,14.0,ALO,Aston Martin,Miami Grand Prix,6,44.664,28.521999999999995
92.311,36.0,MEDIUM,15.0,ALO,Aston Martin,Miami Grand Prix,6,44.664,28.521999999999995
92.406,37.0,MEDIUM,16.0,ALO,Aston Martin,Miami Grand Prix,6,44.664,28.521999999999995
92.221,38.0,MEDIUM,17.0,ALO,Aston Martin,Miami Grand Prix,6,44.664,28.521999999999995
92.66,39.0,MEDIUM,18.0,ALO,Aston Martin,Miami Grand Prix,6,44.664,28.521999999999995
92.482,40.0,MEDIUM,19.0,ALO,Aston Martin,Miami Grand Prix,6,44.664,28.521999999999995
92.867,41.0,MEDIUM,20.0,ALO,Aston Martin,Miami Grand Prix,6,44.664,28.521999999999995
92.18,42.0,MEDIUM,21.0,ALO,Aston Martin,Miami Grand Prix,6,44.664,28.521999999999995
92.229,43.0,MEDIUM,22.0,ALO,Aston Martin,Miami Grand Prix,6,44.664,28.521999999999995
92.264,44.0,MEDIUM,23.0,ALO,Aston Martin,Miami Grand Prix,6,44.664,28.521999999999995
93.052,45.0,MEDIUM,24.0,ALO,Aston Martin,Miami Grand Prix,6,44.664,28.521999999999995
93.592,46.0,MEDIUM,25.0,ALO,Aston Martin,Miami Grand Prix,6,44.664,28.521999999999995
93.12,47.0,MEDIUM,26.0,ALO,Aston Martin,Miami Grand Prix,6,44.664,28.521999999999995
93.044,48.0,MEDIUM,27.0,ALO,Aston Martin,Miami Grand Prix,6,44.664,28.521999999999995
92.303,49.0,MEDIUM,28.0,ALO,Aston Martin,Miami Grand Prix,6,44.664,28.521999999999995
92.07,50.0,MEDIUM,29.0,ALO,Aston Martin,Miami Grand Prix,6,44.664,28.521999999999995
91.997,51.0,MEDIUM,30.0,ALO,Aston Martin,Miami Grand Prix,6,44.664,28.521999999999995
91.885,52.0,MEDIUM,31.0,ALO,Aston Martin,Miami Grand Prix,6,44.664,28.521999999999995
92.157,53.0,MEDIUM,32.0,ALO,Aston Martin,Miami Grand Prix,6,44.664,28.521999999999995
91.733,54.0,MEDIUM,33.0,ALO,Aston Martin,Miami Grand Prix,6,44.664,28.521999999999995
91.727,55.0,MEDIUM,34.0,ALO,Aston Martin,Miami Grand Prix,6,44.664,28.521999999999995
92.131,56.0,MEDIUM,35.0,ALO,Aston Martin,Miami Grand Prix,6,44.664,28.521999999999995
92.536,57.0,MEDIUM,36.0,ALO,Aston Martin,Miami Grand Prix,6,44.664,28.521999999999995
93.31,3.0,MEDIUM,3.0,LEC,Ferrari,Miami Grand Prix,6,44.664,28.521999999999995
93.774,4.0,MEDIUM,4.0,LEC,Ferrari,Miami Grand Prix,6,44.664,28.521999999999995
93.809,5.0,MEDIUM,5.0,LEC,Ferrari,Miami Grand Prix,6,44.664,28.521999999999995
92.94,6.0,MEDIUM,6.0,LEC,Ferrari,Miami Grand Prix,6,44.664,28.521999999999995
93.278,7.0,MEDIUM,7.0,LEC,Ferrari,Miami Grand Prix,6,44.664,28.521999999999995
93.113,8.0,MEDIUM,8.0,LEC,Ferrari,Miami Grand Prix,6,44.664,28.521999999999995
93.152,9.0,MEDIUM,9.0,LEC,Ferrari,Miami Grand Prix,6,44.664,28.521999999999995
93.478,10.0,MEDIUM,10.0,LEC,Ferrari,Miami Grand Prix,6,44.664,28.521999999999995
93.171,11.0,MEDIUM,11.0,LEC,Ferrari,Miami Grand Prix,6,44.664,28.521999999999995
93.123,12.0,MEDIUM,12.0,LEC,Ferrari,Miami Grand Prix,6,44.664,28.521999999999995
93.327,13.0,MEDIUM,13.0,LEC,Ferrari,Miami Grand Prix,6,44.664,28.521999999999995
92.965,14.0,MEDIUM,14.0,LEC,Ferrari,Miami Grand Prix,6,44.664,28.521999999999995
92.689,15.0,MEDIUM,15.0,LEC,Ferrari,Miami Grand Prix,6,44.664,28.521999999999995
93.026,16.0,MEDIUM,16.0,LEC,Ferrari,Miami Grand Prix,6,44.664,28.521999999999995
93.068,17.0,MEDIUM,17.0,LEC,Ferrari,Miami Grand Prix,6,44.664,28.521999999999995
92.829,18.0,MEDIUM,18.0,LEC,Ferrari,Miami Grand Prix,6,44.664,28.521999999999995
98.239,19.0,MEDIUM,19.0,LEC,Ferrari,Miami Grand Prix,6,44.664,28.521999999999995
106.412,20.0,HARD,1.0,LEC,Ferrari,Miami Grand Prix,6,44.664,28.521999999999995
92.113,21.0,HARD,2.0,LEC,Ferrari,Miami Grand Prix,6,44.664,28.521999999999995
92.641,22.0,HARD,3.0,LEC,Ferrari,Miami Grand Prix,6,44.664,28.521999999999995
107.724,23.0,HARD,4.0,LEC,Ferrari,Miami Grand Prix,6,44.664,28.521999999999995
92.395,24.0,HARD,5.0,LEC,Ferrari,Miami Grand Prix,6,44.664,28.521999999999995
92.279,25.0,HARD,6.0,LEC,Ferrari,Miami Grand Prix,6,44.664,28.521999999999995
92.392,26.0,HARD,7.0,LEC,Ferrari,Miami Grand Prix,6,44.664,28.521999999999995
92.057,27.0,HARD,8.0,LEC,Ferrari,Miami Grand Prix,6,44.664,28.521999999999995
98.903,28.0,HARD,9.0,LEC,Ferrari,Miami Grand Prix,6,44.664,28.521999999999995
125.271,30.0,HARD,11.0,LEC,Ferrari,Miami Grand Prix,6,44.664,28.521999999999995
102.14,31.0,HARD,12.0,LEC,Ferrari,Miami Grand Prix,6,44.664,28.521999999999995
92.787,33.0,HARD,14.0,LEC,Ferrari,Miami Grand Prix,6,44.664,28.521999999999995
91.499,34.0,HARD,15.0,LEC,Ferrari,Miami Grand Prix,6,44.664,28.521999999999995
91.449,35.0,HARD,16.0,LEC,Ferrari,Miami Grand Prix,6,44.664,28.521999999999995
91.864,36.0,HARD,17.0,LEC,Ferrari,Miami Grand Prix,6,44.664,28.521999999999995
91.841,37.0,HARD,18.0,LEC,Ferrari,Miami Grand Prix,6,44.664,28.521999999999995
91.753,38.0,HARD,19.0,LEC,Ferrari,Miami Grand Prix,6,44.664,28.521999999999995
91.561,39.0,HARD,20.0,LEC,Ferrari,Miami Grand Prix,6,44.664,28.521999999999995
91.652,40.0,HARD,21.0,LEC,Ferrari,Miami Grand Prix,6,44.664,28.521999999999995
91.346,41.0,HARD,22.0,LEC,Ferrari,Miami Grand Prix,6,44.664,28.521999999999995
91.5,42.0,HARD,23.0,LEC,Ferrari,Miami Grand Prix,6,44.664,28.521999999999995
91.632,43.0,HARD,24.0,LEC,Ferrari,Miami Grand Prix,6,44.664,28.521999999999995
91.554,44.0,HARD,25.0,LEC,Ferrari,Miami Grand Prix,6,44.664,28.521999999999995
91.378,45.0,HARD,26.0,LEC,Ferrari,Miami Grand Prix,6,44.664,28.521999999999995
91.537,46.0,HARD,27.0,LEC,Ferrari,Miami Grand Prix,6,44.664,28.521999999999995
91.627,47.0,HARD,28.0,LEC,Ferrari,Miami Grand Prix,6,44.664,28.521999999999995
91.227,48.0,HARD,29.0,LEC,Ferrari,Miami Grand Prix,6,44.664,28.521999999999995
91.318,49.0,HARD,30.0,LEC,Ferrari,Miami Grand Prix,6,44.664,28.521999999999995
91.936,50.0,HARD,31.0,LEC,Ferrari,Miami Grand Prix,6,44.664,28.521999999999995
91.223,51.0,HARD,32.0,LEC,Ferrari,Miami Grand Prix,6,44.664,28.521999999999995
91.779,52.0,HARD,33.0,LEC,Ferrari,Miami Grand Prix,6,44.664,28.521999999999995
91.455,53.0,HARD,34.0,LEC,Ferrari,Miami Grand Prix,6,44.664,28.521999999999995
91.592,54.0,HARD,35.0,LEC,Ferrari,Miami Grand Prix,6,44.664,28.521999999999995
91.281,55.0,HARD,36.0,LEC,Ferrari,Miami Grand Prix,6,44.664,28.521999999999995
91.084,56.0,HARD,37.0,LEC,Ferrari,Miami Grand Prix,6,44.664,28.521999999999995
91.629,57.0,HARD,38.0,LEC,Ferrari,Miami Grand Prix,6,44.664,28.521999999999995
94.214,3.0,MEDIUM,4.0,STR,Aston Martin,Miami Grand Prix,6,44.664,28.521999999999995
94.066,4.0,MEDIUM,5.0,STR,Aston Martin,Miami Grand Prix,6,44.664,28.521999999999995
94.506,5.0,MEDIUM,6.0,STR,Aston Martin,Miami Grand Prix,6,44.664,28.521999999999995
93.917,6.0,MEDIUM,7.0,STR,Aston Martin,Miami Grand Prix,6,44.664,28.521999999999995
94.064,7.0,MEDIUM,8.0,STR,Aston Martin,Miami Grand Prix,6,44.664,28.521999999999995
93.768,8.0,MEDIUM,9.0,STR,Aston Martin,Miami Grand Prix,6,44.664,28.521999999999995
94.1,9.0,MEDIUM,10.0,STR,Aston Martin,Miami Grand Prix,6,44.664,28.521999999999995
94.518,10.0,MEDIUM,11.0,STR,Aston Martin,Miami Grand Prix,6,44.664,28.521999999999995
100.203,11.0,MEDIUM,12.0,STR,Aston Martin,Miami Grand Prix,6,44.664,28.521999999999995
110.133,12.0,HARD,2.0,STR,Aston Martin,Miami Grand Prix,6,44.664,28.521999999999995
93.936,13.0,HARD,3.0,STR,Aston Martin,Miami Grand Prix,6,44.664,28.521999999999995
93.362,14.0,HARD,4.0,STR,Aston Martin,Miami Grand Prix,6,44.664,28.521999999999995
93.479,15.0,HARD,5.0,STR,Aston Martin,Miami Grand Prix,6,44.664,28.521999999999995
93.858,16.0,HARD,6.0,STR,Aston Martin,Miami Grand Prix,6,44.664,28.521999999999995
93.473,17.0,HARD,7.0,STR,Aston Martin,Miami Grand Prix,6,44.664,28.521999999999995
93.861,18.0,HARD,8.0,STR,Aston Martin,Miami Grand Prix,6,44.664,28.521999999999995
93.635,19.0,HARD,9.0,STR,Aston Martin,Miami Grand Prix,6,44.664,28.521999999999995
93.816,20.0,HARD,10.0,STR,Aston Martin,Miami Grand Prix,6,44.664,28.521999999999995
93.727,21.0,HARD,11.0,STR,Aston Martin,Miami Grand Prix,6,44.664,28.521999999999995
102.867,22.0,HARD,12.0,STR,Aston Martin,Miami Grand Prix,6,44.664,28.521999999999995
99.557,23.0,HARD,13.0,STR,Aston Martin,Miami Grand Prix,6,44.664,28.521999999999995
93.838,24.0,HARD,14.0,STR,Aston Martin,Miami Grand Prix,6,44.664,28.521999999999995
93.711,25.0,HARD,15.0,STR,Aston Martin,Miami Grand Prix,6,44.664,28.521999999999995
93.698,26.0,HARD,16.0,STR,Aston Martin,Miami Grand Prix,6,44.664,28.521999999999995
93.861,27.0,HARD,17.0,STR,Aston Martin,Miami Grand Prix,6,44.664,28.521999999999995
116.594,28.0,HARD,18.0,STR,Aston Martin,Miami Grand Prix,6,44.664,28.521999999999995
107.776,30.0,MEDIUM,2.0,STR,Aston Martin,Miami Grand Prix,6,44.664,28.521999999999995
111.157,31.0,MEDIUM,3.0,STR,Aston Martin,Miami Grand Prix,6,44.664,28.521999999999995
124.501,32.0,MEDIUM,4.0,STR,Aston Martin,Miami Grand Prix,6,44.664,28.521999999999995
93.033,33.0,MEDIUM,5.0,STR,Aston Martin,Miami Grand Prix,6,44.664,28.521999999999995
93.559,34.0,MEDIUM,6.0,STR,Aston Martin,Miami Grand Prix,6,44.664,28.521999999999995
92.95,35.0,MEDIUM,7.0,STR,Aston Martin,Miami Grand Prix,6,44.664,28.521999999999995
93.354,36.0,MEDIUM,8.0,STR,Aston Martin,Miami Grand Prix,6,44.664,28.521999999999995
93.145,37.0,MEDIUM,9.0,STR,Aston Martin,Miami Grand Prix,6,44.664,28.521999999999995
92.789,38.0,MEDIUM,10.0,STR,Aston Martin,Miami Grand Prix,6,44.664,28.521999999999995
92.919,39.0,MEDIUM,11.0,STR,Aston Martin,Miami Grand Prix,6,44.664,28.521999999999995
94.389,40.0,MEDIUM,12.0,STR,Aston Martin,Miami Grand Prix,6,44.664,28.521999999999995
92.16,41.0,MEDIUM,13.0,STR,Aston Martin,Miami Grand Prix,6,44.664,28.521999999999995
92.584,42.0,MEDIUM,14.0,STR,Aston Martin,Miami Grand Prix,6,44.664,28.521999999999995
92.958,43.0,MEDIUM,15.0,STR,Aston Martin,Miami Grand Prix,6,44.664,28.521999999999995
92.524,44.0,MEDIUM,16.0,STR,Aston Martin,Miami Grand Prix,6,44.664,28.521999999999995
92.836,45.0,MEDIUM,17.0,STR,Aston Martin,Miami Grand Prix,6,44.664,28.521999999999995
92.451,46.0,MEDIUM,18.0,STR,Aston Martin,Miami Grand Prix,6,44.664,28.521999999999995
92.442,47.0,MEDIUM,19.0,STR,Aston Martin,Miami Grand Prix,6,44.664,28.521999999999995
92.935,48.0,MEDIUM,20.0,STR,Aston Martin,Miami Grand Prix,6,44.664,28.521999999999995
92.342,49.0,MEDIUM,21.0,STR,Aston Martin,Miami Grand Prix,6,44.664,28.521999999999995
91.991,50.0,MEDIUM,22.0,STR,Aston Martin,Miami Grand Prix,6,44.664,28.521999999999995
93.951,51.0,MEDIUM,23.0,STR,Aston Martin,Miami Grand Prix,6,44.664,28.521999999999995
93.206,52.0,MEDIUM,24.0,STR,Aston Martin,Miami Grand Prix,6,44.664,28.521999999999995
91.973,53.0,MEDIUM,25.0,STR,Aston Martin,Miami Grand Prix,6,44.664,28.521999999999995
91.742,54.0,MEDIUM,26.0,STR,Aston Martin,Miami Grand Prix,6,44.664,28.521999999999995
91.632,55.0,MEDIUM,27.0,STR,Aston Martin,Miami Grand Prix,6,44.664,28.521999999999995
91.593,56.0,MEDIUM,28.0,STR,Aston Martin,Miami Grand Prix,6,44.664,28.521999999999995
91.588,57.0,MEDIUM,29.0,STR,Aston Martin,Miami Grand Prix,6,44.664,28.521999999999995
94.646,3.0,MEDIUM,3.0,SAR,Williams,Miami Grand Prix,6,44.664,28.521999999999995
94.303,4.0,MEDIUM,4.0,SAR,Williams,Miami Grand Prix,6,44.664,28.521999999999995
93.833,5.0,MEDIUM,5.0,SAR,Williams,Miami Grand Prix,6,44.664,28.521999999999995
94.465,6.0,MEDIUM,6.0,SAR,Williams,Miami Grand Prix,6,44.664,28.521999999999995
94.641,7.0,MEDIUM,7.0,SAR,Williams,Miami Grand Prix,6,44.664,28.521999999999995
94.474,8.0,MEDIUM,8.0,SAR,Williams,Miami Grand Prix,6,44.664,28.521999999999995
94.275,9.0,MEDIUM,9.0,SAR,Williams,Miami Grand Prix,6,44.664,28.521999999999995
94.582,10.0,MEDIUM,10.0,SAR,Williams,Miami Grand Prix,6,44.664,28.521999999999995
99.392,11.0,MEDIUM,11.0,SAR,Williams,Miami Grand Prix,6,44.664,28.521999999999995
108.848,12.0,HARD,1.0,SAR,Williams,Miami Grand Prix,6,44.664,28.521999999999995
93.706,13.0,HARD,2.0,SAR,Williams,Miami Grand Prix,6,44.664,28.521999999999995
93.692,14.0,HARD,3.0,SAR,Williams,Miami Grand Prix,6,44.664,28.521999999999995
93.452,15.0,HARD,4.0,SAR,Williams,Miami Grand Prix,6,44.664,28.521999999999995
94.022,16.0,HARD,5.0,SAR,Williams,Miami Grand Prix,6,44.664,28.521999999999995
93.717,17.0,HARD,6.0,SAR,Williams,Miami Grand Prix,6,44.664,28.521999999999995
93.68,18.0,HARD,7.0,SAR,Williams,Miami Grand Prix,6,44.664,28.521999999999995
93.542,19.0,HARD,8.0,SAR,Williams,Miami Grand Prix,6,44.664,28.521999999999995
93.715,20.0,HARD,9.0,SAR,Williams,Miami Grand Prix,6,44.664,28.521999999999995
93.805,21.0,HARD,10.0,SAR,Williams,Miami Grand Prix,6,44.664,28.521999999999995
103.592,22.0,HARD,11.0,SAR,Williams,Miami Grand Prix,6,44.664,28.521999999999995
98.214,23.0,HARD,12.0,SAR,Williams,Miami Grand Prix,6,44.664,28.521999999999995
93.685,24.0,HARD,13.0,SAR,Williams,Miami Grand Prix,6,44.664,28.521999999999995
93.802,25.0,HARD,14.0,SAR,Williams,Miami Grand Prix,6,44.664,28.521999999999995
94.215,26.0,HARD,15.0,SAR,Williams,Miami Grand Prix,6,44.664,28.521999999999995
93.555,27.0,HARD,16.0,SAR,Williams,Miami Grand Prix,6,44.664,28.521999999999995
95.28,3.0,HARD,3.0,MAG,Haas F1 Team,Miami Grand Prix,6,44.664,28.521999999999995
94.46,4.0,HARD,4.0,MAG,Haas F1 Team,Miami Grand Prix,6,44.664,28.521999999999995
94.221,5.0,HARD,5.0,MAG,Haas F1 Team,Miami Grand Prix,6,44.664,28.521999999999995
93.856,6.0,HARD,6.0,MAG,Haas F1 Team,Miami Grand Prix,6,44.664,28.521999999999995
94.666,7.0,HARD,7.0,MAG,Haas F1 Team,Miami Grand Prix,6,44.664,28.521999999999995
95.192,8.0,HARD,8.0,MAG,Haas F1 Team,Miami Grand Prix,6,44.664,28.521999999999995
94.577,9.0,HARD,9.0,MAG,Haas F1 Team,Miami Grand Prix,6,44.664,28.521999999999995
95.118,10.0,HARD,10.0,MAG,Haas F1 Team,Miami Grand Prix,6,44.664,28.521999999999995
95.152,11.0,HARD,11.0,MAG,Haas F1 Team,Miami Grand Prix,6,44.664,28.521999999999995
94.613,12.0,HARD,12.0,MAG,Haas F1 Team,Miami Grand Prix,6,44.664,28.521999999999995
94.605,13.0,HARD,13.0,MAG,Haas F1 Team,Miami Grand Prix,6,44.664,28.521999999999995
94.218,14.0,HARD,14.0,MAG,Haas F1 Team,Miami Grand Prix,6,44.664,28.521999999999995
93.895,15.0,HARD,15.0,MAG,Haas F1 Team,Miami Grand Prix,6,44.664,28.521999999999995
94.125,16.0,HARD,16.0,MAG,Haas F1 Team,Miami Grand Prix,6,44.664,28.521999999999995
94.14,17.0,HARD,17.0,MAG,Haas F1 Team,Miami Grand Prix,6,44.664,28.521999999999995
94.036,18.0,HARD,18.0,MAG,Haas F1 Team,Miami Grand Prix,6,44.664,28.521999999999995
94.127,19.0,HARD,19.0,MAG,Haas F1 Team,Miami Grand Prix,6,44.664,28.521999999999995
94.121,20.0,HARD,20.0,MAG,Haas F1 Team,Miami Grand Prix,6,44.664,28.521999999999995
94.118,21.0,HARD,21.0,MAG,Haas F1 Team,Miami Grand Prix,6,44.664,28.521999999999995
104.467,22.0,HARD,22.0,MAG,Haas F1 Team,Miami Grand Prix,6,44.664,28.521999999999995
108.784,23.0,MEDIUM,1.0,MAG,Haas F1 Team,Miami Grand Prix,6,44.664,28.521999999999995
93.148,24.0,MEDIUM,2.0,MAG,Haas F1 Team,Miami Grand Prix,6,44.664,28.521999999999995
93.181,25.0,MEDIUM,3.0,MAG,Haas F1 Team,Miami Grand Prix,6,44.664,28.521999999999995
94.371,26.0,MEDIUM,4.0,MAG,Haas F1 Team,Miami Grand Prix,6,44.664,28.521999999999995
93.379,27.0,MEDIUM,5.0,MAG,Haas F1 Team,Miami Grand Prix,6,44.664,28.521999999999995
103.269,30.0,MEDIUM,2.0,MAG,Haas F1 Team,Miami Grand Prix,6,44.664,28.521999999999995
100.373,31.0,MEDIUM,3.0,MAG,Haas F1 Team,Miami Grand Prix,6,44.664,28.521999999999995
115.086,32.0,MEDIUM,4.0,MAG,Haas F1 Team,Miami Grand Prix,6,44.664,28.521999999999995
91.774,33.0,MEDIUM,5.0,MAG,Haas F1 Team,Miami Grand Prix,6,44.664,28.521999999999995
92.23,34.0,MEDIUM,6.0,MAG,Haas F1 Team,Miami Grand Prix,6,44.664,28.521999999999995
91.993,35.0,MEDIUM,7.0,MAG,Haas F1 Team,Miami Grand Prix,6,44.664,28.521999999999995
92.206,36.0,MEDIUM,8.0,MAG,Haas F1 Team,Miami Grand Prix,6,44.664,28.521999999999995
91.985,37.0,MEDIUM,9.0,MAG,Haas F1 Team,Miami Grand Prix,6,44.664,28.521999999999995
92.074,38.0,MEDIUM,10.0,MAG,Haas F1 Team,Miami Grand Prix,6,44.664,28.521999999999995
92.318,39.0,MEDIUM,11.0,MAG,Haas F1 Team,Miami Grand Prix,6,44.664,28.521999999999995
92.462,40.0,MEDIUM,12.0,MAG,Haas F1 Team,Miami Grand Prix,6,44.664,28.521999999999995
92.336,41.0,MEDIUM,13.0,MAG,Haas F1 Team,Miami Grand Prix,6,44.664,28.521999999999995
92.3,42.0,MEDIUM,14.0,MAG,Haas F1 Team,Miami Grand Prix,6,44.664,28.521999999999995
92.087,43.0,MEDIUM,15.0,MAG,Haas F1 Team,Miami Grand Prix,6,44.664,28.521999999999995
92.287,44.0,MEDIUM,16.0,MAG,Haas F1 Team,Miami Grand Prix,6,44.664,28.521999999999995
92.279,45.0,MEDIUM,17.0,MAG,Haas F1 Team,Miami Grand Prix,6,44.664,28.521999999999995
93.068,46.0,MEDIUM,18.0,MAG,Haas F1 Team,Miami Grand Prix,6,44.664,28.521999999999995
92.989,47.0,MEDIUM,19.0,MAG,Haas F1 Team,Miami Grand Prix,6,44.664,28.521999999999995
92.384,48.0,MEDIUM,20.0,MAG,Haas F1 Team,Miami Grand Prix,6,44.664,28.521999999999995
92.344,49.0,MEDIUM,21.0,MAG,Haas F1 Team,Miami Grand Prix,6,44.664,28.521999999999995
92.395,50.0,MEDIUM,22.0,MAG,Haas F1 Team,Miami Grand Prix,6,44.664,28.521999999999995
92.433,51.0,MEDIUM,23.0,MAG,Haas F1 Team,Miami Grand Prix,6,44.664,28.521999999999995
93.125,52.0,MEDIUM,24.0,MAG,Haas F1 Team,Miami Grand Prix,6,44.664,28.521999999999995
92.704,53.0,MEDIUM,25.0,MAG,Haas F1 Team,Miami Grand Prix,6,44.664,28.521999999999995
92.755,54.0,MEDIUM,26.0,MAG,Haas F1 Team,Miami Grand Prix,6,44.664,28.521999999999995
92.36,55.0,MEDIUM,27.0,MAG,Haas F1 Team,Miami Grand Prix,6,44.664,28.521999999999995
92.781,56.0,MEDIUM,28.0,MAG,Haas F1 Team,Miami Grand Prix,6,44.664,28.521999999999995
93.134,57.0,MEDIUM,29.0,MAG,Haas F1 Team,Miami Grand Prix,6,44.664,28.521999999999995
94.277,3.0,MEDIUM,3.0,TSU,RB,Miami Grand Prix,6,44.664,28.521999999999995
93.892,4.0,MEDIUM,4.0,TSU,RB,Miami Grand Prix,6,44.664,28.521999999999995
95.267,5.0,MEDIUM,5.0,TSU,RB,Miami Grand Prix,6,44.664,28.521999999999995
93.902,6.0,MEDIUM,6.0,TSU,RB,Miami Grand Prix,6,44.664,28.521999999999995
93.682,7.0,MEDIUM,7.0,TSU,RB,Miami Grand Prix,6,44.664,28.521999999999995
94.022,8.0,MEDIUM,8.0,TSU,RB,Miami Grand Prix,6,44.664,28.521999999999995
94.117,9.0,MEDIUM,9.0,TSU,RB,Miami Grand Prix,6,44.664,28.521999999999995
94.916,10.0,MEDIUM,10.0,TSU,RB,Miami Grand Prix,6,44.664,28.521999999999995
94.816,11.0,MEDIUM,11.0,TSU,RB,Miami Grand Prix,6,44.664,28.521999999999995
94.631,12.0,MEDIUM,12.0,TSU,RB,Miami Grand Prix,6,44.664,28.521999999999995
94.689,13.0,MEDIUM,13.0,TSU,RB,Miami Grand Prix,6,44.664,28.521999999999995
93.975,14.0,MEDIUM,14.0,TSU,RB,Miami Grand Prix,6,44.664,28.521999999999995
93.337,15.0,MEDIUM,15.0,TSU,RB,Miami Grand Prix,6,44.664,28.521999999999995
93.683,16.0,MEDIUM,16.0,TSU,RB,Miami Grand Prix,6,44.664,28.521999999999995
93.936,17.0,MEDIUM,17.0,TSU,RB,Miami Grand Prix,6,44.664,28.521999999999995
93.745,18.0,MEDIUM,18.0,TSU,RB,Miami Grand Prix,6,44.664,28.521999999999995
93.382,19.0,MEDIUM,19.0,TSU,RB,Miami Grand Prix,6,44.664,28.521999999999995
93.447,20.0,MEDIUM,20.0,TSU,RB,Miami Grand Prix,6,44.664,28.521999999999995
93.711,21.0,MEDIUM,21.0,TSU,RB,Miami Grand Prix,6,44.664,28.521999999999995
93.715,22.0,MEDIUM,22.0,TSU,RB,Miami Grand Prix,6,44.664,28.521999999999995
107.822,23.0,MEDIUM,23.0,TSU,RB,Miami Grand Prix,6,44.664,28.521999999999995
94.405,24.0,MEDIUM,24.0,TSU,RB,Miami Grand Prix,6,44.664,28.521999999999995
93.277,25.0,MEDIUM,25.0,TSU,RB,Miami Grand Prix,6,44.664,28.521999999999995
93.08,26.0,MEDIUM,26.0,TSU,RB,Miami Grand Prix,6,44.664,28.521999999999995
93.109,27.0,MEDIUM,27.0,TSU,RB,Miami Grand Prix,6,44.664,28.521999999999995
107.67,28.0,MEDIUM,28.0,TSU,RB,Miami Grand Prix,6,44.664,28.521999999999995
121.366,30.0,HARD,2.0,TSU,RB,Miami Grand Prix,6,44.664,28.521999999999995
102.763,31.0,HARD,3.0,TSU,RB,Miami Grand Prix,6,44.664,28.521999999999995
94.127,33.0,HARD,5.0,TSU,RB,Miami Grand Prix,6,44.664,28.521999999999995
93.232,34.0,HARD,6.0,TSU,RB,Miami Grand Prix,6,44.664,28.521999999999995
92.318,35.0,HARD,7.0,TSU,RB,Miami Grand Prix,6,44.664,28.521999999999995
92.388,36.0,HARD,8.0,TSU,RB,Miami Grand Prix,6,44.664,28.521999999999995
91.906,37.0,HARD,9.0,TSU,RB,Miami Grand Prix,6,44.664,28.521999999999995
91.724,38.0,HARD,10.0,TSU,RB,Miami Grand Prix,6,44.664,28.521999999999995
92.204,39.0,HARD,11.0,TSU,RB,Miami Grand Prix,6,44.664,28.521999999999995
92.798,40.0,HARD,12.0,TSU,RB,Miami Grand Prix,6,44.664,28.521999999999995
92.177,41.0,HARD,13.0,TSU,RB,Miami Grand Prix,6,44.664,28.521999999999995
91.943,42.0,HARD,14.0,TSU,RB,Miami Grand Prix,6,44.664,28.521999999999995
91.909,43.0,HARD,15.0,TSU,RB,Miami Grand Prix,6,44.664,28.521999999999995
91.915,44.0,HARD,16.0,TSU,RB,Miami Grand Prix,6,44.664,28.521999999999995
92.077,45.0,HARD,17.0,TSU,RB,Miami Grand Prix,6,44.664,28.521999999999995
92.025,46.0,HARD,18.0,TSU,RB,Miami Grand Prix,6,44.664,28.521999999999995
92.006,47.0,HARD,19.0,TSU,RB,Miami Grand Prix,6,44.664,28.521999999999995
92.01,48.0,HARD,20.0,TSU,RB,Miami Grand Prix,6,44.664,28.521999999999995
92.164,49.0,HARD,21.0,TSU,RB,Miami Grand Prix,6,44.664,28.521999999999995
91.952,50.0,HARD,22.0,TSU,RB,Miami Grand Prix,6,44.664,28.521999999999995
92.07,51.0,HARD,23.0,TSU,RB,Miami Grand Prix,6,44.664,28.521999999999995
92.023,52.0,HARD,24.0,TSU,RB,Miami Grand Prix,6,44.664,28.521999999999995
91.955,53.0,HARD,25.0,TSU,RB,Miami Grand Prix,6,44.664,28.521999999999995
91.893,54.0,HARD,26.0,TSU,RB,Miami Grand Prix,6,44.664,28.521999999999995
91.682,55.0,HARD,27.0,TSU,RB,Miami Grand Prix,6,44.664,28.521999999999995
91.822,56.0,HARD,28.0,TSU,RB,Miami Grand Prix,6,44.664,28.521999999999995
91.957,57.0,HARD,29.0,TSU,RB,Miami Grand Prix,6,44.664,28.521999999999995
94.309,3.0,MEDIUM,3.0,ALB,Williams,Miami Grand Prix,6,44.664,28.521999999999995
93.889,4.0,MEDIUM,4.0,ALB,Williams,Miami Grand Prix,6,44.664,28.521999999999995
94.174,5.0,MEDIUM,5.0,ALB,Williams,Miami Grand Prix,6,44.664,28.521999999999995
94.26,6.0,MEDIUM,6.0,ALB,Williams,Miami Grand Prix,6,44.664,28.521999999999995
94.475,7.0,MEDIUM,7.0,ALB,Williams,Miami Grand Prix,6,44.664,28.521999999999995
93.981,8.0,MEDIUM,8.0,ALB,Williams,Miami Grand Prix,6,44.664,28.521999999999995
94.249,9.0,MEDIUM,9.0,ALB,Williams,Miami Grand Prix,6,44.664,28.521999999999995
99.601,10.0,MEDIUM,10.0,ALB,Williams,Miami Grand Prix,6,44.664,28.521999999999995
107.913,11.0,HARD,1.0,ALB,Williams,Miami Grand Prix,6,44.664,28.521999999999995
94.419,12.0,HARD,2.0,ALB,Williams,Miami Grand Prix,6,44.664,28.521999999999995
94.49,13.0,HARD,3.0,ALB,Williams,Miami Grand Prix,6,44.664,28.521999999999995
93.929,14.0,HARD,4.0,ALB,Williams,Miami Grand Prix,6,44.664,28.521999999999995
93.447,15.0,HARD,5.0,ALB,Williams,Miami Grand Prix,6,44.664,28.521999999999995
94.178,16.0,HARD,6.0,ALB,Williams,Miami Grand Prix,6,44.664,28.521999999999995
93.683,17.0,HARD,7.0,ALB,Williams,Miami Grand Prix,6,44.664,28.521999999999995
93.692,18.0,HARD,8.0,ALB,Williams,Miami Grand Prix,6,44.664,28.521999999999995
93.671,19.0,HARD,9.0,ALB,Williams,Miami Grand Prix,6,44.664,28.521999999999995
93.584,20.0,HARD,10.0,ALB,Williams,Miami Grand Prix,6,44.664,28.521999999999995
93.607,21.0,HARD,11.0,ALB,Williams,Miami Grand Prix,6,44.664,28.521999999999995
103.665,22.0,HARD,12.0,ALB,Williams,Miami Grand Prix,6,44.664,28.521999999999995
98.596,23.0,HARD,13.0,ALB,Williams,Miami Grand Prix,6,44.664,28.521999999999995
93.96,24.0,HARD,14.0,ALB,Williams,Miami Grand Prix,6,44.664,28.521999999999995
93.429,25.0,HARD,15.0,ALB,Williams,Miami Grand Prix,6,44.664,28.521999999999995
93.474,26.0,HARD,16.0,ALB,Williams,Miami Grand Prix,6,44.664,28.521999999999995
93.78,27.0,HARD,17.0,ALB,Williams,Miami Grand Prix,6,44.664,28.521999999999995
113.226,28.0,HARD,18.0,ALB,Williams,Miami Grand Prix,6,44.664,28.521999999999995
127.113,29.0,HARD,19.0,ALB,Williams,Miami Grand Prix,6,44.664,28.521999999999995
113.02,30.0,HARD,20.0,ALB,Williams,Miami Grand Prix,6,44.664,28.521999999999995
111.085,31.0,HARD,21.0,ALB,Williams,Miami Grand Prix,6,44.664,28.521999999999995
129.454,32.0,HARD,22.0,ALB,Williams,Miami Grand Prix,6,44.664,28.521999999999995
93.921,33.0,HARD,23.0,ALB,Williams,Miami Grand Prix,6,44.664,28.521999999999995
93.497,34.0,HARD,24.0,ALB,Williams,Miami Grand Prix,6,44.664,28.521999999999995
92.855,35.0,HARD,25.0,ALB,Williams,Miami Grand Prix,6,44.664,28.521999999999995
93.157,36.0,HARD,26.0,ALB,Williams,Miami Grand Prix,6,44.664,28.521999999999995
93.054,37.0,HARD,27.0,ALB,Williams,Miami Grand Prix,6,44.664,28.521999999999995
92.997,38.0,HARD,28.0,ALB,Williams,Miami Grand Prix,6,44.664,28.521999999999995
93.499,39.0,HARD,29.0,ALB,Williams,Miami Grand Prix,6,44.664,28.521999999999995
92.765,40.0,HARD,30.0,ALB,Williams,Miami Grand Prix,6,44.664,28.521999999999995
93.642,41.0,HARD,31.0,ALB,Williams,Miami Grand Prix,6,44.664,28.521999999999995
92.947,42.0,HARD,32.0,ALB,Williams,Miami Grand Prix,6,44.664,28.521999999999995
92.681,43.0,HARD,33.0,ALB,Williams,Miami Grand Prix,6,44.664,28.521999999999995
92.778,44.0,HARD,34.0,ALB,Williams,Miami Grand Prix,6,44.664,28.521999999999995
92.565,45.0,HARD,35.0,ALB,Williams,Miami Grand Prix,6,44.664,28.521999999999995
92.801,46.0,HARD,36.0,ALB,Williams,Miami Grand Prix,6,44.664,28.521999999999995
92.66,47.0,HARD,37.0,ALB,Williams,Miami Grand Prix,6,44.664,28.521999999999995
92.552,48.0,HARD,38.0,ALB,Williams,Miami Grand Prix,6,44.664,28.521999999999995
92.646,49.0,HARD,39.0,ALB,Williams,Miami Grand Prix,6,44.664,28.521999999999995
92.755,50.0,HARD,40.0,ALB,Williams,Miami Grand Prix,6,44.664,28.521999999999995
94.142,51.0,HARD,41.0,ALB,Williams,Miami Grand Prix,6,44.664,28.521999999999995
95.038,52.0,HARD,42.0,ALB,Williams,Miami Grand Prix,6,44.664,28.521999999999995
106.697,53.0,HARD,43.0,ALB,Williams,Miami Grand Prix,6,44.664,28.521999999999995
106.898,54.0,SOFT,1.0,ALB,Williams,Miami Grand Prix,6,44.664,28.521999999999995
90.849,55.0,SOFT,2.0,ALB,Williams,Miami Grand Prix,6,44.664,28.521999999999995
92.063,56.0,SOFT,3.0,ALB,Williams,Miami Grand Prix,6,44.664,28.521999999999995
91.272,57.0,SOFT,4.0,ALB,Williams,Miami Grand Prix,6,44.664,28.521999999999995
94.339,3.0,MEDIUM,3.0,ZHO,Kick Sauber,Miami Grand Prix,6,44.664,28.521999999999995
94.357,4.0,MEDIUM,4.0,ZHO,Kick Sauber,Miami Grand Prix,6,44.664,28.521999999999995
93.673,5.0,MEDIUM,5.0,ZHO,Kick Sauber,Miami Grand Prix,6,44.664,28.521999999999995
94.318,6.0,MEDIUM,6.0,ZHO,Kick Sauber,Miami Grand Prix,6,44.664,28.521999999999995
94.455,7.0,MEDIUM,7.0,ZHO,Kick Sauber,Miami Grand Prix,6,44.664,28.521999999999995
94.539,8.0,MEDIUM,8.0,ZHO,Kick Sauber,Miami Grand Prix,6,44.664,28.521999999999995
94.263,9.0,MEDIUM,9.0,ZHO,Kick Sauber,Miami Grand Prix,6,44.664,28.521999999999995
94.286,10.0,MEDIUM,10.0,ZHO,Kick Sauber,Miami Grand Prix,6,44.664,28.521999999999995
94.662,11.0,MEDIUM,11.0,ZHO,Kick Sauber,Miami Grand Prix,6,44.664,28.521999999999995
94.455,12.0,MEDIUM,12.0,ZHO,Kick Sauber,Miami Grand Prix,6,44.664,28.521999999999995
94.666,13.0,MEDIUM,13.0,ZHO,Kick Sauber,Miami Grand Prix,6,44.664,28.521999999999995
94.195,14.0,MEDIUM,14.0,ZHO,Kick Sauber,Miami Grand Prix,6,44.664,28.521999999999995
94.166,15.0,MEDIUM,15.0,ZHO,Kick Sauber,Miami Grand Prix,6,44.664,28.521999999999995
94.005,16.0,MEDIUM,16.0,ZHO,Kick Sauber,Miami Grand Prix,6,44.664,28.521999999999995
94.095,17.0,MEDIUM,17.0,ZHO,Kick Sauber,Miami Grand Prix,6,44.664,28.521999999999995
94.394,18.0,MEDIUM,18.0,ZHO,Kick Sauber,Miami Grand Prix,6,44.664,28.521999999999995
93.941,19.0,MEDIUM,19.0,ZHO,Kick Sauber,Miami Grand Prix,6,44.664,28.521999999999995
94.286,20.0,MEDIUM,20.0,ZHO,Kick Sauber,Miami Grand Prix,6,44.664,28.521999999999995
94.689,21.0,MEDIUM,21.0,ZHO,Kick Sauber,Miami Grand Prix,6,44.664,28.521999999999995
99.455,22.0,MEDIUM,22.0,ZHO,Kick Sauber,Miami Grand Prix,6,44.664,28.521999999999995
102.852,23.0,MEDIUM,23.0,ZHO,Kick Sauber,Miami Grand Prix,6,44.664,28.521999999999995
93.688,24.0,MEDIUM,24.0,ZHO,Kick Sauber,Miami Grand Prix,6,44.664,28.521999999999995
93.664,25.0,MEDIUM,25.0,ZHO,Kick Sauber,Miami Grand Prix,6,44.664,28.521999999999995
93.644,26.0,MEDIUM,26.0,ZHO,Kick Sauber,Miami Grand Prix,6,44.664,28.521999999999995
93.485,27.0,MEDIUM,27.0,ZHO,Kick Sauber,Miami Grand Prix,6,44.664,28.521999999999995
113.108,28.0,MEDIUM,28.0,ZHO,Kick Sauber,Miami Grand Prix,6,44.664,28.521999999999995
114.967,30.0,SOFT,2.0,ZHO,Kick Sauber,Miami Grand Prix,6,44.664,28.521999999999995
111.067,31.0,SOFT,3.0,ZHO,Kick Sauber,Miami Grand Prix,6,44.664,28.521999999999995
127.331,32.0,SOFT,4.0,ZHO,Kick Sauber,Miami Grand Prix,6,44.664,28.521999999999995
93.784,33.0,SOFT,5.0,ZHO,Kick Sauber,Miami Grand Prix,6,44.664,28.521999999999995
93.438,34.0,SOFT,6.0,ZHO,Kick Sauber,Miami Grand Prix,6,44.664,28.521999999999995
93.184,35.0,SOFT,7.0,ZHO,Kick Sauber,Miami Grand Prix,6,44.664,28.521999999999995
93.258,36.0,SOFT,8.0,ZHO,Kick Sauber,Miami Grand Prix,6,44.664,28.521999999999995
92.951,37.0,SOFT,9.0,ZHO,Kick Sauber,Miami Grand Prix,6,44.664,28.521999999999995
92.919,38.0,SOFT,10.0,ZHO,Kick Sauber,Miami Grand Prix,6,44.664,28.521999999999995
93.309,39.0,SOFT,11.0,ZHO,Kick Sauber,Miami Grand Prix,6,44.664,28.521999999999995
93.703,40.0,SOFT,12.0,ZHO,Kick Sauber,Miami Grand Prix,6,44.664,28.521999999999995
92.896,41.0,SOFT,13.0,ZHO,Kick Sauber,Miami Grand Prix,6,44.664,28.521999999999995
92.777,42.0,SOFT,14.0,ZHO,Kick Sauber,Miami Grand Prix,6,44.664,28.521999999999995
92.818,43.0,SOFT,15.0,ZHO,Kick Sauber,Miami Grand Prix,6,44.664,28.521999999999995
93.01,44.0,SOFT,16.0,ZHO,Kick Sauber,Miami Grand Prix,6,44.664,28.521999999999995
92.774,45.0,SOFT,17.0,ZHO,Kick Sauber,Miami Grand Prix,6,44.664,28.521999999999995
92.591,46.0,SOFT,18.0,ZHO,Kick Sauber,Miami Grand Prix,6,44.664,28.521999999999995
92.781,47.0,SOFT,19.0,ZHO,Kick Sauber,Miami Grand Prix,6,44.664,28.521999999999995
94.209,48.0,SOFT,20.0,ZHO,Kick Sauber,Miami Grand Prix,6,44.664,28.521999999999995
92.938,49.0,SOFT,21.0,ZHO,Kick Sauber,Miami Grand Prix,6,44.664,28.521999999999995
92.522,50.0,SOFT,22.0,ZHO,Kick Sauber,Miami Grand Prix,6,44.664,28.521999999999995
92.611,51.0,SOFT,23.0,ZHO,Kick Sauber,Miami Grand Prix,6,44.664,28.521999999999995
93.156,52.0,SOFT,24.0,ZHO,Kick Sauber,Miami Grand Prix,6,44.664,28.521999999999995
92.922,53.0,SOFT,25.0,ZHO,Kick Sauber,Miami Grand Prix,6,44.664,28.521999999999995
92.457,54.0,SOFT,26.0,ZHO,Kick Sauber,Miami Grand Prix,6,44.664,28.521999999999995
92.17,55.0,SOFT,27.0,ZHO,Kick Sauber,Miami Grand Prix,6,44.664,28.521999999999995
91.991,56.0,SOFT,28.0,ZHO,Kick Sauber,Miami Grand Prix,6,44.664,28.521999999999995
92.984,57.0,SOFT,29.0,ZHO,Kick Sauber,Miami Grand Prix,6,44.664,28.521999999999995
94.14,3.0,MEDIUM,3.0,HUL,Haas F1 Team,Miami Grand Prix,6,44.664,28.521999999999995
93.818,4.0,MEDIUM,4.0,HUL,Haas F1 Team,Miami Grand Prix,6,44.664,28.521999999999995
93.776,5.0,MEDIUM,5.0,HUL,Haas F1 Team,Miami Grand Prix,6,44.664,28.521999999999995
93.561,6.0,MEDIUM,6.0,HUL,Haas F1 Team,Miami Grand Prix,6,44.664,28.521999999999995
94.953,7.0,MEDIUM,7.0,HUL,Haas F1 Team,Miami Grand Prix,6,44.664,28.521999999999995
94.304,8.0,MEDIUM,8.0,HUL,Haas F1 Team,Miami Grand Prix,6,44.664,28.521999999999995
94.126,9.0,MEDIUM,9.0,HUL,Haas F1 Team,Miami Grand Prix,6,44.664,28.521999999999995
95.543,10.0,MEDIUM,10.0,HUL,Haas F1 Team,Miami Grand Prix,6,44.664,28.521999999999995
94.756,11.0,MEDIUM,11.0,HUL,Haas F1 Team,Miami Grand Prix,6,44.664,28.521999999999995
100.42,12.0,MEDIUM,12.0,HUL,Haas F1 Team,Miami Grand Prix,6,44.664,28.521999999999995
108.595,13.0,HARD,1.0,HUL,Haas F1 Team,Miami Grand Prix,6,44.664,28.521999999999995
93.304,14.0,HARD,2.0,HUL,Haas F1 Team,Miami Grand Prix,6,44.664,28.521999999999995
92.922,15.0,HARD,3.0,HUL,Haas F1 Team,Miami Grand Prix,6,44.664,28.521999999999995
93.731,16.0,HARD,4.0,HUL,Haas F1 Team,Miami Grand Prix,6,44.664,28.521999999999995
93.621,17.0,HARD,5.0,HUL,Haas F1 Team,Miami Grand Prix,6,44.664,28.521999999999995
93.608,18.0,HARD,6.0,HUL,Haas F1 Team,Miami Grand Prix,6,44.664,28.521999999999995
93.273,19.0,HARD,7.0,HUL,Haas F1 Team,Miami Grand Prix,6,44.664,28.521999999999995
93.538,20.0,HARD,8.0,HUL,Haas F1 Team,Miami Grand Prix,6,44.664,28.521999999999995
93.705,21.0,HARD,9.0,HUL,Haas F1 Team,Miami Grand Prix,6,44.664,28.521999999999995
101.307,22.0,HARD,10.0,HUL,Haas F1 Team,Miami Grand Prix,6,44.664,28.521999999999995
100.564,23.0,HARD,11.0,HUL,Haas F1 Team,Miami Grand Prix,6,44.664,28.521999999999995
94.099,24.0,HARD,12.0,HUL,Haas F1 Team,Miami Grand Prix,6,44.664,28.521999999999995
94.486,25.0,HARD,13.0,HUL,Haas F1 Team,Miami Grand Prix,6,44.664,28.521999999999995
94.322,26.0,HARD,14.0,HUL,Haas F1 Team,Miami Grand Prix,6,44.664,28.521999999999995
94.825,27.0,HARD,15.0,HUL,Haas F1 Team,Miami Grand Prix,6,44.664,28.521999999999995
115.429,28.0,HARD,16.0,HUL,Haas F1 Team,Miami Grand Prix,6,44.664,28.521999999999995
108.63,30.0,MEDIUM,2.0,HUL,Haas F1 Team,Miami Grand Prix,6,44.664,28.521999999999995
111.013,31.0,MEDIUM,3.0,HUL,Haas F1 Team,Miami Grand Prix,6,44.664,28.521999999999995
124.299,32.0,MEDIUM,4.0,HUL,Haas F1 Team,Miami Grand Prix,6,44.664,28.521999999999995
93.618,33.0,MEDIUM,5.0,HUL,Haas F1 Team,Miami Grand Prix,6,44.664,28.521999999999995
93.078,34.0,MEDIUM,6.0,HUL,Haas F1 Team,Miami Grand Prix,6,44.664,28.521999999999995
93.115,35.0,MEDIUM,7.0,HUL,Haas F1 Team,Miami Grand Prix,6,44.664,28.521999999999995
93.291,36.0,MEDIUM,8.0,HUL,Haas F1 Team,Miami Grand Prix,6,44.664,28.521999999999995
92.894,37.0,MEDIUM,9.0,HUL,Haas F1 Team,Miami Grand Prix,6,44.664,28.521999999999995
92.953,38.0,MEDIUM,10.0,HUL,Haas F1 Team,Miami Grand Prix,6,44.664,28.521999999999995
93.092,39.0,MEDIUM,11.0,HUL,Haas F1 Team,Miami Grand Prix,6,44.664,28.521999999999995
92.346,40.0,MEDIUM,12.0,HUL,Haas F1 Team,Miami Grand Prix,6,44.664,28.521999999999995
92.637,41.0,MEDIUM,13.0,HUL,Haas F1 Team,Miami Grand Prix,6,44.664,28.521999999999995
92.214,42.0,MEDIUM,14.0,HUL,Haas F1 Team,Miami Grand Prix,6,44.664,28.521999999999995
92.638,43.0,MEDIUM,15.0,HUL,Haas F1 Team,Miami Grand Prix,6,44.664,28.521999999999995
92.457,44.0,MEDIUM,16.0,HUL,Haas F1 Team,Miami Grand Prix,6,44.664,28.521999999999995
92.474,45.0,MEDIUM,17.0,HUL,Haas F1 Team,Miami Grand Prix,6,44.664,28.521999999999995
92.667,46.0,MEDIUM,18.0,HUL,Haas F1 Team,Miami Grand Prix,6,44.664,28.521999999999995
92.184,47.0,MEDIUM,19.0,HUL,Haas F1 Team,Miami Grand Prix,6,44.664,28.521999999999995
92.298,48.0,MEDIUM,20.0,HUL,Haas F1 Team,Miami Grand Prix,6,44.664,28.521999999999995
92.474,49.0,MEDIUM,21.0,HUL,Haas F1 Team,Miami Grand Prix,6,44.664,28.521999999999995
92.144,50.0,MEDIUM,22.0,HUL,Haas F1 Team,Miami Grand Prix,6,44.664,28.521999999999995
92.044,51.0,MEDIUM,23.0,HUL,Haas F1 Team,Miami Grand Prix,6,44.664,28.521999999999995
92.403,52.0,MEDIUM,24.0,HUL,Haas F1 Team,Miami Grand Prix,6,44.664,28.521999999999995
92.534,53.0,MEDIUM,25.0,HUL,Haas F1 Team,Miami Grand Prix,6,44.664,28.521999999999995
92.187,54.0,MEDIUM,26.0,HUL,Haas F1 Team,Miami Grand Prix,6,44.664,28.521999999999995
92.045,55.0,MEDIUM,27.0,HUL,Haas F1 Team,Miami Grand Prix,6,44.664,28.521999999999995
91.941,56.0,MEDIUM,28.0,HUL,Haas F1 Team,Miami Grand Prix,6,44.664,28.521999999999995
92.187,57.0,MEDIUM,29.0,HUL,Haas F1 Team,Miami Grand Prix,6,44.664,28.521999999999995
95.732,3.0,HARD,3.0,RIC,RB,Miami Grand Prix,6,44.664,28.521999999999995
94.907,4.0,HARD,4.0,RIC,RB,Miami Grand Prix,6,44.664,28.521999999999995
94.201,5.0,HARD,5.0,RIC,RB,Miami Grand Prix,6,44.664,28.521999999999995
93.982,6.0,HARD,6.0,RIC,RB,Miami Grand Prix,6,44.664,28.521999999999995
94.345,7.0,HARD,7.0,RIC,RB,Miami Grand Prix,6,44.664,28.521999999999995
94.892,8.0,HARD,8.0,RIC,RB,Miami Grand Prix,6,44.664,28.521999999999995
94.655,9.0,HARD,9.0,RIC,RB,Miami Grand Prix,6,44.664,28.521999999999995
95.293,10.0,HARD,10.0,RIC,RB,Miami Grand Prix,6,44.664,28.521999999999995
94.931,11.0,HARD,11.0,RIC,RB,Miami Grand Prix,6,44.664,28.521999999999995
94.558,12.0,HARD,12.0,RIC,RB,Miami Grand Prix,6,44.664,28.521999999999995
94.405,13.0,HARD,13.0,RIC,RB,Miami Grand Prix,6,44.664,28.521999999999995
94.311,14.0,HARD,14.0,RIC,RB,Miami Grand Prix,6,44.664,28.521999999999995
94.018,15.0,HARD,15.0,RIC,RB,Miami Grand Prix,6,44.664,28.521999999999995
94.268,16.0,HARD,16.0,RIC,RB,Miami Grand Prix,6,44.664,28.521999999999995
94.033,17.0,HARD,17.0,RIC,RB,Miami Grand Prix,6,44.664,28.521999999999995
94.234,18.0,HARD,18.0,RIC,RB,Miami Grand Prix,6,44.664,28.521999999999995
93.901,19.0,HARD,19.0,RIC,RB,Miami Grand Prix,6,44.664,28.521999999999995
93.98,20.0,HARD,20.0,RIC,RB,Miami Grand Prix,6,44.664,28.521999999999995
94.071,21.0,HARD,21.0,RIC,RB,Miami Grand Prix,6,44.664,28.521999999999995
101.546,22.0,HARD,22.0,RIC,RB,Miami Grand Prix,6,44.664,28.521999999999995
100.199,23.0,HARD,23.0,RIC,RB,Miami Grand Prix,6,44.664,28.521999999999995
93.488,24.0,HARD,24.0,RIC,RB,Miami Grand Prix,6,44.664,28.521999999999995
93.435,25.0,HARD,25.0,RIC,RB,Miami Grand Prix,6,44.664,28.521999999999995
93.215,26.0,HARD,26.0,RIC,RB,Miami Grand Prix,6,44.664,28.521999999999995
95.172,27.0,HARD,27.0,RIC,RB,Miami Grand Prix,6,44.664,28.521999999999995
113.429,28.0,HARD,28.0,RIC,RB,Miami Grand Prix,6,44.664,28.521999999999995
114.43,30.0,MEDIUM,7.0,RIC,RB,Miami Grand Prix,6,44.664,28.521999999999995
111.522,31.0,MEDIUM,8.0,RIC,RB,Miami Grand Prix,6,44.664,28.521999999999995
125.311,32.0,MEDIUM,9.0,RIC,RB,Miami Grand Prix,6,44.664,28.521999999999995
94.031,33.0,MEDIUM,10.0,RIC,RB,Miami Grand Prix,6,44.664,28.521999999999995
93.89,34.0,MEDIUM,11.0,RIC,RB,Miami Grand Prix,6,44.664,28.521999999999995
92.985,35.0,MEDIUM,12.0,RIC,RB,Miami Grand Prix,6,44.664,28.521999999999995
93.25,36.0,MEDIUM,13.0,RIC,RB,Miami Grand Prix,6,44.664,28.521999999999995
93.084,37.0,MEDIUM,14.0,RIC,RB,Miami Grand Prix,6,44.664,28.521999999999995
92.881,38.0,MEDIUM,15.0,RIC,RB,Miami Grand Prix,6,44.664,28.521999999999995
93.136,39.0,MEDIUM,16.0,RIC,RB,Miami Grand Prix,6,44.664,28.521999999999995
93.462,40.0,MEDIUM,17.0,RIC,RB,Miami Grand Prix,6,44.664,28.521999999999995
92.854,41.0,MEDIUM,18.0,RIC,RB,Miami Grand Prix,6,44.664,28.521999999999995
92.68,42.0,MEDIUM,19.0,RIC,RB,Miami Grand Prix,6,44.664,28.521999999999995
92.769,43.0,MEDIUM,20.0,RIC,RB,Miami Grand Prix,6,44.664,28.521999999999995
92.957,44.0,MEDIUM,21.0,RIC,RB,Miami Grand Prix,6,44.664,28.521999999999995
94.02,45.0,MEDIUM,22.0,RIC,RB,Miami Grand Prix,6,44.664,28.521999999999995
92.845,46.0,MEDIUM,23.0,RIC,RB,Miami Grand Prix,6,44.664,28.521999999999995
92.567,47.0,MEDIUM,24.0,RIC,RB,Miami Grand Prix,6,44.664,28.521999999999995
93.013,48.0,MEDIUM,25.0,RIC,RB,Miami Grand Prix,6,44.664,28.521999999999995
92.72,49.0,MEDIUM,26.0,RIC,RB,Miami Grand Prix,6,44.664,28.521999999999995
93.033,50.0,MEDIUM,27.0,RIC,RB,Miami Grand Prix,6,44.664,28.521999999999995
92.486,51.0,MEDIUM,28.0,RIC,RB,Miami Grand Prix,6,44.664,28.521999999999995
93.717,52.0,MEDIUM,29.0,RIC,RB,Miami Grand Prix,6,44.664,28.521999999999995
92.695,53.0,MEDIUM,30.0,RIC,RB,Miami Grand Prix,6,44.664,28.521999999999995
92.735,54.0,MEDIUM,31.0,RIC,RB,Miami Grand Prix,6,44.664,28.521999999999995
92.199,55.0,MEDIUM,32.0,RIC,RB,Miami Grand Prix,6,44.664,28.521999999999995
92.414,56.0,MEDIUM,33.0,RIC,RB,Miami Grand Prix,6,44.664,28.521999999999995
92.122,57.0,MEDIUM,34.0,RIC,RB,Miami Grand Prix,6,44.664,28.521999999999995
94.667,3.0,MEDIUM,3.0,OCO,Alpine,Miami Grand Prix,6,44.664,28.521999999999995
94.013,4.0,MEDIUM,4.0,OCO,Alpine,Miami Grand Prix,6,44.664,28.521999999999995
93.908,5.0,MEDIUM,5.0,OCO,Alpine,Miami Grand Prix,6,44.664,28.521999999999995
94.44,6.0,MEDIUM,6.0,OCO,Alpine,Miami Grand Prix,6,44.664,28.521999999999995
94.127,7.0,MEDIUM,7.0,OCO,Alpine,Miami Grand Prix,6,44.664,28.521999999999995
94.49,8.0,MEDIUM,8.0,OCO,Alpine,Miami Grand Prix,6,44.664,28.521999999999995
94.119,9.0,MEDIUM,9.0,OCO,Alpine,Miami Grand Prix,6,44.664,28.521999999999995
94.356,10.0,MEDIUM,10.0,OCO,Alpine,Miami Grand Prix,6,44.664,28.521999999999995
94.486,11.0,MEDIUM,11.0,OCO,Alpine,Miami Grand Prix,6,44.664,28.521999999999995
93.984,12.0,MEDIUM,12.0,OCO,Alpine,Miami Grand Prix,6,44.664,28.521999999999995
94.094,13.0,MEDIUM,13.0,OCO,Alpine,Miami Grand Prix,6,44.664,28.521999999999995
94.067,14.0,MEDIUM,14.0,OCO,Alpine,Miami Grand Prix,6,44.664,28.521999999999995
93.585,15.0,MEDIUM,15.0,OCO,Alpine,Miami Grand Prix,6,44.664,28.521999999999995
93.545,16.0,MEDIUM,16.0,OCO,Alpine,Miami Grand Prix,6,44.664,28.521999999999995
93.997,17.0,MEDIUM,17.0,OCO,Alpine,Miami Grand Prix,6,44.664,28.521999999999995
93.89,18.0,MEDIUM,18.0,OCO,Alpine,Miami Grand Prix,6,44.664,28.521999999999995
94.736,19.0,MEDIUM,19.0,OCO,Alpine,Miami Grand Prix,6,44.664,28.521999999999995
94.069,20.0,MEDIUM,20.0,OCO,Alpine,Miami Grand Prix,6,44.664,28.521999999999995
93.867,21.0,MEDIUM,21.0,OCO,Alpine,Miami Grand Prix,6,44.664,28.521999999999995
102.357,22.0,MEDIUM,22.0,OCO,Alpine,Miami Grand Prix,6,44.664,28.521999999999995
111.928,23.0,HARD,1.0,OCO,Alpine,Miami Grand Prix,6,44.664,28.521999999999995
93.041,24.0,HARD,2.0,OCO,Alpine,Miami Grand Prix,6,44.664,28.521999999999995
92.918,25.0,HARD,3.0,OCO,Alpine,Miami Grand Prix,6,44.664,28.521999999999995
94.048,26.0,HARD,4.0,OCO,Alpine,Miami Grand Prix,6,44.664,28.521999999999995
93.17,27.0,HARD,5.0,OCO,Alpine,Miami Grand Prix,6,44.664,28.521999999999995
109.908,28.0,HARD,6.0,OCO,Alpine,Miami Grand Prix,6,44.664,28.521999999999995
126.579,29.0,HARD,7.0,OCO,Alpine,Miami Grand Prix,6,44.664,28.521999999999995
118.798,30.0,HARD,8.0,OCO,Alpine,Miami Grand Prix,6,44.664,28.521999999999995
107.287,31.0,HARD,9.0,OCO,Alpine,Miami Grand Prix,6,44.664,28.521999999999995
94.811,33.0,HARD,11.0,OCO,Alpine,Miami Grand Prix,6,44.664,28.521999999999995
92.734,34.0,HARD,12.0,OCO,Alpine,Miami Grand Prix,6,44.664,28.521999999999995
92.445,35.0,HARD,13.0,OCO,Alpine,Miami Grand Prix,6,44.664,28.521999999999995
92.348,36.0,HARD,14.0,OCO,Alpine,Miami Grand Prix,6,44.664,28.521999999999995
92.61,37.0,HARD,15.0,OCO,Alpine,Miami Grand Prix,6,44.664,28.521999999999995
92.392,38.0,HARD,16.0,OCO,Alpine,Miami Grand Prix,6,44.664,28.521999999999995
92.521,39.0,HARD,17.0,OCO,Alpine,Miami Grand Prix,6,44.664,28.521999999999995
92.581,40.0,HARD,18.0,OCO,Alpine,Miami Grand Prix,6,44.664,28.521999999999995
92.575,41.0,HARD,19.0,OCO,Alpine,Miami Grand Prix,6,44.664,28.521999999999995
92.311,42.0,HARD,20.0,OCO,Alpine,Miami Grand Prix,6,44.664,28.521999999999995
92.28,43.0,HARD,21.0,OCO,Alpine,Miami Grand Prix,6,44.664,28.521999999999995
92.483,44.0,HARD,22.0,OCO,Alpine,Miami Grand Prix,6,44.664,28.521999999999995
93.348,45.0,HARD,23.0,OCO,Alpine,Miami Grand Prix,6,44.664,28.521999999999995
93.497,46.0,HARD,24.0,OCO,Alpine,Miami Grand Prix,6,44.664,28.521999999999995
93.316,47.0,HARD,25.0,OCO,Alpine,Miami Grand Prix,6,44.664,28.521999999999995
93.946,48.0,HARD,26.0,OCO,Alpine,Miami Grand Prix,6,44.664,28.521999999999995
92.831,49.0,HARD,27.0,OCO,Alpine,Miami Grand Prix,6,44.664,28.521999999999995
92.185,50.0,HARD,28.0,OCO,Alpine,Miami Grand Prix,6,44.664,28.521999999999995
92.037,51.0,HARD,29.0,OCO,Alpine,Miami Grand Prix,6,44.664,28.521999999999995
92.104,52.0,HARD,30.0,OCO,Alpine,Miami Grand Prix,6,44.664,28.521999999999995
92.205,53.0,HARD,31.0,OCO,Alpine,Miami Grand Prix,6,44.664,28.521999999999995
92.267,54.0,HARD,32.0,OCO,Alpine,Miami Grand Prix,6,44.664,28.521999999999995
92.146,55.0,HARD,33.0,OCO,Alpine,Miami Grand Prix,6,44.664,28.521999999999995
92.136,56.0,HARD,34.0,OCO,Alpine,Miami Grand Prix,6,44.664,28.521999999999995
92.467,57.0,HARD,35.0,OCO,Alpine,Miami Grand Prix,6,44.664,28.521999999999995
93.687,3.0,MEDIUM,3.0,NOR,McLaren,Miami Grand Prix,6,44.664,28.521999999999995
93.674,4.0,MEDIUM,4.0,NOR,McLaren,Miami Grand Prix,6,44.664,28.521999999999995
93.26,5.0,MEDIUM,5.0,NOR,McLaren,Miami Grand Prix,6,44.664,28.521999999999995
93.172,6.0,MEDIUM,6.0,NOR,McLaren,Miami Grand Prix,6,44.664,28.521999999999995
93.165,7.0,MEDIUM,7.0,NOR,McLaren,Miami Grand Prix,6,44.664,28.521999999999995
92.999,8.0,MEDIUM,8.0,NOR,McLaren,Miami Grand Prix,6,44.664,28.521999999999995
93.429,9.0,MEDIUM,9.0,NOR,McLaren,Miami Grand Prix,6,44.664,28.521999999999995
93.23,10.0,MEDIUM,10.0,NOR,McLaren,Miami Grand Prix,6,44.664,28.521999999999995
93.432,11.0,MEDIUM,11.0,NOR,McLaren,Miami Grand Prix,6,44.664,28.521999999999995
93.427,12.0,MEDIUM,12.0,NOR,McLaren,Miami Grand Prix,6,44.664,28.521999999999995
93.502,13.0,MEDIUM,13.0,NOR,McLaren,Miami Grand Prix,6,44.664,28.521999999999995
93.764,14.0,MEDIUM,14.0,NOR,McLaren,Miami Grand Prix,6,44.664,28.521999999999995
93.472,15.0,MEDIUM,15.0,NOR,McLaren,Miami Grand Prix,6,44.664,28.521999999999995
93.191,16.0,MEDIUM,16.0,NOR,McLaren,Miami Grand Prix,6,44.664,28.521999999999995
93.463,17.0,MEDIUM,17.0,NOR,McLaren,Miami Grand Prix,6,44.664,28.521999999999995
93.15,18.0,MEDIUM,18.0,NOR,McLaren,Miami Grand Prix,6,44.664,28.521999999999995
92.476,19.0,MEDIUM,19.0,NOR,McLaren,Miami Grand Prix,6,44.664,28.521999999999995
92.421,20.0,MEDIUM,20.0,NOR,McLaren,Miami Grand Prix,6,44.664,28.521999999999995
92.329,21.0,MEDIUM,21.0,NOR,McLaren,Miami Grand Prix,6,44.664,28.521999999999995
92.517,22.0,MEDIUM,22.0,NOR,McLaren,Miami Grand Prix,6,44.664,28.521999999999995
106.891,23.0,MEDIUM,23.0,NOR,McLaren,Miami Grand Prix,6,44.664,28.521999999999995
91.982,24.0,MEDIUM,24.0,NOR,McLaren,Miami Grand Prix,6,44.664,28.521999999999995
92.171,25.0,MEDIUM,25.0,NOR,McLaren,Miami Grand Prix,6,44.664,28.521999999999995
92.153,26.0,MEDIUM,26.0,NOR,McLaren,Miami Grand Prix,6,44.664,28.521999999999995
92.162,27.0,MEDIUM,27.0,NOR,McLaren,Miami Grand Prix,6,44.664,28.521999999999995
92.042,28.0,MEDIUM,28.0,NOR,McLaren,Miami Grand Prix,6,44.664,28.521999999999995
117.513,31.0,HARD,2.0,NOR,McLaren,Miami Grand Prix,6,44.664,28.521999999999995
91.157,33.0,HARD,4.0,NOR,McLaren,Miami Grand Prix,6,44.664,28.521999999999995
91.289,34.0,HARD,5.0,NOR,McLaren,Miami Grand Prix,6,44.664,28.521999999999995
91.391,35.0,HARD,6.0,NOR,McLaren,Miami Grand Prix,6,44.664,28.521999999999995
91.133,36.0,HARD,7.0,NOR,McLaren,Miami Grand Prix,6,44.664,28.521999999999995
91.074,37.0,HARD,8.0,NOR,McLaren,Miami Grand Prix,6,44.664,28.521999999999995
91.134,38.0,HARD,9.0,NOR,McLaren,Miami Grand Prix,6,44.664,28.521999999999995
91.192,39.0,HARD,10.0,NOR,McLaren,Miami Grand Prix,6,44.664,28.521999999999995
91.222,40.0,HARD,11.0,NOR,McLaren,Miami Grand Prix,6,44.664,28.521999999999995
91.059,41.0,HARD,12.0,NOR,McLaren,Miami Grand Prix,6,44.664,28.521999999999995
91.34,42.0,HARD,13.0,NOR,McLaren,Miami Grand Prix,6,44.664,28.521999999999995
91.066,43.0,HARD,14.0,NOR,McLaren,Miami Grand Prix,6,44.664,28.521999999999995
91.18,44.0,HARD,15.0,NOR,McLaren,Miami Grand Prix,6,44.664,28.521999999999995
91.068,45.0,HARD,16.0,NOR,McLaren,Miami Grand Prix,6,44.664,28.521999999999995
91.352,46.0,HARD,17.0,NOR,McLaren,Miami Grand Prix,6,44.664,28.521999999999995
91.423,47.0,HARD,18.0,NOR,McLaren,Miami Grand Prix,6,44.664,28.521999999999995
91.135,48.0,HARD,19.0,NOR,McLaren,Miami Grand Prix,6,44.664,28.521999999999995
91.177,49.0,HARD,20.0,NOR,McLaren,Miami Grand Prix,6,44.664,28.521999999999995
91.227,50.0,HARD,21.0,NOR,McLaren,Miami Grand Prix,6,44.664,28.521999999999995
91.08,51.0,HARD,22.0,NOR,McLaren,Miami Grand Prix,6,44.664,28.521999999999995
91.244,52.0,HARD,23.0,NOR,McLaren,Miami Grand Prix,6,44.664,28.521999999999995
91.251,53.0,HARD,24.0,NOR,McLaren,Miami Grand Prix,6,44.664,28.521999999999995
91.276,54.0,HARD,25.0,NOR,McLaren,Miami Grand Prix,6,44.664,28.521999999999995
90.98,55.0,HARD,26.0,NOR,McLaren,Miami Grand Prix,6,44.664,28.521999999999995
91.04,56.0,HARD,27.0,NOR,McLaren,Miami Grand Prix,6,44.664,28.521999999999995
91.575,57.0,HARD,28.0,NOR,McLaren,Miami Grand Prix,6,44.664,28.521999999999995
94.031,3.0,HARD,3.0,HAM,Mercedes,Miami Grand Prix,6,44.664,28.521999999999995
93.861,4.0,HARD,4.0,HAM,Mercedes,Miami Grand Prix,6,44.664,28.521999999999995
93.666,5.0,HARD,5.0,HAM,Mercedes,Miami Grand Prix,6,44.664,28.521999999999995
93.679,6.0,HARD,6.0,HAM,Mercedes,Miami Grand Prix,6,44.664,28.521999999999995
94.466,7.0,HARD,7.0,HAM,Mercedes,Miami Grand Prix,6,44.664,28.521999999999995
94.621,8.0,HARD,8.0,HAM,Mercedes,Miami Grand Prix,6,44.664,28.521999999999995
94.024,9.0,HARD,9.0,HAM,Mercedes,Miami Grand Prix,6,44.664,28.521999999999995
94.602,10.0,HARD,10.0,HAM,Mercedes,Miami Grand Prix,6,44.664,28.521999999999995
94.372,11.0,HARD,11.0,HAM,Mercedes,Miami Grand Prix,6,44.664,28.521999999999995
93.99,12.0,HARD,12.0,HAM,Mercedes,Miami Grand Prix,6,44.664,28.521999999999995
93.871,13.0,HARD,13.0,HAM,Mercedes,Miami Grand Prix,6,44.664,28.521999999999995
93.693,14.0,HARD,14.0,HAM,Mercedes,Miami Grand Prix,6,44.664,28.521999999999995
93.344,15.0,HARD,15.0,HAM,Mercedes,Miami Grand Prix,6,44.664,28.521999999999995
93.521,16.0,HARD,16.0,HAM,Mercedes,Miami Grand Prix,6,44.664,28.521999999999995
93.602,17.0,HARD,17.0,HAM,Mercedes,Miami Grand Prix,6,44.664,28.521999999999995
93.306,18.0,HARD,18.0,HAM,Mercedes,Miami Grand Prix,6,44.664,28.521999999999995
93.333,19.0,HARD,19.0,HAM,Mercedes,Miami Grand Prix,6,44.664,28.521999999999995
93.048,20.0,HARD,20.0,HAM,Mercedes,Miami Grand Prix,6,44.664,28.521999999999995
94.185,21.0,HARD,21.0,HAM,Mercedes,Miami Grand Prix,6,44.664,28.521999999999995
93.359,22.0,HARD,22.0,HAM,Mercedes,Miami Grand Prix,6,44.664,28.521999999999995
108.783,23.0,HARD,23.0,HAM,Mercedes,Miami Grand Prix,6,44.664,28.521999999999995
92.852,24.0,HARD,24.0,HAM,Mercedes,Miami Grand Prix,6,44.664,28.521999999999995
92.932,25.0,HARD,25.0,HAM,Mercedes,Miami Grand Prix,6,44.664,28.521999999999995
99.049,26.0,HARD,26.0,HAM,Mercedes,Miami Grand Prix,6,44.664,28.521999999999995
105.964,27.0,MEDIUM,4.0,HAM,Mercedes,Miami Grand Prix,6,44.664,28.521999999999995
107.365,28.0,MEDIUM,5.0,HAM,Mercedes,Miami Grand Prix,6,44.664,28.521999999999995
128.738,29.0,MEDIUM,6.0,HAM,Mercedes,Miami Grand Prix,6,44.664,28.521999999999995
120.115,30.0,MEDIUM,7.0,HAM,Mercedes,Miami Grand Prix,6,44.664,28.521999999999995
103.529,31.0,MEDIUM,8.0,HAM,Mercedes,Miami Grand Prix,6,44.664,28.521999999999995
94.087,33.0,MEDIUM,10.0,HAM,Mercedes,Miami Grand Prix,6,44.664,28.521999999999995
92.268,34.0,MEDIUM,11.0,HAM,Mercedes,Miami Grand Prix,6,44.664,28.521999999999995
91.385,35.0,MEDIUM,12.0,HAM,Mercedes,Miami Grand Prix,6,44.664,28.521999999999995
92.24,36.0,MEDIUM,13.0,HAM,Mercedes,Miami Grand Prix,6,44.664,28.521999999999995
91.937,37.0,MEDIUM,14.0,HAM,Mercedes,Miami Grand Prix,6,44.664,28.521999999999995
91.772,38.0,MEDIUM,15.0,HAM,Mercedes,Miami Grand Prix,6,44.664,28.521999999999995
92.167,39.0,MEDIUM,16.0,HAM,Mercedes,Miami Grand Prix,6,44.664,28.521999999999995
92.53,40.0,MEDIUM,17.0,HAM,Mercedes,Miami Grand Prix,6,44.664,28.521999999999995
92.143,41.0,MEDIUM,18.0,HAM,Mercedes,Miami Grand Prix,6,44.664,28.521999999999995
91.672,42.0,MEDIUM,19.0,HAM,Mercedes,Miami Grand Prix,6,44.664,28.521999999999995
91.417,43.0,MEDIUM,20.0,HAM,Mercedes,Miami Grand Prix,6,44.664,28.521999999999995
91.511,44.0,MEDIUM,21.0,HAM,Mercedes,Miami Grand Prix,6,44.664,28.521999999999995
91.479,45.0,MEDIUM,22.0,HAM,Mercedes,Miami Grand Prix,6,44.664,28.521999999999995
91.679,46.0,MEDIUM,23.0,HAM,Mercedes,Miami Grand Prix,6,44.664,28.521999999999995
91.33,47.0,MEDIUM,24.0,HAM,Mercedes,Miami Grand Prix,6,44.664,28.521999999999995
91.626,48.0,MEDIUM,25.0,HAM,Mercedes,Miami Grand Prix,6,44.664,28.521999999999995
91.432,49.0,MEDIUM,26.0,HAM,Mercedes,Miami Grand Prix,6,44.664,28.521999999999995
91.625,50.0,MEDIUM,27.0,HAM,Mercedes,Miami Grand Prix,6,44.664,28.521999999999995
91.5,51.0,MEDIUM,28.0,HAM,Mercedes,Miami Grand Prix,6,44.664,28.521999999999995
91.696,52.0,MEDIUM,29.0,HAM,Mercedes,Miami Grand Prix,6,44.664,28.521999999999995
91.372,53.0,MEDIUM,30.0,HAM,Mercedes,Miami Grand Prix,6,44.664,28.521999999999995
91.233,54.0,MEDIUM,31.0,HAM,Mercedes,Miami Grand Prix,6,44.664,28.521999999999995
91.254,55.0,MEDIUM,32.0,HAM,Mercedes,Miami Grand Prix,6,44.664,28.521999999999995
91.429,56.0,MEDIUM,33.0,HAM,Mercedes,Miami Grand Prix,6,44.664,28.521999999999995
91.623,57.0,MEDIUM,34.0,HAM,Mercedes,Miami Grand Prix,6,44.664,28.521999999999995
93.239,3.0,MEDIUM,3.0,SAI,Ferrari,Miami Grand Prix,6,44.664,28.521999999999995
93.249,4.0,MEDIUM,4.0,SAI,Ferrari,Miami Grand Prix,6,44.664,28.521999999999995
93.569,5.0,MEDIUM,5.0,SAI,Ferrari,Miami Grand Prix,6,44.664,28.521999999999995
92.911,6.0,MEDIUM,6.0,SAI,Ferrari,Miami Grand Prix,6,44.664,28.521999999999995
93.421,7.0,MEDIUM,7.0,SAI,Ferrari,Miami Grand Prix,6,44.664,28.521999999999995
93.339,8.0,MEDIUM,8.0,SAI,Ferrari,Miami Grand Prix,6,44.664,28.521999999999995
93.078,9.0,MEDIUM,9.0,SAI,Ferrari,Miami Grand Prix,6,44.664,28.521999999999995
93.334,10.0,MEDIUM,10.0,SAI,Ferrari,Miami Grand Prix,6,44.664,28.521999999999995
93.355,11.0,MEDIUM,11.0,SAI,Ferrari,Miami Grand Prix,6,44.664,28.521999999999995
93.153,12.0,MEDIUM,12.0,SAI,Ferrari,Miami Grand Prix,6,44.664,28.521999999999995
93.605,13.0,MEDIUM,13.0,SAI,Ferrari,Miami Grand Prix,6,44.664,28.521999999999995
92.992,14.0,MEDIUM,14.0,SAI,Ferrari,Miami Grand Prix,6,44.664,28.521999999999995
93.119,15.0,MEDIUM,15.0,SAI,Ferrari,Miami Grand Prix,6,44.664,28.521999999999995
93.245,16.0,MEDIUM,16.0,SAI,Ferrari,Miami Grand Prix,6,44.664,28.521999999999995
93.23,17.0,MEDIUM,17.0,SAI,Ferrari,Miami Grand Prix,6,44.664,28.521999999999995
93.065,18.0,MEDIUM,18.0,SAI,Ferrari,Miami Grand Prix,6,44.664,28.521999999999995
92.838,19.0,MEDIUM,19.0,SAI,Ferrari,Miami Grand Prix,6,44.664,28.521999999999995
92.628,20.0,MEDIUM,20.0,SAI,Ferrari,Miami Grand Prix,6,44.664,28.521999999999995
92.778,21.0,MEDIUM,21.0,SAI,Ferrari,Miami Grand Prix,6,44.664,28.521999999999995
92.775,22.0,MEDIUM,22.0,SAI,Ferrari,Miami Grand Prix,6,44.664,28.521999999999995
107.406,23.0,MEDIUM,23.0,SAI,Ferrari,Miami Grand Prix,6,44.664,28.521999999999995
92.64,24.0,MEDIUM,24.0,SAI,Ferrari,Miami Grand Prix,6,44.664,28.521999999999995
92.455,25.0,MEDIUM,25.0,SAI,Ferrari,Miami Grand Prix,6,44.664,28.521999999999995
92.573,26.0,MEDIUM,26.0,SAI,Ferrari,Miami Grand Prix,6,44.664,28.521999999999995
97.282,27.0,MEDIUM,27.0,SAI,Ferrari,Miami Grand Prix,6,44.664,28.521999999999995
116.881,28.0,HARD,1.0,SAI,Ferrari,Miami Grand Prix,6,44.664,28.521999999999995
127.676,30.0,HARD,3.0,SAI,Ferrari,Miami Grand Prix,6,44.664,28.521999999999995
102.547,31.0,HARD,4.0,SAI,Ferrari,Miami Grand Prix,6,44.664,28.521999999999995
93.197,33.0,HARD,6.0,SAI,Ferrari,Miami Grand Prix,6,44.664,28.521999999999995
92.109,34.0,HARD,7.0,SAI,Ferrari,Miami Grand Prix,6,44.664,28.521999999999995
91.423,35.0,HARD,8.0,SAI,Ferrari,Miami Grand Prix,6,44.664,28.521999999999995
92.105,36.0,HARD,9.0,SAI,Ferrari,Miami Grand Prix,6,44.664,28.521999999999995
92.315,37.0,HARD,10.0,SAI,Ferrari,Miami Grand Prix,6,44.664,28.521999999999995
91.366,38.0,HARD,11.0,SAI,Ferrari,Miami Grand Prix,6,44.664,28.521999999999995
92.198,39.0,HARD,12.0,SAI,Ferrari,Miami Grand Prix,6,44.664,28.521999999999995
92.455,40.0,HARD,13.0,SAI,Ferrari,Miami Grand Prix,6,44.664,28.521999999999995
92.006,41.0,HARD,14.0,SAI,Ferrari,Miami Grand Prix,6,44.664,28.521999999999995
91.581,42.0,HARD,15.0,SAI,Ferrari,Miami Grand Prix,6,44.664,28.521999999999995
91.052,43.0,HARD,16.0,SAI,Ferrari,Miami Grand Prix,6,44.664,28.521999999999995
91.362,44.0,HARD,17.0,SAI,Ferrari,Miami Grand Prix,6,44.664,28.521999999999995
91.501,45.0,HARD,18.0,SAI,Ferrari,Miami Grand Prix,6,44.664,28.521999999999995
91.348,46.0,HARD,19.0,SAI,Ferrari,Miami Grand Prix,6,44.664,28.521999999999995
91.523,47.0,HARD,20.0,SAI,Ferrari,Miami Grand Prix,6,44.664,28.521999999999995
91.392,48.0,HARD,21.0,SAI,Ferrari,Miami Grand Prix,6,44.664,28.521999999999995
91.415,49.0,HARD,22.0,SAI,Ferrari,Miami Grand Prix,6,44.664,28.521999999999995
91.546,50.0,HARD,23.0,SAI,Ferrari,Miami Grand Prix,6,44.664,28.521999999999995
91.039,51.0,HARD,24.0,SAI,Ferrari,Miami Grand Prix,6,44.664,28.521999999999995
91.363,52.0,HARD,25.0,SAI,Ferrari,Miami Grand Prix,6,44.664,28.521999999999995
91.567,53.0,HARD,26.0,SAI,Ferrari,Miami Grand Prix,6,44.664,28.521999999999995
91.325,54.0,HARD,27.0,SAI,Ferrari,Miami Grand Prix,6,44.664,28.521999999999995
90.928,55.0,HARD,28.0,SAI,Ferrari,Miami Grand Prix,6,44.664,28.521999999999995
91.062,56.0,HARD,29.0,SAI,Ferrari,Miami Grand Prix,6,44.664,28.521999999999995
91.1,57.0,HARD,30.0,SAI,Ferrari,Miami Grand Prix,6,44.664,28.521999999999995
94.095,3.0,MEDIUM,6.0,RUS,Mercedes,Miami Grand Prix,6,44.664,28.521999999999995
94.125,4.0,MEDIUM,7.0,RUS,Mercedes,Miami Grand Prix,6,44.664,28.521999999999995
93.932,5.0,MEDIUM,8.0,RUS,Mercedes,Miami Grand Prix,6,44.664,28.521999999999995
93.636,6.0,MEDIUM,9.0,RUS,Mercedes,Miami Grand Prix,6,44.664,28.521999999999995
93.936,7.0,MEDIUM,10.0,RUS,Mercedes,Miami Grand Prix,6,44.664,28.521999999999995
93.819,8.0,MEDIUM,11.0,RUS,Mercedes,Miami Grand Prix,6,44.664,28.521999999999995
94.359,9.0,MEDIUM,12.0,RUS,Mercedes,Miami Grand Prix,6,44.664,28.521999999999995
94.785,10.0,MEDIUM,13.0,RUS,Mercedes,Miami Grand Prix,6,44.664,28.521999999999995
94.805,11.0,MEDIUM,14.0,RUS,Mercedes,Miami Grand Prix,6,44.664,28.521999999999995
94.392,12.0,MEDIUM,15.0,RUS,Mercedes,Miami Grand Prix,6,44.664,28.521999999999995
94.041,13.0,MEDIUM,16.0,RUS,Mercedes,Miami Grand Prix,6,44.664,28.521999999999995
93.593,14.0,MEDIUM,17.0,RUS,Mercedes,Miami Grand Prix,6,44.664,28.521999999999995
93.389,15.0,MEDIUM,18.0,RUS,Mercedes,Miami Grand Prix,6,44.664,28.521999999999995
93.423,16.0,MEDIUM,19.0,RUS,Mercedes,Miami Grand Prix,6,44.664,28.521999999999995
93.607,17.0,MEDIUM,20.0,RUS,Mercedes,Miami Grand Prix,6,44.664,28.521999999999995
93.705,18.0,MEDIUM,21.0,RUS,Mercedes,Miami Grand Prix,6,44.664,28.521999999999995
93.562,19.0,MEDIUM,22.0,RUS,Mercedes,Miami Grand Prix,6,44.664,28.521999999999995
93.811,20.0,MEDIUM,23.0,RUS,Mercedes,Miami Grand Prix,6,44.664,28.521999999999995
93.713,21.0,MEDIUM,24.0,RUS,Mercedes,Miami Grand Prix,6,44.664,28.521999999999995
93.326,22.0,MEDIUM,25.0,RUS,Mercedes,Miami Grand Prix,6,44.664,28.521999999999995
108.602,23.0,MEDIUM,26.0,RUS,Mercedes,Miami Grand Prix,6,44.664,28.521999999999995
98.07,24.0,MEDIUM,27.0,RUS,Mercedes,Miami Grand Prix,6,44.664,28.521999999999995
107.438,25.0,HARD,1.0,RUS,Mercedes,Miami Grand Prix,6,44.664,28.521999999999995
92.358,26.0,HARD,2.0,RUS,Mercedes,Miami Grand Prix,6,44.664,28.521999999999995
92.595,27.0,HARD,3.0,RUS,Mercedes,Miami Grand Prix,6,44.664,28.521999999999995
109.281,28.0,HARD,4.0,RUS,Mercedes,Miami Grand Prix,6,44.664,28.521999999999995
127.473,29.0,HARD,5.0,RUS,Mercedes,Miami Grand Prix,6,44.664,28.521999999999995
119.428,30.0,HARD,6.0,RUS,Mercedes,Miami Grand Prix,6,44.664,28.521999999999995
106.613,31.0,HARD,7.0,RUS,Mercedes,Miami Grand Prix,6,44.664,28.521999999999995
94.455,33.0,HARD,9.0,RUS,Mercedes,Miami Grand Prix,6,44.664,28.521999999999995
92.762,34.0,HARD,10.0,RUS,Mercedes,Miami Grand Prix,6,44.664,28.521999999999995
92.277,35.0,HARD,11.0,RUS,Mercedes,Miami Grand Prix,6,44.664,28.521999999999995
92.345,36.0,HARD,12.0,RUS,Mercedes,Miami Grand Prix,6,44.664,28.521999999999995
92.275,37.0,HARD,13.0,RUS,Mercedes,Miami Grand Prix,6,44.664,28.521999999999995
92.291,38.0,HARD,14.0,RUS,Mercedes,Miami Grand Prix,6,44.664,28.521999999999995
92.248,39.0,HARD,15.0,RUS,Mercedes,Miami Grand Prix,6,44.664,28.521999999999995
92.277,40.0,HARD,16.0,RUS,Mercedes,Miami Grand Prix,6,44.664,28.521999999999995
92.648,41.0,HARD,17.0,RUS,Mercedes,Miami Grand Prix,6,44.664,28.521999999999995
92.167,42.0,HARD,18.0,RUS,Mercedes,Miami Grand Prix,6,44.664,28.521999999999995
91.921,43.0,HARD,19.0,RUS,Mercedes,Miami Grand Prix,6,44.664,28.521999999999995
93.698,44.0,HARD,20.0,RUS,Mercedes,Miami Grand Prix,6,44.664,28.521999999999995
92.131,45.0,HARD,21.0,RUS,Mercedes,Miami Grand Prix,6,44.664,28.521999999999995
92.304,46.0,HARD,22.0,RUS,Mercedes,Miami Grand Prix,6,44.664,28.521999999999995
92.198,47.0,HARD,23.0,RUS,Mercedes,Miami Grand Prix,6,44.664,28.521999999999995
92.175,48.0,HARD,24.0,RUS,Mercedes,Miami Grand Prix,6,44.664,28.521999999999995
92.12,49.0,HARD,25.0,RUS,Mercedes,Miami Grand Prix,6,44.664,28.521999999999995
92.438,50.0,HARD,26.0,RUS,Mercedes,Miami Grand Prix,6,44.664,28.521999999999995
92.053,51.0,HARD,27.0,RUS,Mercedes,Miami Grand Prix,6,44.664,28.521999999999995
92.185,52.0,HARD,28.0,RUS,Mercedes,Miami Grand Prix,6,44.664,28.521999999999995
93.394,53.0,HARD,29.0,RUS,Mercedes,Miami Grand Prix,6,44.664,28.521999999999995
92.537,54.0,HARD,30.0,RUS,Mercedes,Miami Grand Prix,6,44.664,28.521999999999995
92.03,55.0,HARD,31.0,RUS,Mercedes,Miami Grand Prix,6,44.664,28.521999999999995
92.379,56.0,HARD,32.0,RUS,Mercedes,Miami Grand Prix,6,44.664,28.521999999999995
92.739,57.0,HARD,33.0,RUS,Mercedes,Miami Grand Prix,6,44.664,28.521999999999995
94.634,3.0,SOFT,3.0,BOT,Kick Sauber,Miami Grand Prix,6,44.664,28.521999999999995
94.397,4.0,SOFT,4.0,BOT,Kick Sauber,Miami Grand Prix,6,44.664,28.521999999999995
93.828,5.0,SOFT,5.0,BOT,Kick Sauber,Miami Grand Prix,6,44.664,28.521999999999995
94.373,6.0,SOFT,6.0,BOT,Kick Sauber,Miami Grand Prix,6,44.664,28.521999999999995
94.395,7.0,SOFT,7.0,BOT,Kick Sauber,Miami Grand Prix,6,44.664,28.521999999999995
94.754,8.0,SOFT,8.0,BOT,Kick Sauber,Miami Grand Prix,6,44.664,28.521999999999995
94.597,9.0,SOFT,9.0,BOT,Kick Sauber,Miami Grand Prix,6,44.664,28.521999999999995
94.726,10.0,SOFT,10.0,BOT,Kick Sauber,Miami Grand Prix,6,44.664,28.521999999999995
99.656,11.0,SOFT,11.0,BOT,Kick Sauber,Miami Grand Prix,6,44.664,28.521999999999995
109.559,12.0,HARD,1.0,BOT,Kick Sauber,Miami Grand Prix,6,44.664,28.521999999999995
93.803,13.0,HARD,2.0,BOT,Kick Sauber,Miami Grand Prix,6,44.664,28.521999999999995
93.594,14.0,HARD,3.0,BOT,Kick Sauber,Miami Grand Prix,6,44.664,28.521999999999995
93.615,15.0,HARD,4.0,BOT,Kick Sauber,Miami Grand Prix,6,44.664,28.521999999999995
93.896,16.0,HARD,5.0,BOT,Kick Sauber,Miami Grand Prix,6,44.664,28.521999999999995
93.65,17.0,HARD,6.0,BOT,Kick Sauber,Miami Grand Prix,6,44.664,28.521999999999995
94.056,18.0,HARD,7.0,BOT,Kick Sauber,Miami Grand Prix,6,44.664,28.521999999999995
93.757,19.0,HARD,8.0,BOT,Kick Sauber,Miami Grand Prix,6,44.664,28.521999999999995
94.152,20.0,HARD,9.0,BOT,Kick Sauber,Miami Grand Prix,6,44.664,28.521999999999995
94.199,21.0,HARD,10.0,BOT,Kick Sauber,Miami Grand Prix,6,44.664,28.521999999999995
105.281,22.0,HARD,11.0,BOT,Kick Sauber,Miami Grand Prix,6,44.664,28.521999999999995
96.788,23.0,HARD,12.0,BOT,Kick Sauber,Miami Grand Prix,6,44.664,28.521999999999995
93.747,24.0,HARD,13.0,BOT,Kick Sauber,Miami Grand Prix,6,44.664,28.521999999999995
93.4,25.0,HARD,14.0,BOT,Kick Sauber,Miami Grand Prix,6,44.664,28.521999999999995
93.786,26.0,HARD,15.0,BOT,Kick Sauber,Miami Grand Prix,6,44.664,28.521999999999995
93.561,27.0,HARD,16.0,BOT,Kick Sauber,Miami Grand Prix,6,44.664,28.521999999999995
117.663,28.0,HARD,17.0,BOT,Kick Sauber,Miami Grand Prix,6,44.664,28.521999999999995
119.415,30.0,MEDIUM,1.0,BOT,Kick Sauber,Miami Grand Prix,6,44.664,28.521999999999995
102.586,31.0,MEDIUM,2.0,BOT,Kick Sauber,Miami Grand Prix,6,44.664,28.521999999999995
121.903,32.0,MEDIUM,3.0,BOT,Kick Sauber,Miami Grand Prix,6,44.664,28.521999999999995
93.009,33.0,MEDIUM,4.0,BOT,Kick Sauber,Miami Grand Prix,6,44.664,28.521999999999995
93.392,34.0,MEDIUM,5.0,BOT,Kick Sauber,Miami Grand Prix,6,44.664,28.521999999999995
92.922,35.0,MEDIUM,6.0,BOT,Kick Sauber,Miami Grand Prix,6,44.664,28.521999999999995
93.229,36.0,MEDIUM,7.0,BOT,Kick Sauber,Miami Grand Prix,6,44.664,28.521999999999995
92.95,37.0,MEDIUM,8.0,BOT,Kick Sauber,Miami Grand Prix,6,44.664,28.521999999999995
93.007,38.0,MEDIUM,9.0,BOT,Kick Sauber,Miami Grand Prix,6,44.664,28.521999999999995
93.012,39.0,MEDIUM,10.0,BOT,Kick Sauber,Miami Grand Prix,6,44.664,28.521999999999995
93.527,40.0,MEDIUM,11.0,BOT,Kick Sauber,Miami Grand Prix,6,44.664,28.521999999999995
93.044,41.0,MEDIUM,12.0,BOT,Kick Sauber,Miami Grand Prix,6,44.664,28.521999999999995
92.858,42.0,MEDIUM,13.0,BOT,Kick Sauber,Miami Grand Prix,6,44.664,28.521999999999995
92.748,43.0,MEDIUM,14.0,BOT,Kick Sauber,Miami Grand Prix,6,44.664,28.521999999999995
92.947,44.0,MEDIUM,15.0,BOT,Kick Sauber,Miami Grand Prix,6,44.664,28.521999999999995
93.026,45.0,MEDIUM,16.0,BOT,Kick Sauber,Miami Grand Prix,6,44.664,28.521999999999995
92.908,46.0,MEDIUM,17.0,BOT,Kick Sauber,Miami Grand Prix,6,44.664,28.521999999999995
92.888,47.0,MEDIUM,18.0,BOT,Kick Sauber,Miami Grand Prix,6,44.664,28.521999999999995
93.421,48.0,MEDIUM,19.0,BOT,Kick Sauber,Miami Grand Prix,6,44.664,28.521999999999995
93.186,49.0,MEDIUM,20.0,BOT,Kick Sauber,Miami Grand Prix,6,44.664,28.521999999999995
92.46,50.0,MEDIUM,21.0,BOT,Kick Sauber,Miami Grand Prix,6,44.664,28.521999999999995
92.666,51.0,MEDIUM,22.0,BOT,Kick Sauber,Miami Grand Prix,6,44.664,28.521999999999995
92.605,52.0,MEDIUM,23.0,BOT,Kick Sauber,Miami Grand Prix,6,44.664,28.521999999999995
92.853,53.0,MEDIUM,24.0,BOT,Kick Sauber,Miami Grand Prix,6,44.664,28.521999999999995
92.326,54.0,MEDIUM,25.0,BOT,Kick Sauber,Miami Grand Prix,6,44.664,28.521999999999995
92.098,55.0,MEDIUM,26.0,BOT,Kick Sauber,Miami Grand Prix,6,44.664,28.521999999999995
92.437,56.0,MEDIUM,27.0,BOT,Kick Sauber,Miami Grand Prix,6,44.664,28.521999999999995
92.619,57.0,MEDIUM,28.0,BOT,Kick Sauber,Miami Grand Prix,6,44.664,28.521999999999995
93.063,3.0,MEDIUM,3.0,PIA,McLaren,Miami Grand Prix,6,44.664,28.521999999999995
93.119,4.0,MEDIUM,4.0,PIA,McLaren,Miami Grand Prix,6,44.664,28.521999999999995
93.321,5.0,MEDIUM,5.0,PIA,McLaren,Miami Grand Prix,6,44.664,28.521999999999995
92.878,6.0,MEDIUM,6.0,PIA,McLaren,Miami Grand Prix,6,44.664,28.521999999999995
93.355,7.0,MEDIUM,7.0,PIA,McLaren,Miami Grand Prix,6,44.664,28.521999999999995
93.067,8.0,MEDIUM,8.0,PIA,McLaren,Miami Grand Prix,6,44.664,28.521999999999995
93.092,9.0,MEDIUM,9.0,PIA,McLaren,Miami Grand Prix,6,44.664,28.521999999999995
93.592,10.0,MEDIUM,10.0,PIA,McLaren,Miami Grand Prix,6,44.664,28.521999999999995
93.262,11.0,MEDIUM,11.0,PIA,McLaren,Miami Grand Prix,6,44.664,28.521999999999995
93.083,12.0,MEDIUM,12.0,PIA,McLaren,Miami Grand Prix,6,44.664,28.521999999999995
93.162,13.0,MEDIUM,13.0,PIA,McLaren,Miami Grand Prix,6,44.664,28.521999999999995
93.183,14.0,MEDIUM,14.0,PIA,McLaren,Miami Grand Prix,6,44.664,28.521999999999995
92.767,15.0,MEDIUM,15.0,PIA,McLaren,Miami Grand Prix,6,44.664,28.521999999999995
92.785,16.0,MEDIUM,16.0,PIA,McLaren,Miami Grand Prix,6,44.664,28.521999999999995
93.084,17.0,MEDIUM,17.0,PIA,McLaren,Miami Grand Prix,6,44.664,28.521999999999995
92.975,18.0,MEDIUM,18.0,PIA,McLaren,Miami Grand Prix,6,44.664,28.521999999999995
93.109,19.0,MEDIUM,19.0,PIA,McLaren,Miami Grand Prix,6,44.664,28.521999999999995
92.63,20.0,MEDIUM,20.0,PIA,McLaren,Miami Grand Prix,6,44.664,28.521999999999995
92.93,21.0,MEDIUM,21.0,PIA,McLaren,Miami Grand Prix,6,44.664,28.521999999999995
92.716,22.0,MEDIUM,22.0,PIA,McLaren,Miami Grand Prix,6,44.664,28.521999999999995
107.104,23.0,MEDIUM,23.0,PIA,McLaren,Miami Grand Prix,6,44.664,28.521999999999995
92.455,24.0,MEDIUM,24.0,PIA,McLaren,Miami Grand Prix,6,44.664,28.521999999999995
92.453,25.0,MEDIUM,25.0,PIA,McLaren,Miami Grand Prix,6,44.664,28.521999999999995
92.656,26.0,MEDIUM,26.0,PIA,McLaren,Miami Grand Prix,6,44.664,28.521999999999995
97.602,27.0,MEDIUM,27.0,PIA,McLaren,Miami Grand Prix,6,44.664,28.521999999999995
115.479,28.0,HARD,1.0,PIA,McLaren,Miami Grand Prix,6,44.664,28.521999999999995
125.882,30.0,HARD,3.0,PIA,McLaren,Miami Grand Prix,6,44.664,28.521999999999995
102.757,31.0,HARD,4.0,PIA,McLaren,Miami Grand Prix,6,44.664,28.521999999999995
93.248,33.0,HARD,6.0,PIA,McLaren,Miami Grand Prix,6,44.664,28.521999999999995
92.143,34.0,HARD,7.0,PIA,McLaren,Miami Grand Prix,6,44.664,28.521999999999995
91.372,35.0,HARD,8.0,PIA,McLaren,Miami Grand Prix,6,44.664,28.521999999999995
92.202,36.0,HARD,9.0,PIA,McLaren,Miami Grand Prix,6,44.664,28.521999999999995
92.035,37.0,HARD,10.0,PIA,McLaren,Miami Grand Prix,6,44.664,28.521999999999995
91.673,38.0,HARD,11.0,PIA,McLaren,Miami Grand Prix,6,44.664,28.521999999999995
92.617,39.0,HARD,12.0,PIA,McLaren,Miami Grand Prix,6,44.664,28.521999999999995
100.795,40.0,HARD,13.0,PIA,McLaren,Miami Grand Prix,6,44.664,28.521999999999995
113.723,41.0,MEDIUM,7.0,PIA,McLaren,Miami Grand Prix,6,44.664,28.521999999999995
90.643,42.0,MEDIUM,8.0,PIA,McLaren,Miami Grand Prix,6,44.664,28.521999999999995
90.634,43.0,MEDIUM,9.0,PIA,McLaren,Miami Grand Prix,6,44.664,28.521999999999995
90.752,44.0,MEDIUM,10.0,PIA,McLaren,Miami Grand Prix,6,44.664,28.521999999999995
91.286,45.0,MEDIUM,11.0,PIA,McLaren,Miami Grand Prix,6,44.664,28.521999999999995
91.08,46.0,MEDIUM,12.0,PIA,McLaren,Miami Grand Prix,6,44.664,28.521999999999995
91.641,47.0,MEDIUM,13.0,PIA,McLaren,Miami Grand Prix,6,44.664,28.521999999999995
91.828,48.0,MEDIUM,14.0,PIA,McLaren,Miami Grand Prix,6,44.664,28.521999999999995
91.95,49.0,MEDIUM,15.0,PIA,McLaren,Miami Grand Prix,6,44.664,28.521999999999995
92.375,50.0,MEDIUM,16.0,PIA,McLaren,Miami Grand Prix,6,44.664,28.521999999999995
92.849,51.0,MEDIUM,17.0,PIA,McLaren,Miami Grand Prix,6,44.664,28.521999999999995
93.862,52.0,MEDIUM,18.0,PIA,McLaren,Miami Grand Prix,6,44.664,28.521999999999995
92.61,53.0,MEDIUM,19.0,PIA,McLaren,Miami Grand Prix,6,44.664,28.521999999999995
91.932,54.0,MEDIUM,20.0,PIA,McLaren,Miami Grand Prix,6,44.664,28.521999999999995
91.665,55.0,MEDIUM,21.0,PIA,McLaren,Miami Grand Prix,6,44.664,28.521999999999995
92.054,56.0,MEDIUM,22.0,PIA,McLaren,Miami Grand Prix,6,44.664,28.521999999999995
92.15,57.0,MEDIUM,23.0,PIA,McLaren,Miami Grand Prix,6,44.664,28.521999999999995
80.872,3.0,MEDIUM,3.0,VER,Red Bull Racing,Emilia Romagna Grand Prix,7,42.023776223776224,25.113986013986015
80.671,4.0,MEDIUM,4.0,VER,Red Bull Racing,Emilia Romagna Grand Prix,7,42.023776223776224,25.113986013986015
80.734,5.0,MEDIUM,5.0,VER,Red Bull Racing,Emilia Romagna Grand Prix,7,42.023776223776224,25.113986013986015
80.868,6.0,MEDIUM,6.0,VER,Red Bull Racing,Emilia Romagna Grand Prix,7,42.023776223776224,25.113986013986015
80.868,7.0,MEDIUM,7.0,VER,Red Bull Racing,Emilia Romagna Grand Prix,7,42.023776223776224,25.113986013986015
80.762,8.0,MEDIUM,8.0,VER,Red Bull Racing,Emilia Romagna Grand Prix,7,42.023776223776224,25.113986013986015
80.543,9.0,MEDIUM,9.0,VER,Red Bull Racing,Emilia Romagna Grand Prix,7,42.023776223776224,25.113986013986015
81.093,10.0,MEDIUM,10.0,VER,Red Bull Racing,Emilia Romagna Grand Prix,7,42.023776223776224,25.113986013986015
80.885,11.0,MEDIUM,11.0,VER,Red Bull Racing,Emilia Romagna Grand Prix,7,42.023776223776224,25.113986013986015
81.287,12.0,MEDIUM,12.0,VER,Red Bull Racing,Emilia Romagna Grand Prix,7,42.023776223776224,25.113986013986015
81.073,13.0,MEDIUM,13.0,VER,Red Bull Racing,Emilia Romagna Grand Prix,7,42.023776223776224,25.113986013986015
80.982,14.0,MEDIUM,14.0,VER,Red Bull Racing,Emilia Romagna Grand Prix,7,42.023776223776224,25.113986013986015
81.323,15.0,MEDIUM,15.0,VER,Red Bull Racing,Emilia Romagna Grand Prix,7,42.023776223776224,25.113986013986015
81.362,16.0,MEDIUM,16.0,VER,Red Bull Racing,Emilia Romagna Grand Prix,7,42.023776223776224,25.113986013986015
81.328,17.0,MEDIUM,17.0,VER,Red Bull Racing,Emilia Romagna Grand Prix,7,42.023776223776224,25.113986013986015
81.411,18.0,MEDIUM,18.0,VER,Red Bull Racing,Emilia Romagna Grand Prix,7,42.023776223776224,25.113986013986015
81.517,19.0,MEDIUM,19.0,VER,Red Bull Racing,Emilia Romagna Grand Prix,7,42.023776223776224,25.113986013986015
81.55,20.0,MEDIUM,20.0,VER,Red Bull Racing,Emilia Romagna Grand Prix,7,42.023776223776224,25.113986013986015
81.608,21.0,MEDIUM,21.0,VER,Red Bull Racing,Emilia Romagna Grand Prix,7,42.023776223776224,25.113986013986015
81.763,22.0,MEDIUM,22.0,VER,Red Bull Racing,Emilia Romagna Grand Prix,7,42.023776223776224,25.113986013986015
81.988,23.0,MEDIUM,23.0,VER,Red Bull Racing,Emilia Romagna Grand Prix,7,42.023776223776224,25.113986013986015
86.212,24.0,MEDIUM,24.0,VER,Red Bull Racing,Emilia Romagna Grand Prix,7,42.023776223776224,25.113986013986015
103.602,25.0,HARD,1.0,VER,Red Bull Racing,Emilia Romagna Grand Prix,7,42.023776223776224,25.113986013986015
80.482,26.0,HARD,2.0,VER,Red Bull Racing,Emilia Romagna Grand Prix,7,42.023776223776224,25.113986013986015
80.943,27.0,HARD,3.0,VER,Red Bull Racing,Emilia Romagna Grand Prix,7,42.023776223776224,25.113986013986015
80.709,28.0,HARD,4.0,VER,Red Bull Racing,Emilia Romagna Grand Prix,7,42.023776223776224,25.113986013986015
80.615,29.0,HARD,5.0,VER,Red Bull Racing,Emilia Romagna Grand Prix,7,42.023776223776224,25.113986013986015
80.571,30.0,HARD,6.0,VER,Red Bull Racing,Emilia Romagna Grand Prix,7,42.023776223776224,25.113986013986015
80.545,31.0,HARD,7.0,VER,Red Bull Racing,Emilia Romagna Grand Prix,7,42.023776223776224,25.113986013986015
80.713,32.0,HARD,8.0,VER,Red Bull Racing,Emilia Romagna Grand Prix,7,42.023776223776224,25.113986013986015
81.141,33.0,HARD,9.0,VER,Red Bull Racing,Emilia Romagna Grand Prix,7,42.023776223776224,25.113986013986015
80.76,34.0,HARD,10.0,VER,Red Bull Racing,Emilia Romagna Grand Prix,7,42.023776223776224,25.113986013986015
80.8,35.0,HARD,11.0,VER,Red Bull Racing,Emilia Romagna Grand Prix,7,42.023776223776224,25.113986013986015
80.704,36.0,HARD,12.0,VER,Red Bull Racing,Emilia Romagna Grand Prix,7,42.023776223776224,25.113986013986015
80.484,37.0,HARD,13.0,VER,Red Bull Racing,Emilia Romagna Grand Prix,7,42.023776223776224,25.113986013986015
80.366,38.0,HARD,14.0,VER,Red Bull Racing,Emilia Romagna Grand Prix,7,42.023776223776224,25.113986013986015
80.547,39.0,HARD,15.0,VER,Red Bull Racing,Emilia Romagna Grand Prix,7,42.023776223776224,25.113986013986015
80.645,40.0,HARD,16.0,VER,Red Bull Racing,Emilia Romagna Grand Prix,7,42.023776223776224,25.113986013986015
80.675,41.0,HARD,17.0,VER,Red Bull Racing,Emilia Romagna Grand Prix,7,42.023776223776224,25.113986013986015
80.832,42.0,HARD,18.0,VER,Red Bull Racing,Emilia Romagna Grand Prix,7,42.023776223776224,25.113986013986015
80.757,43.0,HARD,19.0,VER,Red Bull Racing,Emilia Romagna Grand Prix,7,42.023776223776224,25.113986013986015
80.834,44.0,HARD,20.0,VER,Red Bull Racing,Emilia Romagna Grand Prix,7,42.023776223776224,25.113986013986015
81.364,45.0,HARD,21.0,VER,Red Bull Racing,Emilia Romagna Grand Prix,7,42.023776223776224,25.113986013986015
80.7,46.0,HARD,22.0,VER,Red Bull Racing,Emilia Romagna Grand Prix,7,42.023776223776224,25.113986013986015
80.909,47.0,HARD,23.0,VER,Red Bull Racing,Emilia Romagna Grand Prix,7,42.023776223776224,25.113986013986015
80.923,48.0,HARD,24.0,VER,Red Bull Racing,Emilia Romagna Grand Prix,7,42.023776223776224,25.113986013986015
80.823,49.0,HARD,25.0,VER,Red Bull Racing,Emilia Romagna Grand Prix,7,42.023776223776224,25.113986013986015
80.817,50.0,HARD,26.0,VER,Red Bull Racing,Emilia Romagna Grand Prix,7,42.023776223776224,25.113986013986015
80.736,51.0,HARD,27.0,VER,Red Bull Racing,Emilia Romagna Grand Prix,7,42.023776223776224,25.113986013986015
80.556,52.0,HARD,28.0,VER,Red Bull Racing,Emilia Romagna Grand Prix,7,42.023776223776224,25.113986013986015
80.638,53.0,HARD,29.0,VER,Red Bull Racing,Emilia Romagna Grand Prix,7,42.023776223776224,25.113986013986015
80.918,54.0,HARD,30.0,VER,Red Bull Racing,Emilia Romagna Grand Prix,7,42.023776223776224,25.113986013986015
80.962,55.0,HARD,31.0,VER,Red Bull Racing,Emilia Romagna Grand Prix,7,42.023776223776224,25.113986013986015
80.49,56.0,HARD,32.0,VER,Red Bull Racing,Emilia Romagna Grand Prix,7,42.023776223776224,25.113986013986015
80.511,57.0,HARD,33.0,VER,Red Bull Racing,Emilia Romagna Grand Prix,7,42.023776223776224,25.113986013986015
80.513,58.0,HARD,34.0,VER,Red Bull Racing,Emilia Romagna Grand Prix,7,42.023776223776224,25.113986013986015
80.367,59.0,HARD,35.0,VER,Red Bull Racing,Emilia Romagna Grand Prix,7,42.023776223776224,25.113986013986015
80.637,60.0,HARD,36.0,VER,Red Bull Racing,Emilia Romagna Grand Prix,7,42.023776223776224,25.113986013986015
80.698,61.0,HARD,37.0,VER,Red Bull Racing,Emilia Romagna Grand Prix,7,42.023776223776224,25.113986013986015
80.753,62.0,HARD,38.0,VER,Red Bull Racing,Emilia Romagna Grand Prix,7,42.023776223776224,25.113986013986015
81.035,63.0,HARD,39.0,VER,Red Bull Racing,Emilia Romagna Grand Prix,7,42.023776223776224,25.113986013986015
80.884,3.0,MEDIUM,3.0,NOR,McLaren,Emilia Romagna Grand Prix,7,42.023776223776224,25.113986013986015
81.205,4.0,MEDIUM,4.0,NOR,McLaren,Emilia Romagna Grand Prix,7,42.023776223776224,25.113986013986015
81.046,5.0,MEDIUM,5.0,NOR,McLaren,Emilia Romagna Grand Prix,7,42.023776223776224,25.113986013986015
80.909,6.0,MEDIUM,6.0,NOR,McLaren,Emilia Romagna Grand Prix,7,42.023776223776224,25.113986013986015
80.923,7.0,MEDIUM,7.0,NOR,McLaren,Emilia Romagna Grand Prix,7,42.023776223776224,25.113986013986015
80.997,8.0,MEDIUM,8.0,NOR,McLaren,Emilia Romagna Grand Prix,7,42.023776223776224,25.113986013986015
81.052,9.0,MEDIUM,9.0,NOR,McLaren,Emilia Romagna Grand Prix,7,42.023776223776224,25.113986013986015
81.272,10.0,MEDIUM,10.0,NOR,McLaren,Emilia Romagna Grand Prix,7,42.023776223776224,25.113986013986015
81.201,11.0,MEDIUM,11.0,NOR,McLaren,Emilia Romagna Grand Prix,7,42.023776223776224,25.113986013986015
81.438,12.0,MEDIUM,12.0,NOR,McLaren,Emilia Romagna Grand Prix,7,42.023776223776224,25.113986013986015
81.735,13.0,MEDIUM,13.0,NOR,McLaren,Emilia Romagna Grand Prix,7,42.023776223776224,25.113986013986015
81.716,14.0,MEDIUM,14.0,NOR,McLaren,Emilia Romagna Grand Prix,7,42.023776223776224,25.113986013986015
81.666,15.0,MEDIUM,15.0,NOR,McLaren,Emilia Romagna Grand Prix,7,42.023776223776224,25.113986013986015
81.523,16.0,MEDIUM,16.0,NOR,McLaren,Emilia Romagna Grand Prix,7,42.023776223776224,25.113986013986015
81.565,17.0,MEDIUM,17.0,NOR,McLaren,Emilia Romagna Grand Prix,7,42.023776223776224,25.113986013986015
81.617,18.0,MEDIUM,18.0,NOR,McLaren,Emilia Romagna Grand Prix,7,42.023776223776224,25.113986013986015
81.793,19.0,MEDIUM,19.0,NOR,McLaren,Emilia Romagna Grand Prix,7,42.023776223776224,25.113986013986015
81.883,20.0,MEDIUM,20.0,NOR,McLaren,Emilia Romagna Grand Prix,7,42.023776223776224,25.113986013986015
81.855,21.0,MEDIUM,21.0,NOR,McLaren,Emilia Romagna Grand Prix,7,42.023776223776224,25.113986013986015
86.107,22.0,MEDIUM,22.0,NOR,McLaren,Emilia Romagna Grand Prix,7,42.023776223776224,25.113986013986015
104.693,23.0,HARD,2.0,NOR,McLaren,Emilia Romagna Grand Prix,7,42.023776223776224,25.113986013986015
80.468,24.0,HARD,3.0,NOR,McLaren,Emilia Romagna Grand Prix,7,42.023776223776224,25.113986013986015
80.977,25.0,HARD,4.0,NOR,McLaren,Emilia Romagna Grand Prix,7,42.023776223776224,25.113986013986015
80.899,26.0,HARD,5.0,NOR,McLaren,Emilia Romagna Grand Prix,7,42.023776223776224,25.113986013986015
81.029,27.0,HARD,6.0,NOR,McLaren,Emilia Romagna Grand Prix,7,42.023776223776224,25.113986013986015
81.077,28.0,HARD,7.0,NOR,McLaren,Emilia Romagna Grand Prix,7,42.023776223776224,25.113986013986015
80.933,29.0,HARD,8.0,NOR,McLaren,Emilia Romagna Grand Prix,7,42.023776223776224,25.113986013986015
80.72,30.0,HARD,9.0,NOR,McLaren,Emilia Romagna Grand Prix,7,42.023776223776224,25.113986013986015
80.628,31.0,HARD,10.0,NOR,McLaren,Emilia Romagna Grand Prix,7,42.023776223776224,25.113986013986015
80.923,32.0,HARD,11.0,NOR,McLaren,Emilia Romagna Grand Prix,7,42.023776223776224,25.113986013986015
80.764,33.0,HARD,12.0,NOR,McLaren,Emilia Romagna Grand Prix,7,42.023776223776224,25.113986013986015
80.776,34.0,HARD,13.0,NOR,McLaren,Emilia Romagna Grand Prix,7,42.023776223776224,25.113986013986015
80.687,35.0,HARD,14.0,NOR,McLaren,Emilia Romagna Grand Prix,7,42.023776223776224,25.113986013986015
80.656,36.0,HARD,15.0,NOR,McLaren,Emilia Romagna Grand Prix,7,42.023776223776224,25.113986013986015
80.714,37.0,HARD,16.0,NOR,McLaren,Emilia Romagna Grand Prix,7,42.023776223776224,25.113986013986015
80.458,38.0,HARD,17.0,NOR,McLaren,Emilia Romagna Grand Prix,7,42.023776223776224,25.113986013986015
80.591,39.0,HARD,18.0,NOR,McLaren,Emilia Romagna Grand Prix,7,42.023776223776224,25.113986013986015
81.025,40.0,HARD,19.0,NOR,McLaren,Emilia Romagna Grand Prix,7,42.023776223776224,25.113986013986015
81.102,41.0,HARD,20.0,NOR,McLaren,Emilia Romagna Grand Prix,7,42.023776223776224,25.113986013986015
80.828,42.0,HARD,21.0,NOR,McLaren,Emilia Romagna Grand Prix,7,42.023776223776224,25.113986013986015
80.838,43.0,HARD,22.0,NOR,McLaren,Emilia Romagna Grand Prix,7,42.023776223776224,25.113986013986015
80.708,44.0,HARD,23.0,NOR,McLaren,Emilia Romagna Grand Prix,7,42.023776223776224,25.113986013986015
80.339,45.0,HARD,24.0,NOR,McLaren,Emilia Romagna Grand Prix,7,42.023776223776224,25.113986013986015
80.546,46.0,HARD,25.0,NOR,McLaren,Emilia Romagna Grand Prix,7,42.023776223776224,25.113986013986015
80.816,47.0,HARD,26.0,NOR,McLaren,Emilia Romagna Grand Prix,7,42.023776223776224,25.113986013986015
80.803,48.0,HARD,27.0,NOR,McLaren,Emilia Romagna Grand Prix,7,42.023776223776224,25.113986013986015
80.485,49.0,HARD,28.0,NOR,McLaren,Emilia Romagna Grand Prix,7,42.023776223776224,25.113986013986015
80.039,50.0,HARD,29.0,NOR,McLaren,Emilia Romagna Grand Prix,7,42.023776223776224,25.113986013986015
80.367,51.0,HARD,30.0,NOR,McLaren,Emilia Romagna Grand Prix,7,42.023776223776224,25.113986013986015
80.582,52.0,HARD,31.0,NOR,McLaren,Emilia Romagna Grand Prix,7,42.023776223776224,25.113986013986015
80.141,53.0,HARD,32.0,NOR,McLaren,Emilia Romagna Grand Prix,7,42.023776223776224,25.113986013986015
79.994,54.0,HARD,33.0,NOR,McLaren,Emilia Romagna Grand Prix,7,42.023776223776224,25.113986013986015
80.182,55.0,HARD,34.0,NOR,McLaren,Emilia Romagna Grand Prix,7,42.023776223776224,25.113986013986015
80.168,56.0,HARD,35.0,NOR,McLaren,Emilia Romagna Grand Prix,7,42.023776223776224,25.113986013986015
80.105,57.0,HARD,36.0,NOR,McLaren,Emilia Romagna Grand Prix,7,42.023776223776224,25.113986013986015
80.555,58.0,HARD,37.0,NOR,McLaren,Emilia Romagna Grand Prix,7,42.023776223776224,25.113986013986015
80.489,59.0,HARD,38.0,NOR,McLaren,Emilia Romagna Grand Prix,7,42.023776223776224,25.113986013986015
80.239,60.0,HARD,39.0,NOR,McLaren,Emilia Romagna Grand Prix,7,42.023776223776224,25.113986013986015
80.502,61.0,HARD,40.0,NOR,McLaren,Emilia Romagna Grand Prix,7,42.023776223776224,25.113986013986015
80.564,62.0,HARD,41.0,NOR,McLaren,Emilia Romagna Grand Prix,7,42.023776223776224,25.113986013986015
80.743,63.0,HARD,42.0,NOR,McLaren,Emilia Romagna Grand Prix,7,42.023776223776224,25.113986013986015
80.931,3.0,MEDIUM,3.0,LEC,Ferrari,Emilia Romagna Grand Prix,7,42.023776223776224,25.113986013986015
81.279,4.0,MEDIUM,4.0,LEC,Ferrari,Emilia Romagna Grand Prix,7,42.023776223776224,25.113986013986015
81.122,5.0,MEDIUM,5.0,LEC,Ferrari,Emilia Romagna Grand Prix,7,42.023776223776224,25.113986013986015
81.043,6.0,MEDIUM,6.0,LEC,Ferrari,Emilia Romagna Grand Prix,7,42.023776223776224,25.113986013986015
81.025,7.0,MEDIUM,7.0,LEC,Ferrari,Emilia Romagna Grand Prix,7,42.023776223776224,25.113986013986015
81.116,8.0,MEDIUM,8.0,LEC,Ferrari,Emilia Romagna Grand Prix,7,42.023776223776224,25.113986013986015
81.215,9.0,MEDIUM,9.0,LEC,Ferrari,Emilia Romagna Grand Prix,7,42.023776223776224,25.113986013986015
81.387,10.0,MEDIUM,10.0,LEC,Ferrari,Emilia Romagna Grand Prix,7,42.023776223776224,25.113986013986015
81.147,11.0,MEDIUM,11.0,LEC,Ferrari,Emilia Romagna Grand Prix,7,42.023776223776224,25.113986013986015
81.349,12.0,MEDIUM,12.0,LEC,Ferrari,Emilia Romagna Grand Prix,7,42.023776223776224,25.113986013986015
81.442,13.0,MEDIUM,13.0,LEC,Ferrari,Emilia Romagna Grand Prix,7,42.023776223776224,25.113986013986015
81.661,14.0,MEDIUM,14.0,LEC,Ferrari,Emilia Romagna Grand Prix,7,42.023776223776224,25.113986013986015
81.464,15.0,MEDIUM,15.0,LEC,Ferrari,Emilia Romagna Grand Prix,7,42.023776223776224,25.113986013986015
81.964,16.0,MEDIUM,16.0,LEC,Ferrari,Emilia Romagna Grand Prix,7,42.023776223776224,25.113986013986015
81.714,17.0,MEDIUM,17.0,LEC,Ferrari,Emilia Romagna Grand Prix,7,42.023776223776224,25.113986013986015
81.719,18.0,MEDIUM,18.0,LEC,Ferrari,Emilia Romagna Grand Prix,7,42.023776223776224,25.113986013986015
81.672,19.0,MEDIUM,19.0,LEC,Ferrari,Emilia Romagna Grand Prix,7,42.023776223776224,25.113986013986015
81.757,20.0,MEDIUM,20.0,LEC,Ferrari,Emilia Romagna Grand Prix,7,42.023776223776224,25.113986013986015
81.669,21.0,MEDIUM,21.0,LEC,Ferrari,Emilia Romagna Grand Prix,7,42.023776223776224,25.113986013986015
82.018,22.0,MEDIUM,22.0,LEC,Ferrari,Emilia Romagna Grand Prix,7,42.023776223776224,25.113986013986015
81.943,23.0,MEDIUM,23.0,LEC,Ferrari,Emilia Romagna Grand Prix,7,42.023776223776224,25.113986013986015
81.6,24.0,MEDIUM,24.0,LEC,Ferrari,Emilia Romagna Grand Prix,7,42.023776223776224,25.113986013986015
86.023,25.0,MEDIUM,25.0,LEC,Ferrari,Emilia Romagna Grand Prix,7,42.023776223776224,25.113986013986015
105.006,26.0,HARD,1.0,LEC,Ferrari,Emilia Romagna Grand Prix,7,42.023776223776224,25.113986013986015
79.935,27.0,HARD,2.0,LEC,Ferrari,Emilia Romagna Grand Prix,7,42.023776223776224,25.113986013986015
80.928,28.0,HARD,3.0,LEC,Ferrari,Emilia Romagna Grand Prix,7,42.023776223776224,25.113986013986015
80.502,29.0,HARD,4.0,LEC,Ferrari,Emilia Romagna Grand Prix,7,42.023776223776224,25.113986013986015
80.426,30.0,HARD,5.0,LEC,Ferrari,Emilia Romagna Grand Prix,7,42.023776223776224,25.113986013986015
80.944,31.0,HARD,6.0,LEC,Ferrari,Emilia Romagna Grand Prix,7,42.023776223776224,25.113986013986015
80.645,32.0,HARD,7.0,LEC,Ferrari,Emilia Romagna Grand Prix,7,42.023776223776224,25.113986013986015
80.589,33.0,HARD,8.0,LEC,Ferrari,Emilia Romagna Grand Prix,7,42.023776223776224,25.113986013986015
80.726,34.0,HARD,9.0,LEC,Ferrari,Emilia Romagna Grand Prix,7,42.023776223776224,25.113986013986015
80.812,35.0,HARD,10.0,LEC,Ferrari,Emilia Romagna Grand Prix,7,42.023776223776224,25.113986013986015
80.562,36.0,HARD,11.0,LEC,Ferrari,Emilia Romagna Grand Prix,7,42.023776223776224,25.113986013986015
80.36,37.0,HARD,12.0,LEC,Ferrari,Emilia Romagna Grand Prix,7,42.023776223776224,25.113986013986015
80.194,38.0,HARD,13.0,LEC,Ferrari,Emilia Romagna Grand Prix,7,42.023776223776224,25.113986013986015
80.507,39.0,HARD,14.0,LEC,Ferrari,Emilia Romagna Grand Prix,7,42.023776223776224,25.113986013986015
80.582,40.0,HARD,15.0,LEC,Ferrari,Emilia Romagna Grand Prix,7,42.023776223776224,25.113986013986015
80.928,41.0,HARD,16.0,LEC,Ferrari,Emilia Romagna Grand Prix,7,42.023776223776224,25.113986013986015
80.24,42.0,HARD,17.0,LEC,Ferrari,Emilia Romagna Grand Prix,7,42.023776223776224,25.113986013986015
80.942,43.0,HARD,18.0,LEC,Ferrari,Emilia Romagna Grand Prix,7,42.023776223776224,25.113986013986015
80.702,44.0,HARD,19.0,LEC,Ferrari,Emilia Romagna Grand Prix,7,42.023776223776224,25.113986013986015
80.431,45.0,HARD,20.0,LEC,Ferrari,Emilia Romagna Grand Prix,7,42.023776223776224,25.113986013986015
80.596,46.0,HARD,21.0,LEC,Ferrari,Emilia Romagna Grand Prix,7,42.023776223776224,25.113986013986015
81.313,47.0,HARD,22.0,LEC,Ferrari,Emilia Romagna Grand Prix,7,42.023776223776224,25.113986013986015
81.513,48.0,HARD,23.0,LEC,Ferrari,Emilia Romagna Grand Prix,7,42.023776223776224,25.113986013986015
80.798,49.0,HARD,24.0,LEC,Ferrari,Emilia Romagna Grand Prix,7,42.023776223776224,25.113986013986015
80.414,50.0,HARD,25.0,LEC,Ferrari,Emilia Romagna Grand Prix,7,42.023776223776224,25.113986013986015
80.364,51.0,HARD,26.0,LEC,Ferrari,Emilia Romagna Grand Prix,7,42.023776223776224,25.113986013986015
80.358,52.0,HARD,27.0,LEC,Ferrari,Emilia Romagna Grand Prix,7,42.023776223776224,25.113986013986015
80.889,53.0,HARD,28.0,LEC,Ferrari,Emilia Romagna Grand Prix,7,42.023776223776224,25.113986013986015
80.398,54.0,HARD,29.0,LEC,Ferrari,Emilia Romagna Grand Prix,7,42.023776223776224,25.113986013986015
80.636,55.0,HARD,30.0,LEC,Ferrari,Emilia Romagna Grand Prix,7,42.023776223776224,25.113986013986015
80.415,56.0,HARD,31.0,LEC,Ferrari,Emilia Romagna Grand Prix,7,42.023776223776224,25.113986013986015
80.752,57.0,HARD,32.0,LEC,Ferrari,Emilia Romagna Grand Prix,7,42.023776223776224,25.113986013986015
80.553,58.0,HARD,33.0,LEC,Ferrari,Emilia Romagna Grand Prix,7,42.023776223776224,25.113986013986015
80.506,59.0,HARD,34.0,LEC,Ferrari,Emilia Romagna Grand Prix,7,42.023776223776224,25.113986013986015
80.693,60.0,HARD,35.0,LEC,Ferrari,Emilia Romagna Grand Prix,7,42.023776223776224,25.113986013986015
80.783,61.0,HARD,36.0,LEC,Ferrari,Emilia Romagna Grand Prix,7,42.023776223776224,25.113986013986015
81.307,62.0,HARD,37.0,LEC,Ferrari,Emilia Romagna Grand Prix,7,42.023776223776224,25.113986013986015
81.153,63.0,HARD,38.0,LEC,Ferrari,Emilia Romagna Grand Prix,7,42.023776223776224,25.113986013986015
80.808,3.0,MEDIUM,3.0,PIA,McLaren,Emilia Romagna Grand Prix,7,42.023776223776224,25.113986013986015
81.377,4.0,MEDIUM,4.0,PIA,McLaren,Emilia Romagna Grand Prix,7,42.023776223776224,25.113986013986015
81.269,5.0,MEDIUM,5.0,PIA,McLaren,Emilia Romagna Grand Prix,7,42.023776223776224,25.113986013986015
81.307,6.0,MEDIUM,6.0,PIA,McLaren,Emilia Romagna Grand Prix,7,42.023776223776224,25.113986013986015
81.08,7.0,MEDIUM,7.0,PIA,McLaren,Emilia Romagna Grand Prix,7,42.023776223776224,25.113986013986015
81.523,8.0,MEDIUM,8.0,PIA,McLaren,Emilia Romagna Grand Prix,7,42.023776223776224,25.113986013986015
81.508,9.0,MEDIUM,9.0,PIA,McLaren,Emilia Romagna Grand Prix,7,42.023776223776224,25.113986013986015
81.586,10.0,MEDIUM,10.0,PIA,McLaren,Emilia Romagna Grand Prix,7,42.023776223776224,25.113986013986015
81.191,11.0,MEDIUM,11.0,PIA,McLaren,Emilia Romagna Grand Prix,7,42.023776223776224,25.113986013986015
82.11,12.0,MEDIUM,12.0,PIA,McLaren,Emilia Romagna Grand Prix,7,42.023776223776224,25.113986013986015
81.888,13.0,MEDIUM,13.0,PIA,McLaren,Emilia Romagna Grand Prix,7,42.023776223776224,25.113986013986015
81.653,14.0,MEDIUM,14.0,PIA,McLaren,Emilia Romagna Grand Prix,7,42.023776223776224,25.113986013986015
81.679,15.0,MEDIUM,15.0,PIA,McLaren,Emilia Romagna Grand Prix,7,42.023776223776224,25.113986013986015
81.734,16.0,MEDIUM,16.0,PIA,McLaren,Emilia Romagna Grand Prix,7,42.023776223776224,25.113986013986015
81.912,17.0,MEDIUM,17.0,PIA,McLaren,Emilia Romagna Grand Prix,7,42.023776223776224,25.113986013986015
81.867,18.0,MEDIUM,18.0,PIA,McLaren,Emilia Romagna Grand Prix,7,42.023776223776224,25.113986013986015
82.042,19.0,MEDIUM,19.0,PIA,McLaren,Emilia Romagna Grand Prix,7,42.023776223776224,25.113986013986015
81.853,20.0,MEDIUM,20.0,PIA,McLaren,Emilia Romagna Grand Prix,7,42.023776223776224,25.113986013986015
82.212,21.0,MEDIUM,21.0,PIA,McLaren,Emilia Romagna Grand Prix,7,42.023776223776224,25.113986013986015
81.869,22.0,MEDIUM,22.0,PIA,McLaren,Emilia Romagna Grand Prix,7,42.023776223776224,25.113986013986015
86.22,23.0,MEDIUM,23.0,PIA,McLaren,Emilia Romagna Grand Prix,7,42.023776223776224,25.113986013986015
103.264,24.0,HARD,2.0,PIA,McLaren,Emilia Romagna Grand Prix,7,42.023776223776224,25.113986013986015
79.907,25.0,HARD,3.0,PIA,McLaren,Emilia Romagna Grand Prix,7,42.023776223776224,25.113986013986015
80.577,26.0,HARD,4.0,PIA,McLaren,Emilia Romagna Grand Prix,7,42.023776223776224,25.113986013986015
80.785,27.0,HARD,5.0,PIA,McLaren,Emilia Romagna Grand Prix,7,42.023776223776224,25.113986013986015
80.599,28.0,HARD,6.0,PIA,McLaren,Emilia Romagna Grand Prix,7,42.023776223776224,25.113986013986015
80.313,29.0,HARD,7.0,PIA,McLaren,Emilia Romagna Grand Prix,7,42.023776223776224,25.113986013986015
80.578,30.0,HARD,8.0,PIA,McLaren,Emilia Romagna Grand Prix,7,42.023776223776224,25.113986013986015
80.728,31.0,HARD,9.0,PIA,McLaren,Emilia Romagna Grand Prix,7,42.023776223776224,25.113986013986015
80.839,32.0,HARD,10.0,PIA,McLaren,Emilia Romagna Grand Prix,7,42.023776223776224,25.113986013986015
80.701,33.0,HARD,11.0,PIA,McLaren,Emilia Romagna Grand Prix,7,42.023776223776224,25.113986013986015
80.96,34.0,HARD,12.0,PIA,McLaren,Emilia Romagna Grand Prix,7,42.023776223776224,25.113986013986015
80.913,35.0,HARD,13.0,PIA,McLaren,Emilia Romagna Grand Prix,7,42.023776223776224,25.113986013986015
80.684,36.0,HARD,14.0,PIA,McLaren,Emilia Romagna Grand Prix,7,42.023776223776224,25.113986013986015
80.587,37.0,HARD,15.0,PIA,McLaren,Emilia Romagna Grand Prix,7,42.023776223776224,25.113986013986015
80.499,38.0,HARD,16.0,PIA,McLaren,Emilia Romagna Grand Prix,7,42.023776223776224,25.113986013986015
80.801,39.0,HARD,17.0,PIA,McLaren,Emilia Romagna Grand Prix,7,42.023776223776224,25.113986013986015
81.001,40.0,HARD,18.0,PIA,McLaren,Emilia Romagna Grand Prix,7,42.023776223776224,25.113986013986015
80.966,41.0,HARD,19.0,PIA,McLaren,Emilia Romagna Grand Prix,7,42.023776223776224,25.113986013986015
81.122,42.0,HARD,20.0,PIA,McLaren,Emilia Romagna Grand Prix,7,42.023776223776224,25.113986013986015
81.333,43.0,HARD,21.0,PIA,McLaren,Emilia Romagna Grand Prix,7,42.023776223776224,25.113986013986015
80.843,44.0,HARD,22.0,PIA,McLaren,Emilia Romagna Grand Prix,7,42.023776223776224,25.113986013986015
80.888,45.0,HARD,23.0,PIA,McLaren,Emilia Romagna Grand Prix,7,42.023776223776224,25.113986013986015
81.038,46.0,HARD,24.0,PIA,McLaren,Emilia Romagna Grand Prix,7,42.023776223776224,25.113986013986015
81.485,47.0,HARD,25.0,PIA,McLaren,Emilia Romagna Grand Prix,7,42.023776223776224,25.113986013986015
81.416,48.0,HARD,26.0,PIA,McLaren,Emilia Romagna Grand Prix,7,42.023776223776224,25.113986013986015
81.309,49.0,HARD,27.0,PIA,McLaren,Emilia Romagna Grand Prix,7,42.023776223776224,25.113986013986015
80.979,50.0,HARD,28.0,PIA,McLaren,Emilia Romagna Grand Prix,7,42.023776223776224,25.113986013986015
81.203,51.0,HARD,29.0,PIA,McLaren,Emilia Romagna Grand Prix,7,42.023776223776224,25.113986013986015
80.777,52.0,HARD,30.0,PIA,McLaren,Emilia Romagna Grand Prix,7,42.023776223776224,25.113986013986015
80.699,53.0,HARD,31.0,PIA,McLaren,Emilia Romagna Grand Prix,7,42.023776223776224,25.113986013986015
80.413,54.0,HARD,32.0,PIA,McLaren,Emilia Romagna Grand Prix,7,42.023776223776224,25.113986013986015
80.394,55.0,HARD,33.0,PIA,McLaren,Emilia Romagna Grand Prix,7,42.023776223776224,25.113986013986015
80.44,56.0,HARD,34.0,PIA,McLaren,Emilia Romagna Grand Prix,7,42.023776223776224,25.113986013986015
80.602,57.0,HARD,35.0,PIA,McLaren,Emilia Romagna Grand Prix,7,42.023776223776224,25.113986013986015
80.698,58.0,HARD,36.0,PIA,McLaren,Emilia Romagna Grand Prix,7,42.023776223776224,25.113986013986015
80.288,59.0,HARD,37.0,PIA,McLaren,Emilia Romagna Grand Prix,7,42.023776223776224,25.113986013986015
80.649,60.0,HARD,38.0,PIA,McLaren,Emilia Romagna Grand Prix,7,42.023776223776224,25.113986013986015
80.982,61.0,HARD,39.0,PIA,McLaren,Emilia Romagna Grand Prix,7,42.023776223776224,25.113986013986015
80.599,62.0,HARD,40.0,PIA,McLaren,Emilia Romagna Grand Prix,7,42.023776223776224,25.113986013986015
80.8,63.0,HARD,41.0,PIA,McLaren,Emilia Romagna Grand Prix,7,42.023776223776224,25.113986013986015
80.966,3.0,MEDIUM,3.0,SAI,Ferrari,Emilia Romagna Grand Prix,7,42.023776223776224,25.113986013986015
81.341,4.0,MEDIUM,4.0,SAI,Ferrari,Emilia Romagna Grand Prix,7,42.023776223776224,25.113986013986015
81.276,5.0,MEDIUM,5.0,SAI,Ferrari,Emilia Romagna Grand Prix,7,42.023776223776224,25.113986013986015
81.16,6.0,MEDIUM,6.0,SAI,Ferrari,Emilia Romagna Grand Prix,7,42.023776223776224,25.113986013986015
81.236,7.0,MEDIUM,7.0,SAI,Ferrari,Emilia Romagna Grand Prix,7,42.023776223776224,25.113986013986015
81.431,8.0,MEDIUM,8.0,SAI,Ferrari,Emilia Romagna Grand Prix,7,42.023776223776224,25.113986013986015
81.493,9.0,MEDIUM,9.0,SAI,Ferrari,Emilia Romagna Grand Prix,7,42.023776223776224,25.113986013986015
81.586,10.0,MEDIUM,10.0,SAI,Ferrari,Emilia Romagna Grand Prix,7,42.023776223776224,25.113986013986015
81.316,11.0,MEDIUM,11.0,SAI,Ferrari,Emilia Romagna Grand Prix,7,42.023776223776224,25.113986013986015
81.9,12.0,MEDIUM,12.0,SAI,Ferrari,Emilia Romagna Grand Prix,7,42.023776223776224,25.113986013986015
81.747,13.0,MEDIUM,13.0,SAI,Ferrari,Emilia Romagna Grand Prix,7,42.023776223776224,25.113986013986015
81.638,14.0,MEDIUM,14.0,SAI,Ferrari,Emilia Romagna Grand Prix,7,42.023776223776224,25.113986013986015
81.61,15.0,MEDIUM,15.0,SAI,Ferrari,Emilia Romagna Grand Prix,7,42.023776223776224,25.113986013986015
81.671,16.0,MEDIUM,16.0,SAI,Ferrari,Emilia Romagna Grand Prix,7,42.023776223776224,25.113986013986015
82.173,17.0,MEDIUM,17.0,SAI,Ferrari,Emilia Romagna Grand Prix,7,42.023776223776224,25.113986013986015
81.738,18.0,MEDIUM,18.0,SAI,Ferrari,Emilia Romagna Grand Prix,7,42.023776223776224,25.113986013986015
82.113,19.0,MEDIUM,19.0,SAI,Ferrari,Emilia Romagna Grand Prix,7,42.023776223776224,25.113986013986015
82.025,20.0,MEDIUM,20.0,SAI,Ferrari,Emilia Romagna Grand Prix,7,42.023776223776224,25.113986013986015
82.006,21.0,MEDIUM,21.0,SAI,Ferrari,Emilia Romagna Grand Prix,7,42.023776223776224,25.113986013986015
81.926,22.0,MEDIUM,22.0,SAI,Ferrari,Emilia Romagna Grand Prix,7,42.023776223776224,25.113986013986015
81.812,23.0,MEDIUM,23.0,SAI,Ferrari,Emilia Romagna Grand Prix,7,42.023776223776224,25.113986013986015
81.773,24.0,MEDIUM,24.0,SAI,Ferrari,Emilia Romagna Grand Prix,7,42.023776223776224,25.113986013986015
81.468,25.0,MEDIUM,25.0,SAI,Ferrari,Emilia Romagna Grand Prix,7,42.023776223776224,25.113986013986015
81.588,26.0,MEDIUM,26.0,SAI,Ferrari,Emilia Romagna Grand Prix,7,42.023776223776224,25.113986013986015
86.35,27.0,MEDIUM,27.0,SAI,Ferrari,Emilia Romagna Grand Prix,7,42.023776223776224,25.113986013986015
104.128,28.0,HARD,1.0,SAI,Ferrari,Emilia Romagna Grand Prix,7,42.023776223776224,25.113986013986015
81.597,29.0,HARD,2.0,SAI,Ferrari,Emilia Romagna Grand Prix,7,42.023776223776224,25.113986013986015
80.648,30.0,HARD,3.0,SAI,Ferrari,Emilia Romagna Grand Prix,7,42.023776223776224,25.113986013986015
80.652,31.0,HARD,4.0,SAI,Ferrari,Emilia Romagna Grand Prix,7,42.023776223776224,25.113986013986015
80.636,32.0,HARD,5.0,SAI,Ferrari,Emilia Romagna Grand Prix,7,42.023776223776224,25.113986013986015
80.724,33.0,HARD,6.0,SAI,Ferrari,Emilia Romagna Grand Prix,7,42.023776223776224,25.113986013986015
80.848,34.0,HARD,7.0,SAI,Ferrari,Emilia Romagna Grand Prix,7,42.023776223776224,25.113986013986015
80.705,35.0,HARD,8.0,SAI,Ferrari,Emilia Romagna Grand Prix,7,42.023776223776224,25.113986013986015
80.849,36.0,HARD,9.0,SAI,Ferrari,Emilia Romagna Grand Prix,7,42.023776223776224,25.113986013986015
80.466,37.0,HARD,10.0,SAI,Ferrari,Emilia Romagna Grand Prix,7,42.023776223776224,25.113986013986015
80.496,38.0,HARD,11.0,SAI,Ferrari,Emilia Romagna Grand Prix,7,42.023776223776224,25.113986013986015
80.531,39.0,HARD,12.0,SAI,Ferrari,Emilia Romagna Grand Prix,7,42.023776223776224,25.113986013986015
80.519,40.0,HARD,13.0,SAI,Ferrari,Emilia Romagna Grand Prix,7,42.023776223776224,25.113986013986015
80.615,41.0,HARD,14.0,SAI,Ferrari,Emilia Romagna Grand Prix,7,42.023776223776224,25.113986013986015
80.667,42.0,HARD,15.0,SAI,Ferrari,Emilia Romagna Grand Prix,7,42.023776223776224,25.113986013986015
80.701,43.0,HARD,16.0,SAI,Ferrari,Emilia Romagna Grand Prix,7,42.023776223776224,25.113986013986015
81.066,44.0,HARD,17.0,SAI,Ferrari,Emilia Romagna Grand Prix,7,42.023776223776224,25.113986013986015
81.256,45.0,HARD,18.0,SAI,Ferrari,Emilia Romagna Grand Prix,7,42.023776223776224,25.113986013986015
81.064,46.0,HARD,19.0,SAI,Ferrari,Emilia Romagna Grand Prix,7,42.023776223776224,25.113986013986015
82.064,47.0,HARD,20.0,SAI,Ferrari,Emilia Romagna Grand Prix,7,42.023776223776224,25.113986013986015
80.999,48.0,HARD,21.0,SAI,Ferrari,Emilia Romagna Grand Prix,7,42.023776223776224,25.113986013986015
80.737,49.0,HARD,22.0,SAI,Ferrari,Emilia Romagna Grand Prix,7,42.023776223776224,25.113986013986015
80.988,50.0,HARD,23.0,SAI,Ferrari,Emilia Romagna Grand Prix,7,42.023776223776224,25.113986013986015
81.748,51.0,HARD,24.0,SAI,Ferrari,Emilia Romagna Grand Prix,7,42.023776223776224,25.113986013986015
81.601,52.0,HARD,25.0,SAI,Ferrari,Emilia Romagna Grand Prix,7,42.023776223776224,25.113986013986015
81.238,53.0,HARD,26.0,SAI,Ferrari,Emilia Romagna Grand Prix,7,42.023776223776224,25.113986013986015
80.827,54.0,HARD,27.0,SAI,Ferrari,Emilia Romagna Grand Prix,7,42.023776223776224,25.113986013986015
80.803,55.0,HARD,28.0,SAI,Ferrari,Emilia Romagna Grand Prix,7,42.023776223776224,25.113986013986015
80.959,56.0,HARD,29.0,SAI,Ferrari,Emilia Romagna Grand Prix,7,42.023776223776224,25.113986013986015
80.759,57.0,HARD,30.0,SAI,Ferrari,Emilia Romagna Grand Prix,7,42.023776223776224,25.113986013986015
80.792,58.0,HARD,31.0,SAI,Ferrari,Emilia Romagna Grand Prix,7,42.023776223776224,25.113986013986015
80.74,59.0,HARD,32.0,SAI,Ferrari,Emilia Romagna Grand Prix,7,42.023776223776224,25.113986013986015
80.992,60.0,HARD,33.0,SAI,Ferrari,Emilia Romagna Grand Prix,7,42.023776223776224,25.113986013986015
81.378,61.0,HARD,34.0,SAI,Ferrari,Emilia Romagna Grand Prix,7,42.023776223776224,25.113986013986015
80.97,62.0,HARD,35.0,SAI,Ferrari,Emilia Romagna Grand Prix,7,42.023776223776224,25.113986013986015
80.22,63.0,HARD,36.0,SAI,Ferrari,Emilia Romagna Grand Prix,7,42.023776223776224,25.113986013986015
81.222,3.0,MEDIUM,3.0,HAM,Mercedes,Emilia Romagna Grand Prix,7,42.023776223776224,25.113986013986015
81.715,4.0,MEDIUM,4.0,HAM,Mercedes,Emilia Romagna Grand Prix,7,42.023776223776224,25.113986013986015
81.544,5.0,MEDIUM,5.0,HAM,Mercedes,Emilia Romagna Grand Prix,7,42.023776223776224,25.113986013986015
81.569,6.0,MEDIUM,6.0,HAM,Mercedes,Emilia Romagna Grand Prix,7,42.023776223776224,25.113986013986015
81.446,7.0,MEDIUM,7.0,HAM,Mercedes,Emilia Romagna Grand Prix,7,42.023776223776224,25.113986013986015
81.593,8.0,MEDIUM,8.0,HAM,Mercedes,Emilia Romagna Grand Prix,7,42.023776223776224,25.113986013986015
81.51,9.0,MEDIUM,9.0,HAM,Mercedes,Emilia Romagna Grand Prix,7,42.023776223776224,25.113986013986015
81.544,10.0,MEDIUM,10.0,HAM,Mercedes,Emilia Romagna Grand Prix,7,42.023776223776224,25.113986013986015
81.472,11.0,MEDIUM,11.0,HAM,Mercedes,Emilia Romagna Grand Prix,7,42.023776223776224,25.113986013986015
81.756,12.0,MEDIUM,12.0,HAM,Mercedes,Emilia Romagna Grand Prix,7,42.023776223776224,25.113986013986015
81.767,13.0,MEDIUM,13.0,HAM,Mercedes,Emilia Romagna Grand Prix,7,42.023776223776224,25.113986013986015
82.08,14.0,MEDIUM,14.0,HAM,Mercedes,Emilia Romagna Grand Prix,7,42.023776223776224,25.113986013986015
81.729,15.0,MEDIUM,15.0,HAM,Mercedes,Emilia Romagna Grand Prix,7,42.023776223776224,25.113986013986015
82.199,16.0,MEDIUM,16.0,HAM,Mercedes,Emilia Romagna Grand Prix,7,42.023776223776224,25.113986013986015
81.846,17.0,MEDIUM,17.0,HAM,Mercedes,Emilia Romagna Grand Prix,7,42.023776223776224,25.113986013986015
82.02,18.0,MEDIUM,18.0,HAM,Mercedes,Emilia Romagna Grand Prix,7,42.023776223776224,25.113986013986015
81.974,19.0,MEDIUM,19.0,HAM,Mercedes,Emilia Romagna Grand Prix,7,42.023776223776224,25.113986013986015
82.222,20.0,MEDIUM,20.0,HAM,Mercedes,Emilia Romagna Grand Prix,7,42.023776223776224,25.113986013986015
82.275,21.0,MEDIUM,21.0,HAM,Mercedes,Emilia Romagna Grand Prix,7,42.023776223776224,25.113986013986015
81.846,22.0,MEDIUM,22.0,HAM,Mercedes,Emilia Romagna Grand Prix,7,42.023776223776224,25.113986013986015
81.561,23.0,MEDIUM,23.0,HAM,Mercedes,Emilia Romagna Grand Prix,7,42.023776223776224,25.113986013986015
82.345,24.0,MEDIUM,24.0,HAM,Mercedes,Emilia Romagna Grand Prix,7,42.023776223776224,25.113986013986015
81.492,25.0,MEDIUM,25.0,HAM,Mercedes,Emilia Romagna Grand Prix,7,42.023776223776224,25.113986013986015
86.346,26.0,MEDIUM,26.0,HAM,Mercedes,Emilia Romagna Grand Prix,7,42.023776223776224,25.113986013986015
86.215,27.0,MEDIUM,27.0,HAM,Mercedes,Emilia Romagna Grand Prix,7,42.023776223776224,25.113986013986015
103.406,28.0,HARD,1.0,HAM,Mercedes,Emilia Romagna Grand Prix,7,42.023776223776224,25.113986013986015
80.593,29.0,HARD,2.0,HAM,Mercedes,Emilia Romagna Grand Prix,7,42.023776223776224,25.113986013986015
80.586,30.0,HARD,3.0,HAM,Mercedes,Emilia Romagna Grand Prix,7,42.023776223776224,25.113986013986015
81.737,31.0,HARD,4.0,HAM,Mercedes,Emilia Romagna Grand Prix,7,42.023776223776224,25.113986013986015
81.16,32.0,HARD,5.0,HAM,Mercedes,Emilia Romagna Grand Prix,7,42.023776223776224,25.113986013986015
80.942,33.0,HARD,6.0,HAM,Mercedes,Emilia Romagna Grand Prix,7,42.023776223776224,25.113986013986015
80.964,34.0,HARD,7.0,HAM,Mercedes,Emilia Romagna Grand Prix,7,42.023776223776224,25.113986013986015
82.165,35.0,HARD,8.0,HAM,Mercedes,Emilia Romagna Grand Prix,7,42.023776223776224,25.113986013986015
83.058,36.0,HARD,9.0,HAM,Mercedes,Emilia Romagna Grand Prix,7,42.023776223776224,25.113986013986015
80.748,37.0,HARD,10.0,HAM,Mercedes,Emilia Romagna Grand Prix,7,42.023776223776224,25.113986013986015
80.546,38.0,HARD,11.0,HAM,Mercedes,Emilia Romagna Grand Prix,7,42.023776223776224,25.113986013986015
80.677,39.0,HARD,12.0,HAM,Mercedes,Emilia Romagna Grand Prix,7,42.023776223776224,25.113986013986015
80.837,40.0,HARD,13.0,HAM,Mercedes,Emilia Romagna Grand Prix,7,42.023776223776224,25.113986013986015
80.639,41.0,HARD,14.0,HAM,Mercedes,Emilia Romagna Grand Prix,7,42.023776223776224,25.113986013986015
80.434,42.0,HARD,15.0,HAM,Mercedes,Emilia Romagna Grand Prix,7,42.023776223776224,25.113986013986015
80.331,43.0,HARD,16.0,HAM,Mercedes,Emilia Romagna Grand Prix,7,42.023776223776224,25.113986013986015
80.843,44.0,HARD,17.0,HAM,Mercedes,Emilia Romagna Grand Prix,7,42.023776223776224,25.113986013986015
80.581,45.0,HARD,18.0,HAM,Mercedes,Emilia Romagna Grand Prix,7,42.023776223776224,25.113986013986015
80.944,46.0,HARD,19.0,HAM,Mercedes,Emilia Romagna Grand Prix,7,42.023776223776224,25.113986013986015
81.069,47.0,HARD,20.0,HAM,Mercedes,Emilia Romagna Grand Prix,7,42.023776223776224,25.113986013986015
80.921,48.0,HARD,21.0,HAM,Mercedes,Emilia Romagna Grand Prix,7,42.023776223776224,25.113986013986015
81.182,49.0,HARD,22.0,HAM,Mercedes,Emilia Romagna Grand Prix,7,42.023776223776224,25.113986013986015
80.698,50.0,HARD,23.0,HAM,Mercedes,Emilia Romagna Grand Prix,7,42.023776223776224,25.113986013986015
80.776,51.0,HARD,24.0,HAM,Mercedes,Emilia Romagna Grand Prix,7,42.023776223776224,25.113986013986015
81.176,52.0,HARD,25.0,HAM,Mercedes,Emilia Romagna Grand Prix,7,42.023776223776224,25.113986013986015
81.415,53.0,HARD,26.0,HAM,Mercedes,Emilia Romagna Grand Prix,7,42.023776223776224,25.113986013986015
80.841,54.0,HARD,27.0,HAM,Mercedes,Emilia Romagna Grand Prix,7,42.023776223776224,25.113986013986015
81.027,55.0,HARD,28.0,HAM,Mercedes,Emilia Romagna Grand Prix,7,42.023776223776224,25.113986013986015
81.297,56.0,HARD,29.0,HAM,Mercedes,Emilia Romagna Grand Prix,7,42.023776223776224,25.113986013986015
81.664,57.0,HARD,30.0,HAM,Mercedes,Emilia Romagna Grand Prix,7,42.023776223776224,25.113986013986015
81.561,58.0,HARD,31.0,HAM,Mercedes,Emilia Romagna Grand Prix,7,42.023776223776224,25.113986013986015
80.649,59.0,HARD,32.0,HAM,Mercedes,Emilia Romagna Grand Prix,7,42.023776223776224,25.113986013986015
80.629,60.0,HARD,33.0,HAM,Mercedes,Emilia Romagna Grand Prix,7,42.023776223776224,25.113986013986015
80.726,61.0,HARD,34.0,HAM,Mercedes,Emilia Romagna Grand Prix,7,42.023776223776224,25.113986013986015
80.645,62.0,HARD,35.0,HAM,Mercedes,Emilia Romagna Grand Prix,7,42.023776223776224,25.113986013986015
80.649,63.0,HARD,36.0,HAM,Mercedes,Emilia Romagna Grand Prix,7,42.023776223776224,25.113986013986015
81.135,3.0,MEDIUM,3.0,RUS,Mercedes,Emilia Romagna Grand Prix,7,42.023776223776224,25.113986013986015
81.628,4.0,MEDIUM,4.0,RUS,Mercedes,Emilia Romagna Grand Prix,7,42.023776223776224,25.113986013986015
81.475,5.0,MEDIUM,5.0,RUS,Mercedes,Emilia Romagna Grand Prix,7,42.023776223776224,25.113986013986015
81.492,6.0,MEDIUM,6.0,RUS,Mercedes,Emilia Romagna Grand Prix,7,42.023776223776224,25.113986013986015
81.267,7.0,MEDIUM,7.0,RUS,Mercedes,Emilia Romagna Grand Prix,7,42.023776223776224,25.113986013986015
81.375,8.0,MEDIUM,8.0,RUS,Mercedes,Emilia Romagna Grand Prix,7,42.023776223776224,25.113986013986015
81.591,9.0,MEDIUM,9.0,RUS,Mercedes,Emilia Romagna Grand Prix,7,42.023776223776224,25.113986013986015
81.596,10.0,MEDIUM,10.0,RUS,Mercedes,Emilia Romagna Grand Prix,7,42.023776223776224,25.113986013986015
81.466,11.0,MEDIUM,11.0,RUS,Mercedes,Emilia Romagna Grand Prix,7,42.023776223776224,25.113986013986015
81.82,12.0,MEDIUM,12.0,RUS,Mercedes,Emilia Romagna Grand Prix,7,42.023776223776224,25.113986013986015
81.867,13.0,MEDIUM,13.0,RUS,Mercedes,Emilia Romagna Grand Prix,7,42.023776223776224,25.113986013986015
81.818,14.0,MEDIUM,14.0,RUS,Mercedes,Emilia Romagna Grand Prix,7,42.023776223776224,25.113986013986015
81.844,15.0,MEDIUM,15.0,RUS,Mercedes,Emilia Romagna Grand Prix,7,42.023776223776224,25.113986013986015
81.767,16.0,MEDIUM,16.0,RUS,Mercedes,Emilia Romagna Grand Prix,7,42.023776223776224,25.113986013986015
81.991,17.0,MEDIUM,17.0,RUS,Mercedes,Emilia Romagna Grand Prix,7,42.023776223776224,25.113986013986015
82.208,18.0,MEDIUM,18.0,RUS,Mercedes,Emilia Romagna Grand Prix,7,42.023776223776224,25.113986013986015
82.03,19.0,MEDIUM,19.0,RUS,Mercedes,Emilia Romagna Grand Prix,7,42.023776223776224,25.113986013986015
82.215,20.0,MEDIUM,20.0,RUS,Mercedes,Emilia Romagna Grand Prix,7,42.023776223776224,25.113986013986015
86.88,21.0,MEDIUM,21.0,RUS,Mercedes,Emilia Romagna Grand Prix,7,42.023776223776224,25.113986013986015
104.938,22.0,HARD,1.0,RUS,Mercedes,Emilia Romagna Grand Prix,7,42.023776223776224,25.113986013986015
80.669,23.0,HARD,2.0,RUS,Mercedes,Emilia Romagna Grand Prix,7,42.023776223776224,25.113986013986015
80.975,24.0,HARD,3.0,RUS,Mercedes,Emilia Romagna Grand Prix,7,42.023776223776224,25.113986013986015
80.951,25.0,HARD,4.0,RUS,Mercedes,Emilia Romagna Grand Prix,7,42.023776223776224,25.113986013986015
81.655,26.0,HARD,5.0,RUS,Mercedes,Emilia Romagna Grand Prix,7,42.023776223776224,25.113986013986015
80.736,27.0,HARD,6.0,RUS,Mercedes,Emilia Romagna Grand Prix,7,42.023776223776224,25.113986013986015
81.628,28.0,HARD,7.0,RUS,Mercedes,Emilia Romagna Grand Prix,7,42.023776223776224,25.113986013986015
81.444,29.0,HARD,8.0,RUS,Mercedes,Emilia Romagna Grand Prix,7,42.023776223776224,25.113986013986015
82.098,30.0,HARD,9.0,RUS,Mercedes,Emilia Romagna Grand Prix,7,42.023776223776224,25.113986013986015
81.517,31.0,HARD,10.0,RUS,Mercedes,Emilia Romagna Grand Prix,7,42.023776223776224,25.113986013986015
81.116,32.0,HARD,11.0,RUS,Mercedes,Emilia Romagna Grand Prix,7,42.023776223776224,25.113986013986015
80.934,33.0,HARD,12.0,RUS,Mercedes,Emilia Romagna Grand Prix,7,42.023776223776224,25.113986013986015
81.139,34.0,HARD,13.0,RUS,Mercedes,Emilia Romagna Grand Prix,7,42.023776223776224,25.113986013986015
81.209,35.0,HARD,14.0,RUS,Mercedes,Emilia Romagna Grand Prix,7,42.023776223776224,25.113986013986015
80.902,36.0,HARD,15.0,RUS,Mercedes,Emilia Romagna Grand Prix,7,42.023776223776224,25.113986013986015
80.856,37.0,HARD,16.0,RUS,Mercedes,Emilia Romagna Grand Prix,7,42.023776223776224,25.113986013986015
80.69,38.0,HARD,17.0,RUS,Mercedes,Emilia Romagna Grand Prix,7,42.023776223776224,25.113986013986015
80.924,39.0,HARD,18.0,RUS,Mercedes,Emilia Romagna Grand Prix,7,42.023776223776224,25.113986013986015
81.156,40.0,HARD,19.0,RUS,Mercedes,Emilia Romagna Grand Prix,7,42.023776223776224,25.113986013986015
81.109,41.0,HARD,20.0,RUS,Mercedes,Emilia Romagna Grand Prix,7,42.023776223776224,25.113986013986015
81.077,42.0,HARD,21.0,RUS,Mercedes,Emilia Romagna Grand Prix,7,42.023776223776224,25.113986013986015
80.801,43.0,HARD,22.0,RUS,Mercedes,Emilia Romagna Grand Prix,7,42.023776223776224,25.113986013986015
81.164,44.0,HARD,23.0,RUS,Mercedes,Emilia Romagna Grand Prix,7,42.023776223776224,25.113986013986015
80.928,45.0,HARD,24.0,RUS,Mercedes,Emilia Romagna Grand Prix,7,42.023776223776224,25.113986013986015
81.227,46.0,HARD,25.0,RUS,Mercedes,Emilia Romagna Grand Prix,7,42.023776223776224,25.113986013986015
81.423,47.0,HARD,26.0,RUS,Mercedes,Emilia Romagna Grand Prix,7,42.023776223776224,25.113986013986015
81.391,48.0,HARD,27.0,RUS,Mercedes,Emilia Romagna Grand Prix,7,42.023776223776224,25.113986013986015
81.158,49.0,HARD,28.0,RUS,Mercedes,Emilia Romagna Grand Prix,7,42.023776223776224,25.113986013986015
81.491,50.0,HARD,29.0,RUS,Mercedes,Emilia Romagna Grand Prix,7,42.023776223776224,25.113986013986015
81.145,51.0,HARD,30.0,RUS,Mercedes,Emilia Romagna Grand Prix,7,42.023776223776224,25.113986013986015
86.242,52.0,HARD,31.0,RUS,Mercedes,Emilia Romagna Grand Prix,7,42.023776223776224,25.113986013986015
102.845,53.0,MEDIUM,3.0,RUS,Mercedes,Emilia Romagna Grand Prix,7,42.023776223776224,25.113986013986015
78.589,54.0,MEDIUM,4.0,RUS,Mercedes,Emilia Romagna Grand Prix,7,42.023776223776224,25.113986013986015
79.778,55.0,MEDIUM,5.0,RUS,Mercedes,Emilia Romagna Grand Prix,7,42.023776223776224,25.113986013986015
79.571,56.0,MEDIUM,6.0,RUS,Mercedes,Emilia Romagna Grand Prix,7,42.023776223776224,25.113986013986015
79.457,57.0,MEDIUM,7.0,RUS,Mercedes,Emilia Romagna Grand Prix,7,42.023776223776224,25.113986013986015
79.616,58.0,MEDIUM,8.0,RUS,Mercedes,Emilia Romagna Grand Prix,7,42.023776223776224,25.113986013986015
79.881,59.0,MEDIUM,9.0,RUS,Mercedes,Emilia Romagna Grand Prix,7,42.023776223776224,25.113986013986015
80.093,60.0,MEDIUM,10.0,RUS,Mercedes,Emilia Romagna Grand Prix,7,42.023776223776224,25.113986013986015
80.703,61.0,MEDIUM,11.0,RUS,Mercedes,Emilia Romagna Grand Prix,7,42.023776223776224,25.113986013986015
81.563,62.0,MEDIUM,12.0,RUS,Mercedes,Emilia Romagna Grand Prix,7,42.023776223776224,25.113986013986015
80.092,63.0,MEDIUM,13.0,RUS,Mercedes,Emilia Romagna Grand Prix,7,42.023776223776224,25.113986013986015
81.913,3.0,HARD,3.0,PER,Red Bull Racing,Emilia Romagna Grand Prix,7,42.023776223776224,25.113986013986015
82.182,4.0,HARD,4.0,PER,Red Bull Racing,Emilia Romagna Grand Prix,7,42.023776223776224,25.113986013986015
82.153,5.0,HARD,5.0,PER,Red Bull Racing,Emilia Romagna Grand Prix,7,42.023776223776224,25.113986013986015
82.2,6.0,HARD,6.0,PER,Red Bull Racing,Emilia Romagna Grand Prix,7,42.023776223776224,25.113986013986015
82.641,7.0,HARD,7.0,PER,Red Bull Racing,Emilia Romagna Grand Prix,7,42.023776223776224,25.113986013986015
82.338,8.0,HARD,8.0,PER,Red Bull Racing,Emilia Romagna Grand Prix,7,42.023776223776224,25.113986013986015
82.591,9.0,HARD,9.0,PER,Red Bull Racing,Emilia Romagna Grand Prix,7,42.023776223776224,25.113986013986015
82.545,10.0,HARD,10.0,PER,Red Bull Racing,Emilia Romagna Grand Prix,7,42.023776223776224,25.113986013986015
82.128,11.0,HARD,11.0,PER,Red Bull Racing,Emilia Romagna Grand Prix,7,42.023776223776224,25.113986013986015
82.447,12.0,HARD,12.0,PER,Red Bull Racing,Emilia Romagna Grand Prix,7,42.023776223776224,25.113986013986015
82.359,13.0,HARD,13.0,PER,Red Bull Racing,Emilia Romagna Grand Prix,7,42.023776223776224,25.113986013986015
81.828,14.0,HARD,14.0,PER,Red Bull Racing,Emilia Romagna Grand Prix,7,42.023776223776224,25.113986013986015
81.682,15.0,HARD,15.0,PER,Red Bull Racing,Emilia Romagna Grand Prix,7,42.023776223776224,25.113986013986015
81.837,16.0,HARD,16.0,PER,Red Bull Racing,Emilia Romagna Grand Prix,7,42.023776223776224,25.113986013986015
86.8,17.0,HARD,17.0,PER,Red Bull Racing,Emilia Romagna Grand Prix,7,42.023776223776224,25.113986013986015
82.435,18.0,HARD,18.0,PER,Red Bull Racing,Emilia Romagna Grand Prix,7,42.023776223776224,25.113986013986015
81.854,19.0,HARD,19.0,PER,Red Bull Racing,Emilia Romagna Grand Prix,7,42.023776223776224,25.113986013986015
82.268,20.0,HARD,20.0,PER,Red Bull Racing,Emilia Romagna Grand Prix,7,42.023776223776224,25.113986013986015
81.94,21.0,HARD,21.0,PER,Red Bull Racing,Emilia Romagna Grand Prix,7,42.023776223776224,25.113986013986015
81.871,22.0,HARD,22.0,PER,Red Bull Racing,Emilia Romagna Grand Prix,7,42.023776223776224,25.113986013986015
81.97,23.0,HARD,23.0,PER,Red Bull Racing,Emilia Romagna Grand Prix,7,42.023776223776224,25.113986013986015
82.684,24.0,HARD,24.0,PER,Red Bull Racing,Emilia Romagna Grand Prix,7,42.023776223776224,25.113986013986015
82.228,25.0,HARD,25.0,PER,Red Bull Racing,Emilia Romagna Grand Prix,7,42.023776223776224,25.113986013986015
82.376,26.0,HARD,26.0,PER,Red Bull Racing,Emilia Romagna Grand Prix,7,42.023776223776224,25.113986013986015
83.773,27.0,HARD,27.0,PER,Red Bull Racing,Emilia Romagna Grand Prix,7,42.023776223776224,25.113986013986015
82.231,28.0,HARD,28.0,PER,Red Bull Racing,Emilia Romagna Grand Prix,7,42.023776223776224,25.113986013986015
82.347,29.0,HARD,29.0,PER,Red Bull Racing,Emilia Romagna Grand Prix,7,42.023776223776224,25.113986013986015
83.263,30.0,HARD,30.0,PER,Red Bull Racing,Emilia Romagna Grand Prix,7,42.023776223776224,25.113986013986015
83.694,31.0,HARD,31.0,PER,Red Bull Racing,Emilia Romagna Grand Prix,7,42.023776223776224,25.113986013986015
82.259,32.0,HARD,32.0,PER,Red Bull Racing,Emilia Romagna Grand Prix,7,42.023776223776224,25.113986013986015
82.212,33.0,HARD,33.0,PER,Red Bull Racing,Emilia Romagna Grand Prix,7,42.023776223776224,25.113986013986015
82.465,34.0,HARD,34.0,PER,Red Bull Racing,Emilia Romagna Grand Prix,7,42.023776223776224,25.113986013986015
82.415,35.0,HARD,35.0,PER,Red Bull Racing,Emilia Romagna Grand Prix,7,42.023776223776224,25.113986013986015
83.111,36.0,HARD,36.0,PER,Red Bull Racing,Emilia Romagna Grand Prix,7,42.023776223776224,25.113986013986015
88.056,37.0,HARD,37.0,PER,Red Bull Racing,Emilia Romagna Grand Prix,7,42.023776223776224,25.113986013986015
103.314,38.0,MEDIUM,1.0,PER,Red Bull Racing,Emilia Romagna Grand Prix,7,42.023776223776224,25.113986013986015
80.731,39.0,MEDIUM,2.0,PER,Red Bull Racing,Emilia Romagna Grand Prix,7,42.023776223776224,25.113986013986015
80.314,40.0,MEDIUM,3.0,PER,Red Bull Racing,Emilia Romagna Grand Prix,7,42.023776223776224,25.113986013986015
81.975,41.0,MEDIUM,4.0,PER,Red Bull Racing,Emilia Romagna Grand Prix,7,42.023776223776224,25.113986013986015
79.919,42.0,MEDIUM,5.0,PER,Red Bull Racing,Emilia Romagna Grand Prix,7,42.023776223776224,25.113986013986015
80.22,43.0,MEDIUM,6.0,PER,Red Bull Racing,Emilia Romagna Grand Prix,7,42.023776223776224,25.113986013986015
80.504,44.0,MEDIUM,7.0,PER,Red Bull Racing,Emilia Romagna Grand Prix,7,42.023776223776224,25.113986013986015
80.495,45.0,MEDIUM,8.0,PER,Red Bull Racing,Emilia Romagna Grand Prix,7,42.023776223776224,25.113986013986015
80.872,46.0,MEDIUM,9.0,PER,Red Bull Racing,Emilia Romagna Grand Prix,7,42.023776223776224,25.113986013986015
80.514,47.0,MEDIUM,10.0,PER,Red Bull Racing,Emilia Romagna Grand Prix,7,42.023776223776224,25.113986013986015
80.205,48.0,MEDIUM,11.0,PER,Red Bull Racing,Emilia Romagna Grand Prix,7,42.023776223776224,25.113986013986015
79.946,49.0,MEDIUM,12.0,PER,Red Bull Racing,Emilia Romagna Grand Prix,7,42.023776223776224,25.113986013986015
79.985,50.0,MEDIUM,13.0,PER,Red Bull Racing,Emilia Romagna Grand Prix,7,42.023776223776224,25.113986013986015
81.032,51.0,MEDIUM,14.0,PER,Red Bull Racing,Emilia Romagna Grand Prix,7,42.023776223776224,25.113986013986015
79.686,52.0,MEDIUM,15.0,PER,Red Bull Racing,Emilia Romagna Grand Prix,7,42.023776223776224,25.113986013986015
81.144,53.0,MEDIUM,16.0,PER,Red Bull Racing,Emilia Romagna Grand Prix,7,42.023776223776224,25.113986013986015
80.334,54.0,MEDIUM,17.0,PER,Red Bull Racing,Emilia Romagna Grand Prix,7,42.023776223776224,25.113986013986015
80.52,55.0,MEDIUM,18.0,PER,Red Bull Racing,Emilia Romagna Grand Prix,7,42.023776223776224,25.113986013986015
80.29,56.0,MEDIUM,19.0,PER,Red Bull Racing,Emilia Romagna Grand Prix,7,42.023776223776224,25.113986013986015
80.228,57.0,MEDIUM,20.0,PER,Red Bull Racing,Emilia Romagna Grand Prix,7,42.023776223776224,25.113986013986015
80.285,58.0,MEDIUM,21.0,PER,Red Bull Racing,Emilia Romagna Grand Prix,7,42.023776223776224,25.113986013986015
80.093,59.0,MEDIUM,22.0,PER,Red Bull Racing,Emilia Romagna Grand Prix,7,42.023776223776224,25.113986013986015
80.408,60.0,MEDIUM,23.0,PER,Red Bull Racing,Emilia Romagna Grand Prix,7,42.023776223776224,25.113986013986015
80.833,61.0,MEDIUM,24.0,PER,Red Bull Racing,Emilia Romagna Grand Prix,7,42.023776223776224,25.113986013986015
80.767,62.0,MEDIUM,25.0,PER,Red Bull Racing,Emilia Romagna Grand Prix,7,42.023776223776224,25.113986013986015
80.944,63.0,MEDIUM,26.0,PER,Red Bull Racing,Emilia Romagna Grand Prix,7,42.023776223776224,25.113986013986015
82.356,3.0,MEDIUM,4.0,STR,Aston Martin,Emilia Romagna Grand Prix,7,42.023776223776224,25.113986013986015
82.349,4.0,MEDIUM,5.0,STR,Aston Martin,Emilia Romagna Grand Prix,7,42.023776223776224,25.113986013986015
82.252,5.0,MEDIUM,6.0,STR,Aston Martin,Emilia Romagna Grand Prix,7,42.023776223776224,25.113986013986015
82.339,6.0,MEDIUM,7.0,STR,Aston Martin,Emilia Romagna Grand Prix,7,42.023776223776224,25.113986013986015
82.535,7.0,MEDIUM,8.0,STR,Aston Martin,Emilia Romagna Grand Prix,7,42.023776223776224,25.113986013986015
82.392,8.0,MEDIUM,9.0,STR,Aston Martin,Emilia Romagna Grand Prix,7,42.023776223776224,25.113986013986015
82.569,9.0,MEDIUM,10.0,STR,Aston Martin,Emilia Romagna Grand Prix,7,42.023776223776224,25.113986013986015
82.233,10.0,MEDIUM,11.0,STR,Aston Martin,Emilia Romagna Grand Prix,7,42.023776223776224,25.113986013986015
82.367,11.0,MEDIUM,12.0,STR,Aston Martin,Emilia Romagna Grand Prix,7,42.023776223776224,25.113986013986015
82.415,12.0,MEDIUM,13.0,STR,Aston Martin,Emilia Romagna Grand Prix,7,42.023776223776224,25.113986013986015
82.577,13.0,MEDIUM,14.0,STR,Aston Martin,Emilia Romagna Grand Prix,7,42.023776223776224,25.113986013986015
82.459,14.0,MEDIUM,15.0,STR,Aston Martin,Emilia Romagna Grand Prix,7,42.023776223776224,25.113986013986015
82.342,15.0,MEDIUM,16.0,STR,Aston Martin,Emilia Romagna Grand Prix,7,42.023776223776224,25.113986013986015
82.371,16.0,MEDIUM,17.0,STR,Aston Martin,Emilia Romagna Grand Prix,7,42.023776223776224,25.113986013986015
82.794,17.0,MEDIUM,18.0,STR,Aston Martin,Emilia Romagna Grand Prix,7,42.023776223776224,25.113986013986015
83.047,18.0,MEDIUM,19.0,STR,Aston Martin,Emilia Romagna Grand Prix,7,42.023776223776224,25.113986013986015
82.771,19.0,MEDIUM,20.0,STR,Aston Martin,Emilia Romagna Grand Prix,7,42.023776223776224,25.113986013986015
82.616,20.0,MEDIUM,21.0,STR,Aston Martin,Emilia Romagna Grand Prix,7,42.023776223776224,25.113986013986015
82.582,21.0,MEDIUM,22.0,STR,Aston Martin,Emilia Romagna Grand Prix,7,42.023776223776224,25.113986013986015
82.697,22.0,MEDIUM,23.0,STR,Aston Martin,Emilia Romagna Grand Prix,7,42.023776223776224,25.113986013986015
82.544,23.0,MEDIUM,24.0,STR,Aston Martin,Emilia Romagna Grand Prix,7,42.023776223776224,25.113986013986015
82.592,24.0,MEDIUM,25.0,STR,Aston Martin,Emilia Romagna Grand Prix,7,42.023776223776224,25.113986013986015
83.011,25.0,MEDIUM,26.0,STR,Aston Martin,Emilia Romagna Grand Prix,7,42.023776223776224,25.113986013986015
82.532,26.0,MEDIUM,27.0,STR,Aston Martin,Emilia Romagna Grand Prix,7,42.023776223776224,25.113986013986015
83.433,27.0,MEDIUM,28.0,STR,Aston Martin,Emilia Romagna Grand Prix,7,42.023776223776224,25.113986013986015
82.811,28.0,MEDIUM,29.0,STR,Aston Martin,Emilia Romagna Grand Prix,7,42.023776223776224,25.113986013986015
82.631,29.0,MEDIUM,30.0,STR,Aston Martin,Emilia Romagna Grand Prix,7,42.023776223776224,25.113986013986015
82.649,30.0,MEDIUM,31.0,STR,Aston Martin,Emilia Romagna Grand Prix,7,42.023776223776224,25.113986013986015
83.921,31.0,MEDIUM,32.0,STR,Aston Martin,Emilia Romagna Grand Prix,7,42.023776223776224,25.113986013986015
82.954,32.0,MEDIUM,33.0,STR,Aston Martin,Emilia Romagna Grand Prix,7,42.023776223776224,25.113986013986015
82.648,33.0,MEDIUM,34.0,STR,Aston Martin,Emilia Romagna Grand Prix,7,42.023776223776224,25.113986013986015
82.802,34.0,MEDIUM,35.0,STR,Aston Martin,Emilia Romagna Grand Prix,7,42.023776223776224,25.113986013986015
82.536,35.0,MEDIUM,36.0,STR,Aston Martin,Emilia Romagna Grand Prix,7,42.023776223776224,25.113986013986015
82.55,36.0,MEDIUM,37.0,STR,Aston Martin,Emilia Romagna Grand Prix,7,42.023776223776224,25.113986013986015
86.977,37.0,MEDIUM,38.0,STR,Aston Martin,Emilia Romagna Grand Prix,7,42.023776223776224,25.113986013986015
103.75,38.0,HARD,2.0,STR,Aston Martin,Emilia Romagna Grand Prix,7,42.023776223776224,25.113986013986015
81.973,39.0,HARD,3.0,STR,Aston Martin,Emilia Romagna Grand Prix,7,42.023776223776224,25.113986013986015
80.588,40.0,HARD,4.0,STR,Aston Martin,Emilia Romagna Grand Prix,7,42.023776223776224,25.113986013986015
81.122,41.0,HARD,5.0,STR,Aston Martin,Emilia Romagna Grand Prix,7,42.023776223776224,25.113986013986015
80.807,42.0,HARD,6.0,STR,Aston Martin,Emilia Romagna Grand Prix,7,42.023776223776224,25.113986013986015
80.598,43.0,HARD,7.0,STR,Aston Martin,Emilia Romagna Grand Prix,7,42.023776223776224,25.113986013986015
82.103,44.0,HARD,8.0,STR,Aston Martin,Emilia Romagna Grand Prix,7,42.023776223776224,25.113986013986015
82.433,45.0,HARD,9.0,STR,Aston Martin,Emilia Romagna Grand Prix,7,42.023776223776224,25.113986013986015
80.978,46.0,HARD,10.0,STR,Aston Martin,Emilia Romagna Grand Prix,7,42.023776223776224,25.113986013986015
81.29,47.0,HARD,11.0,STR,Aston Martin,Emilia Romagna Grand Prix,7,42.023776223776224,25.113986013986015
80.964,48.0,HARD,12.0,STR,Aston Martin,Emilia Romagna Grand Prix,7,42.023776223776224,25.113986013986015
81.355,49.0,HARD,13.0,STR,Aston Martin,Emilia Romagna Grand Prix,7,42.023776223776224,25.113986013986015
80.731,50.0,HARD,14.0,STR,Aston Martin,Emilia Romagna Grand Prix,7,42.023776223776224,25.113986013986015
81.074,51.0,HARD,15.0,STR,Aston Martin,Emilia Romagna Grand Prix,7,42.023776223776224,25.113986013986015
80.682,52.0,HARD,16.0,STR,Aston Martin,Emilia Romagna Grand Prix,7,42.023776223776224,25.113986013986015
80.783,53.0,HARD,17.0,STR,Aston Martin,Emilia Romagna Grand Prix,7,42.023776223776224,25.113986013986015
80.896,54.0,HARD,18.0,STR,Aston Martin,Emilia Romagna Grand Prix,7,42.023776223776224,25.113986013986015
80.718,55.0,HARD,19.0,STR,Aston Martin,Emilia Romagna Grand Prix,7,42.023776223776224,25.113986013986015
80.617,56.0,HARD,20.0,STR,Aston Martin,Emilia Romagna Grand Prix,7,42.023776223776224,25.113986013986015
80.731,57.0,HARD,21.0,STR,Aston Martin,Emilia Romagna Grand Prix,7,42.023776223776224,25.113986013986015
80.57,58.0,HARD,22.0,STR,Aston Martin,Emilia Romagna Grand Prix,7,42.023776223776224,25.113986013986015
80.612,59.0,HARD,23.0,STR,Aston Martin,Emilia Romagna Grand Prix,7,42.023776223776224,25.113986013986015
80.959,60.0,HARD,24.0,STR,Aston Martin,Emilia Romagna Grand Prix,7,42.023776223776224,25.113986013986015
81.647,61.0,HARD,25.0,STR,Aston Martin,Emilia Romagna Grand Prix,7,42.023776223776224,25.113986013986015
82.751,62.0,HARD,26.0,STR,Aston Martin,Emilia Romagna Grand Prix,7,42.023776223776224,25.113986013986015
83.832,63.0,HARD,27.0,STR,Aston Martin,Emilia Romagna Grand Prix,7,42.023776223776224,25.113986013986015
81.758,3.0,MEDIUM,3.0,TSU,RB,Emilia Romagna Grand Prix,7,42.023776223776224,25.113986013986015
82.07,4.0,MEDIUM,4.0,TSU,RB,Emilia Romagna Grand Prix,7,42.023776223776224,25.113986013986015
82.167,5.0,MEDIUM,5.0,TSU,RB,Emilia Romagna Grand Prix,7,42.023776223776224,25.113986013986015
82.24,6.0,MEDIUM,6.0,TSU,RB,Emilia Romagna Grand Prix,7,42.023776223776224,25.113986013986015
82.672,7.0,MEDIUM,7.0,TSU,RB,Emilia Romagna Grand Prix,7,42.023776223776224,25.113986013986015
82.138,8.0,MEDIUM,8.0,TSU,RB,Emilia Romagna Grand Prix,7,42.023776223776224,25.113986013986015
82.216,9.0,MEDIUM,9.0,TSU,RB,Emilia Romagna Grand Prix,7,42.023776223776224,25.113986013986015
82.513,10.0,MEDIUM,10.0,TSU,RB,Emilia Romagna Grand Prix,7,42.023776223776224,25.113986013986015
82.447,11.0,MEDIUM,11.0,TSU,RB,Emilia Romagna Grand Prix,7,42.023776223776224,25.113986013986015
86.755,12.0,MEDIUM,12.0,TSU,RB,Emilia Romagna Grand Prix,7,42.023776223776224,25.113986013986015
103.607,13.0,HARD,1.0,TSU,RB,Emilia Romagna Grand Prix,7,42.023776223776224,25.113986013986015
80.936,14.0,HARD,2.0,TSU,RB,Emilia Romagna Grand Prix,7,42.023776223776224,25.113986013986015
81.761,15.0,HARD,3.0,TSU,RB,Emilia Romagna Grand Prix,7,42.023776223776224,25.113986013986015
81.635,16.0,HARD,4.0,TSU,RB,Emilia Romagna Grand Prix,7,42.023776223776224,25.113986013986015
81.855,17.0,HARD,5.0,TSU,RB,Emilia Romagna Grand Prix,7,42.023776223776224,25.113986013986015
81.949,18.0,HARD,6.0,TSU,RB,Emilia Romagna Grand Prix,7,42.023776223776224,25.113986013986015
82.162,19.0,HARD,7.0,TSU,RB,Emilia Romagna Grand Prix,7,42.023776223776224,25.113986013986015
82.453,20.0,HARD,8.0,TSU,RB,Emilia Romagna Grand Prix,7,42.023776223776224,25.113986013986015
82.941,21.0,HARD,9.0,TSU,RB,Emilia Romagna Grand Prix,7,42.023776223776224,25.113986013986015
83.322,22.0,HARD,10.0,TSU,RB,Emilia Romagna Grand Prix,7,42.023776223776224,25.113986013986015
83.393,23.0,HARD,11.0,TSU,RB,Emilia Romagna Grand Prix,7,42.023776223776224,25.113986013986015
82.573,24.0,HARD,12.0,TSU,RB,Emilia Romagna Grand Prix,7,42.023776223776224,25.113986013986015
83.073,25.0,HARD,13.0,TSU,RB,Emilia Romagna Grand Prix,7,42.023776223776224,25.113986013986015
82.175,26.0,HARD,14.0,TSU,RB,Emilia Romagna Grand Prix,7,42.023776223776224,25.113986013986015
82.391,27.0,HARD,15.0,TSU,RB,Emilia Romagna Grand Prix,7,42.023776223776224,25.113986013986015
82.523,28.0,HARD,16.0,TSU,RB,Emilia Romagna Grand Prix,7,42.023776223776224,25.113986013986015
82.593,29.0,HARD,17.0,TSU,RB,Emilia Romagna Grand Prix,7,42.023776223776224,25.113986013986015
82.892,30.0,HARD,18.0,TSU,RB,Emilia Romagna Grand Prix,7,42.023776223776224,25.113986013986015
83.137,31.0,HARD,19.0,TSU,RB,Emilia Romagna Grand Prix,7,42.023776223776224,25.113986013986015
83.537,32.0,HARD,20.0,TSU,RB,Emilia Romagna Grand Prix,7,42.023776223776224,25.113986013986015
82.477,33.0,HARD,21.0,TSU,RB,Emilia Romagna Grand Prix,7,42.023776223776224,25.113986013986015
82.571,34.0,HARD,22.0,TSU,RB,Emilia Romagna Grand Prix,7,42.023776223776224,25.113986013986015
82.333,35.0,HARD,23.0,TSU,RB,Emilia Romagna Grand Prix,7,42.023776223776224,25.113986013986015
82.669,36.0,HARD,24.0,TSU,RB,Emilia Romagna Grand Prix,7,42.023776223776224,25.113986013986015
82.692,37.0,HARD,25.0,TSU,RB,Emilia Romagna Grand Prix,7,42.023776223776224,25.113986013986015
82.075,38.0,HARD,26.0,TSU,RB,Emilia Romagna Grand Prix,7,42.023776223776224,25.113986013986015
82.427,39.0,HARD,27.0,TSU,RB,Emilia Romagna Grand Prix,7,42.023776223776224,25.113986013986015
82.339,40.0,HARD,28.0,TSU,RB,Emilia Romagna Grand Prix,7,42.023776223776224,25.113986013986015
82.288,41.0,HARD,29.0,TSU,RB,Emilia Romagna Grand Prix,7,42.023776223776224,25.113986013986015
82.879,42.0,HARD,30.0,TSU,RB,Emilia Romagna Grand Prix,7,42.023776223776224,25.113986013986015
81.998,43.0,HARD,31.0,TSU,RB,Emilia Romagna Grand Prix,7,42.023776223776224,25.113986013986015
82.079,44.0,HARD,32.0,TSU,RB,Emilia Romagna Grand Prix,7,42.023776223776224,25.113986013986015
82.241,45.0,HARD,33.0,TSU,RB,Emilia Romagna Grand Prix,7,42.023776223776224,25.113986013986015
82.223,46.0,HARD,34.0,TSU,RB,Emilia Romagna Grand Prix,7,42.023776223776224,25.113986013986015
82.133,47.0,HARD,35.0,TSU,RB,Emilia Romagna Grand Prix,7,42.023776223776224,25.113986013986015
81.933,48.0,HARD,36.0,TSU,RB,Emilia Romagna Grand Prix,7,42.023776223776224,25.113986013986015
81.88,49.0,HARD,37.0,TSU,RB,Emilia Romagna Grand Prix,7,42.023776223776224,25.113986013986015
83.356,50.0,HARD,38.0,TSU,RB,Emilia Romagna Grand Prix,7,42.023776223776224,25.113986013986015
82.183,51.0,HARD,39.0,TSU,RB,Emilia Romagna Grand Prix,7,42.023776223776224,25.113986013986015
82.114,52.0,HARD,40.0,TSU,RB,Emilia Romagna Grand Prix,7,42.023776223776224,25.113986013986015
82.356,53.0,HARD,41.0,TSU,RB,Emilia Romagna Grand Prix,7,42.023776223776224,25.113986013986015
85.932,54.0,HARD,42.0,TSU,RB,Emilia Romagna Grand Prix,7,42.023776223776224,25.113986013986015
82.051,55.0,HARD,43.0,TSU,RB,Emilia Romagna Grand Prix,7,42.023776223776224,25.113986013986015
83.87,56.0,HARD,44.0,TSU,RB,Emilia Romagna Grand Prix,7,42.023776223776224,25.113986013986015
81.955,57.0,HARD,45.0,TSU,RB,Emilia Romagna Grand Prix,7,42.023776223776224,25.113986013986015
82.005,58.0,HARD,46.0,TSU,RB,Emilia Romagna Grand Prix,7,42.023776223776224,25.113986013986015
81.828,59.0,HARD,47.0,TSU,RB,Emilia Romagna Grand Prix,7,42.023776223776224,25.113986013986015
83.836,60.0,HARD,48.0,TSU,RB,Emilia Romagna Grand Prix,7,42.023776223776224,25.113986013986015
81.891,61.0,HARD,49.0,TSU,RB,Emilia Romagna Grand Prix,7,42.023776223776224,25.113986013986015
81.988,62.0,HARD,50.0,TSU,RB,Emilia Romagna Grand Prix,7,42.023776223776224,25.113986013986015
81.7,3.0,MEDIUM,3.0,HUL,Haas F1 Team,Emilia Romagna Grand Prix,7,42.023776223776224,25.113986013986015
82.157,4.0,MEDIUM,4.0,HUL,Haas F1 Team,Emilia Romagna Grand Prix,7,42.023776223776224,25.113986013986015
82.184,5.0,MEDIUM,5.0,HUL,Haas F1 Team,Emilia Romagna Grand Prix,7,42.023776223776224,25.113986013986015
82.361,6.0,MEDIUM,6.0,HUL,Haas F1 Team,Emilia Romagna Grand Prix,7,42.023776223776224,25.113986013986015
82.36,7.0,MEDIUM,7.0,HUL,Haas F1 Team,Emilia Romagna Grand Prix,7,42.023776223776224,25.113986013986015
82.148,8.0,MEDIUM,8.0,HUL,Haas F1 Team,Emilia Romagna Grand Prix,7,42.023776223776224,25.113986013986015
82.175,9.0,MEDIUM,9.0,HUL,Haas F1 Team,Emilia Romagna Grand Prix,7,42.023776223776224,25.113986013986015
82.538,10.0,MEDIUM,10.0,HUL,Haas F1 Team,Emilia Romagna Grand Prix,7,42.023776223776224,25.113986013986015
82.516,11.0,MEDIUM,11.0,HUL,Haas F1 Team,Emilia Romagna Grand Prix,7,42.023776223776224,25.113986013986015
82.571,12.0,MEDIUM,12.0,HUL,Haas F1 Team,Emilia Romagna Grand Prix,7,42.023776223776224,25.113986013986015
86.982,13.0,MEDIUM,13.0,HUL,Haas F1 Team,Emilia Romagna Grand Prix,7,42.023776223776224,25.113986013986015
104.353,14.0,HARD,1.0,HUL,Haas F1 Team,Emilia Romagna Grand Prix,7,42.023776223776224,25.113986013986015
81.918,15.0,HARD,2.0,HUL,Haas F1 Team,Emilia Romagna Grand Prix,7,42.023776223776224,25.113986013986015
81.756,16.0,HARD,3.0,HUL,Haas F1 Team,Emilia Romagna Grand Prix,7,42.023776223776224,25.113986013986015
82.074,17.0,HARD,4.0,HUL,Haas F1 Team,Emilia Romagna Grand Prix,7,42.023776223776224,25.113986013986015
82.086,18.0,HARD,5.0,HUL,Haas F1 Team,Emilia Romagna Grand Prix,7,42.023776223776224,25.113986013986015
82.624,19.0,HARD,6.0,HUL,Haas F1 Team,Emilia Romagna Grand Prix,7,42.023776223776224,25.113986013986015
82.309,20.0,HARD,7.0,HUL,Haas F1 Team,Emilia Romagna Grand Prix,7,42.023776223776224,25.113986013986015
82.218,21.0,HARD,8.0,HUL,Haas F1 Team,Emilia Romagna Grand Prix,7,42.023776223776224,25.113986013986015
82.412,22.0,HARD,9.0,HUL,Haas F1 Team,Emilia Romagna Grand Prix,7,42.023776223776224,25.113986013986015
82.883,23.0,HARD,10.0,HUL,Haas F1 Team,Emilia Romagna Grand Prix,7,42.023776223776224,25.113986013986015
83.102,24.0,HARD,11.0,HUL,Haas F1 Team,Emilia Romagna Grand Prix,7,42.023776223776224,25.113986013986015
82.763,25.0,HARD,12.0,HUL,Haas F1 Team,Emilia Romagna Grand Prix,7,42.023776223776224,25.113986013986015
82.669,26.0,HARD,13.0,HUL,Haas F1 Team,Emilia Romagna Grand Prix,7,42.023776223776224,25.113986013986015
82.322,27.0,HARD,14.0,HUL,Haas F1 Team,Emilia Romagna Grand Prix,7,42.023776223776224,25.113986013986015
82.744,28.0,HARD,15.0,HUL,Haas F1 Team,Emilia Romagna Grand Prix,7,42.023776223776224,25.113986013986015
82.829,29.0,HARD,16.0,HUL,Haas F1 Team,Emilia Romagna Grand Prix,7,42.023776223776224,25.113986013986015
82.732,30.0,HARD,17.0,HUL,Haas F1 Team,Emilia Romagna Grand Prix,7,42.023776223776224,25.113986013986015
83.01,31.0,HARD,18.0,HUL,Haas F1 Team,Emilia Romagna Grand Prix,7,42.023776223776224,25.113986013986015
83.256,32.0,HARD,19.0,HUL,Haas F1 Team,Emilia Romagna Grand Prix,7,42.023776223776224,25.113986013986015
83.561,33.0,HARD,20.0,HUL,Haas F1 Team,Emilia Romagna Grand Prix,7,42.023776223776224,25.113986013986015
82.798,34.0,HARD,21.0,HUL,Haas F1 Team,Emilia Romagna Grand Prix,7,42.023776223776224,25.113986013986015
82.11,35.0,HARD,22.0,HUL,Haas F1 Team,Emilia Romagna Grand Prix,7,42.023776223776224,25.113986013986015
82.575,36.0,HARD,23.0,HUL,Haas F1 Team,Emilia Romagna Grand Prix,7,42.023776223776224,25.113986013986015
82.433,37.0,HARD,24.0,HUL,Haas F1 Team,Emilia Romagna Grand Prix,7,42.023776223776224,25.113986013986015
82.48,38.0,HARD,25.0,HUL,Haas F1 Team,Emilia Romagna Grand Prix,7,42.023776223776224,25.113986013986015
82.62,39.0,HARD,26.0,HUL,Haas F1 Team,Emilia Romagna Grand Prix,7,42.023776223776224,25.113986013986015
83.111,40.0,HARD,27.0,HUL,Haas F1 Team,Emilia Romagna Grand Prix,7,42.023776223776224,25.113986013986015
82.504,41.0,HARD,28.0,HUL,Haas F1 Team,Emilia Romagna Grand Prix,7,42.023776223776224,25.113986013986015
82.265,42.0,HARD,29.0,HUL,Haas F1 Team,Emilia Romagna Grand Prix,7,42.023776223776224,25.113986013986015
82.435,43.0,HARD,30.0,HUL,Haas F1 Team,Emilia Romagna Grand Prix,7,42.023776223776224,25.113986013986015
82.192,44.0,HARD,31.0,HUL,Haas F1 Team,Emilia Romagna Grand Prix,7,42.023776223776224,25.113986013986015
82.481,45.0,HARD,32.0,HUL,Haas F1 Team,Emilia Romagna Grand Prix,7,42.023776223776224,25.113986013986015
83.483,46.0,HARD,33.0,HUL,Haas F1 Team,Emilia Romagna Grand Prix,7,42.023776223776224,25.113986013986015
82.763,47.0,HARD,34.0,HUL,Haas F1 Team,Emilia Romagna Grand Prix,7,42.023776223776224,25.113986013986015
82.264,48.0,HARD,35.0,HUL,Haas F1 Team,Emilia Romagna Grand Prix,7,42.023776223776224,25.113986013986015
82.003,49.0,HARD,36.0,HUL,Haas F1 Team,Emilia Romagna Grand Prix,7,42.023776223776224,25.113986013986015
81.921,50.0,HARD,37.0,HUL,Haas F1 Team,Emilia Romagna Grand Prix,7,42.023776223776224,25.113986013986015
84.008,51.0,HARD,38.0,HUL,Haas F1 Team,Emilia Romagna Grand Prix,7,42.023776223776224,25.113986013986015
84.017,52.0,HARD,39.0,HUL,Haas F1 Team,Emilia Romagna Grand Prix,7,42.023776223776224,25.113986013986015
83.667,53.0,HARD,40.0,HUL,Haas F1 Team,Emilia Romagna Grand Prix,7,42.023776223776224,25.113986013986015
82.255,54.0,HARD,41.0,HUL,Haas F1 Team,Emilia Romagna Grand Prix,7,42.023776223776224,25.113986013986015
82.094,55.0,HARD,42.0,HUL,Haas F1 Team,Emilia Romagna Grand Prix,7,42.023776223776224,25.113986013986015
82.217,56.0,HARD,43.0,HUL,Haas F1 Team,Emilia Romagna Grand Prix,7,42.023776223776224,25.113986013986015
83.902,57.0,HARD,44.0,HUL,Haas F1 Team,Emilia Romagna Grand Prix,7,42.023776223776224,25.113986013986015
82.126,58.0,HARD,45.0,HUL,Haas F1 Team,Emilia Romagna Grand Prix,7,42.023776223776224,25.113986013986015
82.225,59.0,HARD,46.0,HUL,Haas F1 Team,Emilia Romagna Grand Prix,7,42.023776223776224,25.113986013986015
82.409,60.0,HARD,47.0,HUL,Haas F1 Team,Emilia Romagna Grand Prix,7,42.023776223776224,25.113986013986015
83.789,61.0,HARD,48.0,HUL,Haas F1 Team,Emilia Romagna Grand Prix,7,42.023776223776224,25.113986013986015
82.21,62.0,HARD,49.0,HUL,Haas F1 Team,Emilia Romagna Grand Prix,7,42.023776223776224,25.113986013986015
82.737,3.0,MEDIUM,3.0,MAG,Haas F1 Team,Emilia Romagna Grand Prix,7,42.023776223776224,25.113986013986015
82.517,4.0,MEDIUM,4.0,MAG,Haas F1 Team,Emilia Romagna Grand Prix,7,42.023776223776224,25.113986013986015
82.682,5.0,MEDIUM,5.0,MAG,Haas F1 Team,Emilia Romagna Grand Prix,7,42.023776223776224,25.113986013986015
82.237,6.0,MEDIUM,6.0,MAG,Haas F1 Team,Emilia Romagna Grand Prix,7,42.023776223776224,25.113986013986015
82.52,7.0,MEDIUM,7.0,MAG,Haas F1 Team,Emilia Romagna Grand Prix,7,42.023776223776224,25.113986013986015
82.411,8.0,MEDIUM,8.0,MAG,Haas F1 Team,Emilia Romagna Grand Prix,7,42.023776223776224,25.113986013986015
82.32,9.0,MEDIUM,9.0,MAG,Haas F1 Team,Emilia Romagna Grand Prix,7,42.023776223776224,25.113986013986015
83.013,10.0,MEDIUM,10.0,MAG,Haas F1 Team,Emilia Romagna Grand Prix,7,42.023776223776224,25.113986013986015
82.858,11.0,MEDIUM,11.0,MAG,Haas F1 Team,Emilia Romagna Grand Prix,7,42.023776223776224,25.113986013986015
82.927,12.0,MEDIUM,12.0,MAG,Haas F1 Team,Emilia Romagna Grand Prix,7,42.023776223776224,25.113986013986015
82.955,13.0,MEDIUM,13.0,MAG,Haas F1 Team,Emilia Romagna Grand Prix,7,42.023776223776224,25.113986013986015
83.09,14.0,MEDIUM,14.0,MAG,Haas F1 Team,Emilia Romagna Grand Prix,7,42.023776223776224,25.113986013986015
83.215,15.0,MEDIUM,15.0,MAG,Haas F1 Team,Emilia Romagna Grand Prix,7,42.023776223776224,25.113986013986015
83.135,16.0,MEDIUM,16.0,MAG,Haas F1 Team,Emilia Romagna Grand Prix,7,42.023776223776224,25.113986013986015
83.577,17.0,MEDIUM,17.0,MAG,Haas F1 Team,Emilia Romagna Grand Prix,7,42.023776223776224,25.113986013986015
83.338,18.0,MEDIUM,18.0,MAG,Haas F1 Team,Emilia Romagna Grand Prix,7,42.023776223776224,25.113986013986015
83.271,19.0,MEDIUM,19.0,MAG,Haas F1 Team,Emilia Romagna Grand Prix,7,42.023776223776224,25.113986013986015
82.85,20.0,MEDIUM,20.0,MAG,Haas F1 Team,Emilia Romagna Grand Prix,7,42.023776223776224,25.113986013986015
82.686,21.0,MEDIUM,21.0,MAG,Haas F1 Team,Emilia Romagna Grand Prix,7,42.023776223776224,25.113986013986015
83.013,22.0,MEDIUM,22.0,MAG,Haas F1 Team,Emilia Romagna Grand Prix,7,42.023776223776224,25.113986013986015
82.761,23.0,MEDIUM,23.0,MAG,Haas F1 Team,Emilia Romagna Grand Prix,7,42.023776223776224,25.113986013986015
82.939,24.0,MEDIUM,24.0,MAG,Haas F1 Team,Emilia Romagna Grand Prix,7,42.023776223776224,25.113986013986015
83.296,25.0,MEDIUM,25.0,MAG,Haas F1 Team,Emilia Romagna Grand Prix,7,42.023776223776224,25.113986013986015
82.862,26.0,MEDIUM,26.0,MAG,Haas F1 Team,Emilia Romagna Grand Prix,7,42.023776223776224,25.113986013986015
82.938,27.0,MEDIUM,27.0,MAG,Haas F1 Team,Emilia Romagna Grand Prix,7,42.023776223776224,25.113986013986015
83.133,28.0,MEDIUM,28.0,MAG,Haas F1 Team,Emilia Romagna Grand Prix,7,42.023776223776224,25.113986013986015
83.157,29.0,MEDIUM,29.0,MAG,Haas F1 Team,Emilia Romagna Grand Prix,7,42.023776223776224,25.113986013986015
83.061,30.0,MEDIUM,30.0,MAG,Haas F1 Team,Emilia Romagna Grand Prix,7,42.023776223776224,25.113986013986015
83.284,31.0,MEDIUM,31.0,MAG,Haas F1 Team,Emilia Romagna Grand Prix,7,42.023776223776224,25.113986013986015
84.028,32.0,MEDIUM,32.0,MAG,Haas F1 Team,Emilia Romagna Grand Prix,7,42.023776223776224,25.113986013986015
83.207,33.0,MEDIUM,33.0,MAG,Haas F1 Team,Emilia Romagna Grand Prix,7,42.023776223776224,25.113986013986015
83.222,34.0,MEDIUM,34.0,MAG,Haas F1 Team,Emilia Romagna Grand Prix,7,42.023776223776224,25.113986013986015
82.945,35.0,MEDIUM,35.0,MAG,Haas F1 Team,Emilia Romagna Grand Prix,7,42.023776223776224,25.113986013986015
83.175,36.0,MEDIUM,36.0,MAG,Haas F1 Team,Emilia Romagna Grand Prix,7,42.023776223776224,25.113986013986015
87.682,37.0,MEDIUM,37.0,MAG,Haas F1 Team,Emilia Romagna Grand Prix,7,42.023776223776224,25.113986013986015
105.988,38.0,HARD,1.0,MAG,Haas F1 Team,Emilia Romagna Grand Prix,7,42.023776223776224,25.113986013986015
81.485,39.0,HARD,2.0,MAG,Haas F1 Team,Emilia Romagna Grand Prix,7,42.023776223776224,25.113986013986015
82.407,40.0,HARD,3.0,MAG,Haas F1 Team,Emilia Romagna Grand Prix,7,42.023776223776224,25.113986013986015
81.162,41.0,HARD,4.0,MAG,Haas F1 Team,Emilia Romagna Grand Prix,7,42.023776223776224,25.113986013986015
84.273,42.0,HARD,5.0,MAG,Haas F1 Team,Emilia Romagna Grand Prix,7,42.023776223776224,25.113986013986015
81.446,43.0,HARD,6.0,MAG,Haas F1 Team,Emilia Romagna Grand Prix,7,42.023776223776224,25.113986013986015
81.238,44.0,HARD,7.0,MAG,Haas F1 Team,Emilia Romagna Grand Prix,7,42.023776223776224,25.113986013986015
81.695,45.0,HARD,8.0,MAG,Haas F1 Team,Emilia Romagna Grand Prix,7,42.023776223776224,25.113986013986015
81.672,46.0,HARD,9.0,MAG,Haas F1 Team,Emilia Romagna Grand Prix,7,42.023776223776224,25.113986013986015
81.58,47.0,HARD,10.0,MAG,Haas F1 Team,Emilia Romagna Grand Prix,7,42.023776223776224,25.113986013986015
81.068,48.0,HARD,11.0,MAG,Haas F1 Team,Emilia Romagna Grand Prix,7,42.023776223776224,25.113986013986015
83.71,49.0,HARD,12.0,MAG,Haas F1 Team,Emilia Romagna Grand Prix,7,42.023776223776224,25.113986013986015
81.496,50.0,HARD,13.0,MAG,Haas F1 Team,Emilia Romagna Grand Prix,7,42.023776223776224,25.113986013986015
81.374,51.0,HARD,14.0,MAG,Haas F1 Team,Emilia Romagna Grand Prix,7,42.023776223776224,25.113986013986015
81.61,52.0,HARD,15.0,MAG,Haas F1 Team,Emilia Romagna Grand Prix,7,42.023776223776224,25.113986013986015
81.102,53.0,HARD,16.0,MAG,Haas F1 Team,Emilia Romagna Grand Prix,7,42.023776223776224,25.113986013986015
81.132,54.0,HARD,17.0,MAG,Haas F1 Team,Emilia Romagna Grand Prix,7,42.023776223776224,25.113986013986015
81.25,55.0,HARD,18.0,MAG,Haas F1 Team,Emilia Romagna Grand Prix,7,42.023776223776224,25.113986013986015
81.181,56.0,HARD,19.0,MAG,Haas F1 Team,Emilia Romagna Grand Prix,7,42.023776223776224,25.113986013986015
83.299,57.0,HARD,20.0,MAG,Haas F1 Team,Emilia Romagna Grand Prix,7,42.023776223776224,25.113986013986015
81.009,58.0,HARD,21.0,MAG,Haas F1 Team,Emilia Romagna Grand Prix,7,42.023776223776224,25.113986013986015
81.292,59.0,HARD,22.0,MAG,Haas F1 Team,Emilia Romagna Grand Prix,7,42.023776223776224,25.113986013986015
81.412,60.0,HARD,23.0,MAG,Haas F1 Team,Emilia Romagna Grand Prix,7,42.023776223776224,25.113986013986015
81.75,61.0,HARD,24.0,MAG,Haas F1 Team,Emilia Romagna Grand Prix,7,42.023776223776224,25.113986013986015
81.809,62.0,HARD,25.0,MAG,Haas F1 Team,Emilia Romagna Grand Prix,7,42.023776223776224,25.113986013986015
82.083,3.0,MEDIUM,3.0,RIC,RB,Emilia Romagna Grand Prix,7,42.023776223776224,25.113986013986015
82.227,4.0,MEDIUM,4.0,RIC,RB,Emilia Romagna Grand Prix,7,42.023776223776224,25.113986013986015
82.211,5.0,MEDIUM,5.0,RIC,RB,Emilia Romagna Grand Prix,7,42.023776223776224,25.113986013986015
82.412,6.0,MEDIUM,6.0,RIC,RB,Emilia Romagna Grand Prix,7,42.023776223776224,25.113986013986015
82.428,7.0,MEDIUM,7.0,RIC,RB,Emilia Romagna Grand Prix,7,42.023776223776224,25.113986013986015
82.374,8.0,MEDIUM,8.0,RIC,RB,Emilia Romagna Grand Prix,7,42.023776223776224,25.113986013986015
82.453,9.0,MEDIUM,9.0,RIC,RB,Emilia Romagna Grand Prix,7,42.023776223776224,25.113986013986015
82.494,10.0,MEDIUM,10.0,RIC,RB,Emilia Romagna Grand Prix,7,42.023776223776224,25.113986013986015
87.088,11.0,MEDIUM,11.0,RIC,RB,Emilia Romagna Grand Prix,7,42.023776223776224,25.113986013986015
104.778,12.0,HARD,1.0,RIC,RB,Emilia Romagna Grand Prix,7,42.023776223776224,25.113986013986015
81.569,13.0,HARD,2.0,RIC,RB,Emilia Romagna Grand Prix,7,42.023776223776224,25.113986013986015
82.254,14.0,HARD,3.0,RIC,RB,Emilia Romagna Grand Prix,7,42.023776223776224,25.113986013986015
82.005,15.0,HARD,4.0,RIC,RB,Emilia Romagna Grand Prix,7,42.023776223776224,25.113986013986015
82.012,16.0,HARD,5.0,RIC,RB,Emilia Romagna Grand Prix,7,42.023776223776224,25.113986013986015
82.258,17.0,HARD,6.0,RIC,RB,Emilia Romagna Grand Prix,7,42.023776223776224,25.113986013986015
82.031,18.0,HARD,7.0,RIC,RB,Emilia Romagna Grand Prix,7,42.023776223776224,25.113986013986015
82.224,19.0,HARD,8.0,RIC,RB,Emilia Romagna Grand Prix,7,42.023776223776224,25.113986013986015
82.013,20.0,HARD,9.0,RIC,RB,Emilia Romagna Grand Prix,7,42.023776223776224,25.113986013986015
82.221,21.0,HARD,10.0,RIC,RB,Emilia Romagna Grand Prix,7,42.023776223776224,25.113986013986015
82.4,22.0,HARD,11.0,RIC,RB,Emilia Romagna Grand Prix,7,42.023776223776224,25.113986013986015
82.645,23.0,HARD,12.0,RIC,RB,Emilia Romagna Grand Prix,7,42.023776223776224,25.113986013986015
82.458,24.0,HARD,13.0,RIC,RB,Emilia Romagna Grand Prix,7,42.023776223776224,25.113986013986015
82.681,25.0,HARD,14.0,RIC,RB,Emilia Romagna Grand Prix,7,42.023776223776224,25.113986013986015
83.245,26.0,HARD,15.0,RIC,RB,Emilia Romagna Grand Prix,7,42.023776223776224,25.113986013986015
83.506,27.0,HARD,16.0,RIC,RB,Emilia Romagna Grand Prix,7,42.023776223776224,25.113986013986015
83.291,28.0,HARD,17.0,RIC,RB,Emilia Romagna Grand Prix,7,42.023776223776224,25.113986013986015
83.321,29.0,HARD,18.0,RIC,RB,Emilia Romagna Grand Prix,7,42.023776223776224,25.113986013986015
84.07,30.0,HARD,19.0,RIC,RB,Emilia Romagna Grand Prix,7,42.023776223776224,25.113986013986015
83.689,31.0,HARD,20.0,RIC,RB,Emilia Romagna Grand Prix,7,42.023776223776224,25.113986013986015
81.853,32.0,HARD,21.0,RIC,RB,Emilia Romagna Grand Prix,7,42.023776223776224,25.113986013986015
82.261,33.0,HARD,22.0,RIC,RB,Emilia Romagna Grand Prix,7,42.023776223776224,25.113986013986015
81.8,34.0,HARD,23.0,RIC,RB,Emilia Romagna Grand Prix,7,42.023776223776224,25.113986013986015
82.243,35.0,HARD,24.0,RIC,RB,Emilia Romagna Grand Prix,7,42.023776223776224,25.113986013986015
82.248,36.0,HARD,25.0,RIC,RB,Emilia Romagna Grand Prix,7,42.023776223776224,25.113986013986015
82.261,37.0,HARD,26.0,RIC,RB,Emilia Romagna Grand Prix,7,42.023776223776224,25.113986013986015
82.219,38.0,HARD,27.0,RIC,RB,Emilia Romagna Grand Prix,7,42.023776223776224,25.113986013986015
83.668,39.0,HARD,28.0,RIC,RB,Emilia Romagna Grand Prix,7,42.023776223776224,25.113986013986015
82.282,40.0,HARD,29.0,RIC,RB,Emilia Romagna Grand Prix,7,42.023776223776224,25.113986013986015
82.377,41.0,HARD,30.0,RIC,RB,Emilia Romagna Grand Prix,7,42.023776223776224,25.113986013986015
82.166,42.0,HARD,31.0,RIC,RB,Emilia Romagna Grand Prix,7,42.023776223776224,25.113986013986015
83.653,43.0,HARD,32.0,RIC,RB,Emilia Romagna Grand Prix,7,42.023776223776224,25.113986013986015
82.53,44.0,HARD,33.0,RIC,RB,Emilia Romagna Grand Prix,7,42.023776223776224,25.113986013986015
82.076,45.0,HARD,34.0,RIC,RB,Emilia Romagna Grand Prix,7,42.023776223776224,25.113986013986015
82.298,46.0,HARD,35.0,RIC,RB,Emilia Romagna Grand Prix,7,42.023776223776224,25.113986013986015
82.31,47.0,HARD,36.0,RIC,RB,Emilia Romagna Grand Prix,7,42.023776223776224,25.113986013986015
82.164,48.0,HARD,37.0,RIC,RB,Emilia Romagna Grand Prix,7,42.023776223776224,25.113986013986015
82.229,49.0,HARD,38.0,RIC,RB,Emilia Romagna Grand Prix,7,42.023776223776224,25.113986013986015
84.081,50.0,HARD,39.0,RIC,RB,Emilia Romagna Grand Prix,7,42.023776223776224,25.113986013986015
82.17,51.0,HARD,40.0,RIC,RB,Emilia Romagna Grand Prix,7,42.023776223776224,25.113986013986015
85.609,52.0,HARD,41.0,RIC,RB,Emilia Romagna Grand Prix,7,42.023776223776224,25.113986013986015
82.3,53.0,HARD,42.0,RIC,RB,Emilia Romagna Grand Prix,7,42.023776223776224,25.113986013986015
81.985,54.0,HARD,43.0,RIC,RB,Emilia Romagna Grand Prix,7,42.023776223776224,25.113986013986015
81.9,55.0,HARD,44.0,RIC,RB,Emilia Romagna Grand Prix,7,42.023776223776224,25.113986013986015
83.896,56.0,HARD,45.0,RIC,RB,Emilia Romagna Grand Prix,7,42.023776223776224,25.113986013986015
82.31,57.0,HARD,46.0,RIC,RB,Emilia Romagna Grand Prix,7,42.023776223776224,25.113986013986015
82.06,58.0,HARD,47.0,RIC,RB,Emilia Romagna Grand Prix,7,42.023776223776224,25.113986013986015
81.974,59.0,HARD,48.0,RIC,RB,Emilia Romagna Grand Prix,7,42.023776223776224,25.113986013986015
84.027,60.0,HARD,49.0,RIC,RB,Emilia Romagna Grand Prix,7,42.023776223776224,25.113986013986015
81.941,61.0,HARD,50.0,RIC,RB,Emilia Romagna Grand Prix,7,42.023776223776224,25.113986013986015
83.435,62.0,HARD,51.0,RIC,RB,Emilia Romagna Grand Prix,7,42.023776223776224,25.113986013986015
82.29,3.0,MEDIUM,3.0,OCO,Alpine,Emilia Romagna Grand Prix,7,42.023776223776224,25.113986013986015
82.229,4.0,MEDIUM,4.0,OCO,Alpine,Emilia Romagna Grand Prix,7,42.023776223776224,25.113986013986015
82.267,5.0,MEDIUM,5.0,OCO,Alpine,Emilia Romagna Grand Prix,7,42.023776223776224,25.113986013986015
82.436,6.0,MEDIUM,6.0,OCO,Alpine,Emilia Romagna Grand Prix,7,42.023776223776224,25.113986013986015
82.562,7.0,MEDIUM,7.0,OCO,Alpine,Emilia Romagna Grand Prix,7,42.023776223776224,25.113986013986015
82.424,8.0,MEDIUM,8.0,OCO,Alpine,Emilia Romagna Grand Prix,7,42.023776223776224,25.113986013986015
82.715,9.0,MEDIUM,9.0,OCO,Alpine,Emilia Romagna Grand Prix,7,42.023776223776224,25.113986013986015
83.802,10.0,MEDIUM,10.0,OCO,Alpine,Emilia Romagna Grand Prix,7,42.023776223776224,25.113986013986015
82.745,11.0,MEDIUM,11.0,OCO,Alpine,Emilia Romagna Grand Prix,7,42.023776223776224,25.113986013986015
83.042,12.0,MEDIUM,12.0,OCO,Alpine,Emilia Romagna Grand Prix,7,42.023776223776224,25.113986013986015
82.907,13.0,MEDIUM,13.0,OCO,Alpine,Emilia Romagna Grand Prix,7,42.023776223776224,25.113986013986015
82.861,14.0,MEDIUM,14.0,OCO,Alpine,Emilia Romagna Grand Prix,7,42.023776223776224,25.113986013986015
83.006,15.0,MEDIUM,15.0,OCO,Alpine,Emilia Romagna Grand Prix,7,42.023776223776224,25.113986013986015
83.049,16.0,MEDIUM,16.0,OCO,Alpine,Emilia Romagna Grand Prix,7,42.023776223776224,25.113986013986015
83.06,17.0,MEDIUM,17.0,OCO,Alpine,Emilia Romagna Grand Prix,7,42.023776223776224,25.113986013986015
83.082,18.0,MEDIUM,18.0,OCO,Alpine,Emilia Romagna Grand Prix,7,42.023776223776224,25.113986013986015
83.179,19.0,MEDIUM,19.0,OCO,Alpine,Emilia Romagna Grand Prix,7,42.023776223776224,25.113986013986015
83.156,20.0,MEDIUM,20.0,OCO,Alpine,Emilia Romagna Grand Prix,7,42.023776223776224,25.113986013986015
83.219,21.0,MEDIUM,21.0,OCO,Alpine,Emilia Romagna Grand Prix,7,42.023776223776224,25.113986013986015
83.376,22.0,MEDIUM,22.0,OCO,Alpine,Emilia Romagna Grand Prix,7,42.023776223776224,25.113986013986015
83.609,23.0,MEDIUM,23.0,OCO,Alpine,Emilia Romagna Grand Prix,7,42.023776223776224,25.113986013986015
83.042,24.0,MEDIUM,24.0,OCO,Alpine,Emilia Romagna Grand Prix,7,42.023776223776224,25.113986013986015
87.881,25.0,MEDIUM,25.0,OCO,Alpine,Emilia Romagna Grand Prix,7,42.023776223776224,25.113986013986015
105.525,26.0,HARD,1.0,OCO,Alpine,Emilia Romagna Grand Prix,7,42.023776223776224,25.113986013986015
81.834,27.0,HARD,2.0,OCO,Alpine,Emilia Romagna Grand Prix,7,42.023776223776224,25.113986013986015
82.056,28.0,HARD,3.0,OCO,Alpine,Emilia Romagna Grand Prix,7,42.023776223776224,25.113986013986015
82.261,29.0,HARD,4.0,OCO,Alpine,Emilia Romagna Grand Prix,7,42.023776223776224,25.113986013986015
82.557,30.0,HARD,5.0,OCO,Alpine,Emilia Romagna Grand Prix,7,42.023776223776224,25.113986013986015
82.589,31.0,HARD,6.0,OCO,Alpine,Emilia Romagna Grand Prix,7,42.023776223776224,25.113986013986015
82.454,32.0,HARD,7.0,OCO,Alpine,Emilia Romagna Grand Prix,7,42.023776223776224,25.113986013986015
82.35,33.0,HARD,8.0,OCO,Alpine,Emilia Romagna Grand Prix,7,42.023776223776224,25.113986013986015
83.217,34.0,HARD,9.0,OCO,Alpine,Emilia Romagna Grand Prix,7,42.023776223776224,25.113986013986015
82.909,35.0,HARD,10.0,OCO,Alpine,Emilia Romagna Grand Prix,7,42.023776223776224,25.113986013986015
82.364,36.0,HARD,11.0,OCO,Alpine,Emilia Romagna Grand Prix,7,42.023776223776224,25.113986013986015
81.304,37.0,HARD,12.0,OCO,Alpine,Emilia Romagna Grand Prix,7,42.023776223776224,25.113986013986015
82.062,38.0,HARD,13.0,OCO,Alpine,Emilia Romagna Grand Prix,7,42.023776223776224,25.113986013986015
82.139,39.0,HARD,14.0,OCO,Alpine,Emilia Romagna Grand Prix,7,42.023776223776224,25.113986013986015
82.04,40.0,HARD,15.0,OCO,Alpine,Emilia Romagna Grand Prix,7,42.023776223776224,25.113986013986015
82.145,41.0,HARD,16.0,OCO,Alpine,Emilia Romagna Grand Prix,7,42.023776223776224,25.113986013986015
82.224,42.0,HARD,17.0,OCO,Alpine,Emilia Romagna Grand Prix,7,42.023776223776224,25.113986013986015
82.081,43.0,HARD,18.0,OCO,Alpine,Emilia Romagna Grand Prix,7,42.023776223776224,25.113986013986015
83.818,44.0,HARD,19.0,OCO,Alpine,Emilia Romagna Grand Prix,7,42.023776223776224,25.113986013986015
82.572,45.0,HARD,20.0,OCO,Alpine,Emilia Romagna Grand Prix,7,42.023776223776224,25.113986013986015
83.905,46.0,HARD,21.0,OCO,Alpine,Emilia Romagna Grand Prix,7,42.023776223776224,25.113986013986015
85.675,47.0,HARD,22.0,OCO,Alpine,Emilia Romagna Grand Prix,7,42.023776223776224,25.113986013986015
82.55,48.0,HARD,23.0,OCO,Alpine,Emilia Romagna Grand Prix,7,42.023776223776224,25.113986013986015
84.384,49.0,HARD,24.0,OCO,Alpine,Emilia Romagna Grand Prix,7,42.023776223776224,25.113986013986015
83.073,50.0,HARD,25.0,OCO,Alpine,Emilia Romagna Grand Prix,7,42.023776223776224,25.113986013986015
84.114,51.0,HARD,26.0,OCO,Alpine,Emilia Romagna Grand Prix,7,42.023776223776224,25.113986013986015
82.762,52.0,HARD,27.0,OCO,Alpine,Emilia Romagna Grand Prix,7,42.023776223776224,25.113986013986015
82.756,53.0,HARD,28.0,OCO,Alpine,Emilia Romagna Grand Prix,7,42.023776223776224,25.113986013986015
83.855,54.0,HARD,29.0,OCO,Alpine,Emilia Romagna Grand Prix,7,42.023776223776224,25.113986013986015
82.991,55.0,HARD,30.0,OCO,Alpine,Emilia Romagna Grand Prix,7,42.023776223776224,25.113986013986015
83.017,56.0,HARD,31.0,OCO,Alpine,Emilia Romagna Grand Prix,7,42.023776223776224,25.113986013986015
83.961,57.0,HARD,32.0,OCO,Alpine,Emilia Romagna Grand Prix,7,42.023776223776224,25.113986013986015
82.824,58.0,HARD,33.0,OCO,Alpine,Emilia Romagna Grand Prix,7,42.023776223776224,25.113986013986015
82.068,59.0,HARD,34.0,OCO,Alpine,Emilia Romagna Grand Prix,7,42.023776223776224,25.113986013986015
82.154,60.0,HARD,35.0,OCO,Alpine,Emilia Romagna Grand Prix,7,42.023776223776224,25.113986013986015
81.745,61.0,HARD,36.0,OCO,Alpine,Emilia Romagna Grand Prix,7,42.023776223776224,25.113986013986015
82.013,62.0,HARD,37.0,OCO,Alpine,Emilia Romagna Grand Prix,7,42.023776223776224,25.113986013986015
82.718,3.0,HARD,3.0,ZHO,Kick Sauber,Emilia Romagna Grand Prix,7,42.023776223776224,25.113986013986015
83.046,4.0,HARD,4.0,ZHO,Kick Sauber,Emilia Romagna Grand Prix,7,42.023776223776224,25.113986013986015
82.565,5.0,HARD,5.0,ZHO,Kick Sauber,Emilia Romagna Grand Prix,7,42.023776223776224,25.113986013986015
82.647,6.0,HARD,6.0,ZHO,Kick Sauber,Emilia Romagna Grand Prix,7,42.023776223776224,25.113986013986015
82.971,7.0,HARD,7.0,ZHO,Kick Sauber,Emilia Romagna Grand Prix,7,42.023776223776224,25.113986013986015
82.798,8.0,HARD,8.0,ZHO,Kick Sauber,Emilia Romagna Grand Prix,7,42.023776223776224,25.113986013986015
83.153,9.0,HARD,9.0,ZHO,Kick Sauber,Emilia Romagna Grand Prix,7,42.023776223776224,25.113986013986015
83.131,10.0,HARD,10.0,ZHO,Kick Sauber,Emilia Romagna Grand Prix,7,42.023776223776224,25.113986013986015
82.874,11.0,HARD,11.0,ZHO,Kick Sauber,Emilia Romagna Grand Prix,7,42.023776223776224,25.113986013986015
83.192,12.0,HARD,12.0,ZHO,Kick Sauber,Emilia Romagna Grand Prix,7,42.023776223776224,25.113986013986015
83.067,13.0,HARD,13.0,ZHO,Kick Sauber,Emilia Romagna Grand Prix,7,42.023776223776224,25.113986013986015
82.802,14.0,HARD,14.0,ZHO,Kick Sauber,Emilia Romagna Grand Prix,7,42.023776223776224,25.113986013986015
82.832,15.0,HARD,15.0,ZHO,Kick Sauber,Emilia Romagna Grand Prix,7,42.023776223776224,25.113986013986015
82.789,16.0,HARD,16.0,ZHO,Kick Sauber,Emilia Romagna Grand Prix,7,42.023776223776224,25.113986013986015
83.033,17.0,HARD,17.0,ZHO,Kick Sauber,Emilia Romagna Grand Prix,7,42.023776223776224,25.113986013986015
83.106,18.0,HARD,18.0,ZHO,Kick Sauber,Emilia Romagna Grand Prix,7,42.023776223776224,25.113986013986015
83.179,19.0,HARD,19.0,ZHO,Kick Sauber,Emilia Romagna Grand Prix,7,42.023776223776224,25.113986013986015
83.207,20.0,HARD,20.0,ZHO,Kick Sauber,Emilia Romagna Grand Prix,7,42.023776223776224,25.113986013986015
83.217,21.0,HARD,21.0,ZHO,Kick Sauber,Emilia Romagna Grand Prix,7,42.023776223776224,25.113986013986015
83.261,22.0,HARD,22.0,ZHO,Kick Sauber,Emilia Romagna Grand Prix,7,42.023776223776224,25.113986013986015
83.02,23.0,HARD,23.0,ZHO,Kick Sauber,Emilia Romagna Grand Prix,7,42.023776223776224,25.113986013986015
83.021,24.0,HARD,24.0,ZHO,Kick Sauber,Emilia Romagna Grand Prix,7,42.023776223776224,25.113986013986015
83.36,25.0,HARD,25.0,ZHO,Kick Sauber,Emilia Romagna Grand Prix,7,42.023776223776224,25.113986013986015
83.041,26.0,HARD,26.0,ZHO,Kick Sauber,Emilia Romagna Grand Prix,7,42.023776223776224,25.113986013986015
82.929,27.0,HARD,27.0,ZHO,Kick Sauber,Emilia Romagna Grand Prix,7,42.023776223776224,25.113986013986015
82.921,28.0,HARD,28.0,ZHO,Kick Sauber,Emilia Romagna Grand Prix,7,42.023776223776224,25.113986013986015
83.118,29.0,HARD,29.0,ZHO,Kick Sauber,Emilia Romagna Grand Prix,7,42.023776223776224,25.113986013986015
83.117,30.0,HARD,30.0,ZHO,Kick Sauber,Emilia Romagna Grand Prix,7,42.023776223776224,25.113986013986015
83.326,31.0,HARD,31.0,ZHO,Kick Sauber,Emilia Romagna Grand Prix,7,42.023776223776224,25.113986013986015
83.806,32.0,HARD,32.0,ZHO,Kick Sauber,Emilia Romagna Grand Prix,7,42.023776223776224,25.113986013986015
89.428,33.0,HARD,33.0,ZHO,Kick Sauber,Emilia Romagna Grand Prix,7,42.023776223776224,25.113986013986015
105.17,34.0,MEDIUM,1.0,ZHO,Kick Sauber,Emilia Romagna Grand Prix,7,42.023776223776224,25.113986013986015
81.317,35.0,MEDIUM,2.0,ZHO,Kick Sauber,Emilia Romagna Grand Prix,7,42.023776223776224,25.113986013986015
83.077,36.0,MEDIUM,3.0,ZHO,Kick Sauber,Emilia Romagna Grand Prix,7,42.023776223776224,25.113986013986015
81.016,37.0,MEDIUM,4.0,ZHO,Kick Sauber,Emilia Romagna Grand Prix,7,42.023776223776224,25.113986013986015
81.549,38.0,MEDIUM,5.0,ZHO,Kick Sauber,Emilia Romagna Grand Prix,7,42.023776223776224,25.113986013986015
81.58,39.0,MEDIUM,6.0,ZHO,Kick Sauber,Emilia Romagna Grand Prix,7,42.023776223776224,25.113986013986015
81.914,40.0,MEDIUM,7.0,ZHO,Kick Sauber,Emilia Romagna Grand Prix,7,42.023776223776224,25.113986013986015
81.383,41.0,MEDIUM,8.0,ZHO,Kick Sauber,Emilia Romagna Grand Prix,7,42.023776223776224,25.113986013986015
82.007,42.0,MEDIUM,9.0,ZHO,Kick Sauber,Emilia Romagna Grand Prix,7,42.023776223776224,25.113986013986015
83.86,43.0,MEDIUM,10.0,ZHO,Kick Sauber,Emilia Romagna Grand Prix,7,42.023776223776224,25.113986013986015
81.23,44.0,MEDIUM,11.0,ZHO,Kick Sauber,Emilia Romagna Grand Prix,7,42.023776223776224,25.113986013986015
81.651,45.0,MEDIUM,12.0,ZHO,Kick Sauber,Emilia Romagna Grand Prix,7,42.023776223776224,25.113986013986015
81.675,46.0,MEDIUM,13.0,ZHO,Kick Sauber,Emilia Romagna Grand Prix,7,42.023776223776224,25.113986013986015
81.817,47.0,MEDIUM,14.0,ZHO,Kick Sauber,Emilia Romagna Grand Prix,7,42.023776223776224,25.113986013986015
84.342,48.0,MEDIUM,15.0,ZHO,Kick Sauber,Emilia Romagna Grand Prix,7,42.023776223776224,25.113986013986015
81.934,49.0,MEDIUM,16.0,ZHO,Kick Sauber,Emilia Romagna Grand Prix,7,42.023776223776224,25.113986013986015
82.488,50.0,MEDIUM,17.0,ZHO,Kick Sauber,Emilia Romagna Grand Prix,7,42.023776223776224,25.113986013986015
84.214,51.0,MEDIUM,18.0,ZHO,Kick Sauber,Emilia Romagna Grand Prix,7,42.023776223776224,25.113986013986015
82.64,52.0,MEDIUM,19.0,ZHO,Kick Sauber,Emilia Romagna Grand Prix,7,42.023776223776224,25.113986013986015
82.802,53.0,MEDIUM,20.0,ZHO,Kick Sauber,Emilia Romagna Grand Prix,7,42.023776223776224,25.113986013986015
84.084,54.0,MEDIUM,21.0,ZHO,Kick Sauber,Emilia Romagna Grand Prix,7,42.023776223776224,25.113986013986015
82.694,55.0,MEDIUM,22.0,ZHO,Kick Sauber,Emilia Romagna Grand Prix,7,42.023776223776224,25.113986013986015
82.942,56.0,MEDIUM,23.0,ZHO,Kick Sauber,Emilia Romagna Grand Prix,7,42.023776223776224,25.113986013986015
83.906,57.0,MEDIUM,24.0,ZHO,Kick Sauber,Emilia Romagna Grand Prix,7,42.023776223776224,25.113986013986015
82.975,58.0,MEDIUM,25.0,ZHO,Kick Sauber,Emilia Romagna Grand Prix,7,42.023776223776224,25.113986013986015
83.701,59.0,MEDIUM,26.0,ZHO,Kick Sauber,Emilia Romagna Grand Prix,7,42.023776223776224,25.113986013986015
81.77,60.0,MEDIUM,27.0,ZHO,Kick Sauber,Emilia Romagna Grand Prix,7,42.023776223776224,25.113986013986015
81.563,61.0,MEDIUM,28.0,ZHO,Kick Sauber,Emilia Romagna Grand Prix,7,42.023776223776224,25.113986013986015
81.489,62.0,MEDIUM,29.0,ZHO,Kick Sauber,Emilia Romagna Grand Prix,7,42.023776223776224,25.113986013986015
82.752,3.0,SOFT,3.0,GAS,Alpine,Emilia Romagna Grand Prix,7,42.023776223776224,25.113986013986015
82.706,4.0,SOFT,4.0,GAS,Alpine,Emilia Romagna Grand Prix,7,42.023776223776224,25.113986013986015
82.483,5.0,SOFT,5.0,GAS,Alpine,Emilia Romagna Grand Prix,7,42.023776223776224,25.113986013986015
82.399,6.0,SOFT,6.0,GAS,Alpine,Emilia Romagna Grand Prix,7,42.023776223776224,25.113986013986015
82.439,7.0,SOFT,7.0,GAS,Alpine,Emilia Romagna Grand Prix,7,42.023776223776224,25.113986013986015
86.945,8.0,SOFT,8.0,GAS,Alpine,Emilia Romagna Grand Prix,7,42.023776223776224,25.113986013986015
105.303,9.0,HARD,1.0,GAS,Alpine,Emilia Romagna Grand Prix,7,42.023776223776224,25.113986013986015
81.371,10.0,HARD,2.0,GAS,Alpine,Emilia Romagna Grand Prix,7,42.023776223776224,25.113986013986015
81.502,11.0,HARD,3.0,GAS,Alpine,Emilia Romagna Grand Prix,7,42.023776223776224,25.113986013986015
81.906,12.0,HARD,4.0,GAS,Alpine,Emilia Romagna Grand Prix,7,42.023776223776224,25.113986013986015
82.007,13.0,HARD,5.0,GAS,Alpine,Emilia Romagna Grand Prix,7,42.023776223776224,25.113986013986015
81.839,14.0,HARD,6.0,GAS,Alpine,Emilia Romagna Grand Prix,7,42.023776223776224,25.113986013986015
81.955,15.0,HARD,7.0,GAS,Alpine,Emilia Romagna Grand Prix,7,42.023776223776224,25.113986013986015
82.152,16.0,HARD,8.0,GAS,Alpine,Emilia Romagna Grand Prix,7,42.023776223776224,25.113986013986015
82.391,17.0,HARD,9.0,GAS,Alpine,Emilia Romagna Grand Prix,7,42.023776223776224,25.113986013986015
82.419,18.0,HARD,10.0,GAS,Alpine,Emilia Romagna Grand Prix,7,42.023776223776224,25.113986013986015
82.231,19.0,HARD,11.0,GAS,Alpine,Emilia Romagna Grand Prix,7,42.023776223776224,25.113986013986015
82.233,20.0,HARD,12.0,GAS,Alpine,Emilia Romagna Grand Prix,7,42.023776223776224,25.113986013986015
82.44,21.0,HARD,13.0,GAS,Alpine,Emilia Romagna Grand Prix,7,42.023776223776224,25.113986013986015
82.296,22.0,HARD,14.0,GAS,Alpine,Emilia Romagna Grand Prix,7,42.023776223776224,25.113986013986015
82.614,23.0,HARD,15.0,GAS,Alpine,Emilia Romagna Grand Prix,7,42.023776223776224,25.113986013986015
82.518,24.0,HARD,16.0,GAS,Alpine,Emilia Romagna Grand Prix,7,42.023776223776224,25.113986013986015
82.607,25.0,HARD,17.0,GAS,Alpine,Emilia Romagna Grand Prix,7,42.023776223776224,25.113986013986015
82.757,26.0,HARD,18.0,GAS,Alpine,Emilia Romagna Grand Prix,7,42.023776223776224,25.113986013986015
82.721,27.0,HARD,19.0,GAS,Alpine,Emilia Romagna Grand Prix,7,42.023776223776224,25.113986013986015
83.109,28.0,HARD,20.0,GAS,Alpine,Emilia Romagna Grand Prix,7,42.023776223776224,25.113986013986015
83.551,29.0,HARD,21.0,GAS,Alpine,Emilia Romagna Grand Prix,7,42.023776223776224,25.113986013986015
87.963,30.0,HARD,22.0,GAS,Alpine,Emilia Romagna Grand Prix,7,42.023776223776224,25.113986013986015
104.669,31.0,MEDIUM,1.0,GAS,Alpine,Emilia Romagna Grand Prix,7,42.023776223776224,25.113986013986015
81.407,32.0,MEDIUM,2.0,GAS,Alpine,Emilia Romagna Grand Prix,7,42.023776223776224,25.113986013986015
81.633,33.0,MEDIUM,3.0,GAS,Alpine,Emilia Romagna Grand Prix,7,42.023776223776224,25.113986013986015
81.706,34.0,MEDIUM,4.0,GAS,Alpine,Emilia Romagna Grand Prix,7,42.023776223776224,25.113986013986015
83.386,35.0,MEDIUM,5.0,GAS,Alpine,Emilia Romagna Grand Prix,7,42.023776223776224,25.113986013986015
81.485,36.0,MEDIUM,6.0,GAS,Alpine,Emilia Romagna Grand Prix,7,42.023776223776224,25.113986013986015
81.658,37.0,MEDIUM,7.0,GAS,Alpine,Emilia Romagna Grand Prix,7,42.023776223776224,25.113986013986015
81.667,38.0,MEDIUM,8.0,GAS,Alpine,Emilia Romagna Grand Prix,7,42.023776223776224,25.113986013986015
81.622,39.0,MEDIUM,9.0,GAS,Alpine,Emilia Romagna Grand Prix,7,42.023776223776224,25.113986013986015
83.459,40.0,MEDIUM,10.0,GAS,Alpine,Emilia Romagna Grand Prix,7,42.023776223776224,25.113986013986015
83.03,41.0,MEDIUM,11.0,GAS,Alpine,Emilia Romagna Grand Prix,7,42.023776223776224,25.113986013986015
83.721,42.0,MEDIUM,12.0,GAS,Alpine,Emilia Romagna Grand Prix,7,42.023776223776224,25.113986013986015
81.633,43.0,MEDIUM,13.0,GAS,Alpine,Emilia Romagna Grand Prix,7,42.023776223776224,25.113986013986015
81.908,44.0,MEDIUM,14.0,GAS,Alpine,Emilia Romagna Grand Prix,7,42.023776223776224,25.113986013986015
83.463,45.0,MEDIUM,15.0,GAS,Alpine,Emilia Romagna Grand Prix,7,42.023776223776224,25.113986013986015
82.874,46.0,MEDIUM,16.0,GAS,Alpine,Emilia Romagna Grand Prix,7,42.023776223776224,25.113986013986015
82.242,47.0,MEDIUM,17.0,GAS,Alpine,Emilia Romagna Grand Prix,7,42.023776223776224,25.113986013986015
81.85,48.0,MEDIUM,18.0,GAS,Alpine,Emilia Romagna Grand Prix,7,42.023776223776224,25.113986013986015
81.981,49.0,MEDIUM,19.0,GAS,Alpine,Emilia Romagna Grand Prix,7,42.023776223776224,25.113986013986015
81.905,50.0,MEDIUM,20.0,GAS,Alpine,Emilia Romagna Grand Prix,7,42.023776223776224,25.113986013986015
82.176,51.0,MEDIUM,21.0,GAS,Alpine,Emilia Romagna Grand Prix,7,42.023776223776224,25.113986013986015
82.187,52.0,MEDIUM,22.0,GAS,Alpine,Emilia Romagna Grand Prix,7,42.023776223776224,25.113986013986015
81.945,53.0,MEDIUM,23.0,GAS,Alpine,Emilia Romagna Grand Prix,7,42.023776223776224,25.113986013986015
82.249,54.0,MEDIUM,24.0,GAS,Alpine,Emilia Romagna Grand Prix,7,42.023776223776224,25.113986013986015
82.53,55.0,MEDIUM,25.0,GAS,Alpine,Emilia Romagna Grand Prix,7,42.023776223776224,25.113986013986015
83.8,56.0,MEDIUM,26.0,GAS,Alpine,Emilia Romagna Grand Prix,7,42.023776223776224,25.113986013986015
82.959,57.0,MEDIUM,27.0,GAS,Alpine,Emilia Romagna Grand Prix,7,42.023776223776224,25.113986013986015
83.004,58.0,MEDIUM,28.0,GAS,Alpine,Emilia Romagna Grand Prix,7,42.023776223776224,25.113986013986015
83.449,59.0,MEDIUM,29.0,GAS,Alpine,Emilia Romagna Grand Prix,7,42.023776223776224,25.113986013986015
84.01,60.0,MEDIUM,30.0,GAS,Alpine,Emilia Romagna Grand Prix,7,42.023776223776224,25.113986013986015
83.355,61.0,MEDIUM,31.0,GAS,Alpine,Emilia Romagna Grand Prix,7,42.023776223776224,25.113986013986015
81.812,62.0,MEDIUM,32.0,GAS,Alpine,Emilia Romagna Grand Prix,7,42.023776223776224,25.113986013986015
82.784,3.0,HARD,3.0,SAR,Williams,Emilia Romagna Grand Prix,7,42.023776223776224,25.113986013986015
82.99,4.0,HARD,4.0,SAR,Williams,Emilia Romagna Grand Prix,7,42.023776223776224,25.113986013986015
82.702,5.0,HARD,5.0,SAR,Williams,Emilia Romagna Grand Prix,7,42.023776223776224,25.113986013986015
82.755,6.0,HARD,6.0,SAR,Williams,Emilia Romagna Grand Prix,7,42.023776223776224,25.113986013986015
82.978,7.0,HARD,7.0,SAR,Williams,Emilia Romagna Grand Prix,7,42.023776223776224,25.113986013986015
82.776,8.0,HARD,8.0,SAR,Williams,Emilia Romagna Grand Prix,7,42.023776223776224,25.113986013986015
83.268,9.0,HARD,9.0,SAR,Williams,Emilia Romagna Grand Prix,7,42.023776223776224,25.113986013986015
83.239,10.0,HARD,10.0,SAR,Williams,Emilia Romagna Grand Prix,7,42.023776223776224,25.113986013986015
83.211,11.0,HARD,11.0,SAR,Williams,Emilia Romagna Grand Prix,7,42.023776223776224,25.113986013986015
83.349,12.0,HARD,12.0,SAR,Williams,Emilia Romagna Grand Prix,7,42.023776223776224,25.113986013986015
83.581,13.0,HARD,13.0,SAR,Williams,Emilia Romagna Grand Prix,7,42.023776223776224,25.113986013986015
83.012,14.0,HARD,14.0,SAR,Williams,Emilia Romagna Grand Prix,7,42.023776223776224,25.113986013986015
83.038,15.0,HARD,15.0,SAR,Williams,Emilia Romagna Grand Prix,7,42.023776223776224,25.113986013986015
82.939,16.0,HARD,16.0,SAR,Williams,Emilia Romagna Grand Prix,7,42.023776223776224,25.113986013986015
83.151,17.0,HARD,17.0,SAR,Williams,Emilia Romagna Grand Prix,7,42.023776223776224,25.113986013986015
83.363,18.0,HARD,18.0,SAR,Williams,Emilia Romagna Grand Prix,7,42.023776223776224,25.113986013986015
83.471,19.0,HARD,19.0,SAR,Williams,Emilia Romagna Grand Prix,7,42.023776223776224,25.113986013986015
83.171,20.0,HARD,20.0,SAR,Williams,Emilia Romagna Grand Prix,7,42.023776223776224,25.113986013986015
83.255,21.0,HARD,21.0,SAR,Williams,Emilia Romagna Grand Prix,7,42.023776223776224,25.113986013986015
83.287,22.0,HARD,22.0,SAR,Williams,Emilia Romagna Grand Prix,7,42.023776223776224,25.113986013986015
82.953,23.0,HARD,23.0,SAR,Williams,Emilia Romagna Grand Prix,7,42.023776223776224,25.113986013986015
82.987,24.0,HARD,24.0,SAR,Williams,Emilia Romagna Grand Prix,7,42.023776223776224,25.113986013986015
83.248,25.0,HARD,25.0,SAR,Williams,Emilia Romagna Grand Prix,7,42.023776223776224,25.113986013986015
85.354,26.0,HARD,26.0,SAR,Williams,Emilia Romagna Grand Prix,7,42.023776223776224,25.113986013986015
83.498,27.0,HARD,27.0,SAR,Williams,Emilia Romagna Grand Prix,7,42.023776223776224,25.113986013986015
83.234,28.0,HARD,28.0,SAR,Williams,Emilia Romagna Grand Prix,7,42.023776223776224,25.113986013986015
83.436,29.0,HARD,29.0,SAR,Williams,Emilia Romagna Grand Prix,7,42.023776223776224,25.113986013986015
84.026,30.0,HARD,30.0,SAR,Williams,Emilia Romagna Grand Prix,7,42.023776223776224,25.113986013986015
88.215,31.0,HARD,31.0,SAR,Williams,Emilia Romagna Grand Prix,7,42.023776223776224,25.113986013986015
108.212,32.0,MEDIUM,1.0,SAR,Williams,Emilia Romagna Grand Prix,7,42.023776223776224,25.113986013986015
81.46,33.0,MEDIUM,2.0,SAR,Williams,Emilia Romagna Grand Prix,7,42.023776223776224,25.113986013986015
81.607,34.0,MEDIUM,3.0,SAR,Williams,Emilia Romagna Grand Prix,7,42.023776223776224,25.113986013986015
81.561,35.0,MEDIUM,4.0,SAR,Williams,Emilia Romagna Grand Prix,7,42.023776223776224,25.113986013986015
81.629,36.0,MEDIUM,5.0,SAR,Williams,Emilia Romagna Grand Prix,7,42.023776223776224,25.113986013986015
82.964,37.0,MEDIUM,6.0,SAR,Williams,Emilia Romagna Grand Prix,7,42.023776223776224,25.113986013986015
83.089,38.0,MEDIUM,7.0,SAR,Williams,Emilia Romagna Grand Prix,7,42.023776223776224,25.113986013986015
83.085,39.0,MEDIUM,8.0,SAR,Williams,Emilia Romagna Grand Prix,7,42.023776223776224,25.113986013986015
81.335,40.0,MEDIUM,9.0,SAR,Williams,Emilia Romagna Grand Prix,7,42.023776223776224,25.113986013986015
81.504,41.0,MEDIUM,10.0,SAR,Williams,Emilia Romagna Grand Prix,7,42.023776223776224,25.113986013986015
81.496,42.0,MEDIUM,11.0,SAR,Williams,Emilia Romagna Grand Prix,7,42.023776223776224,25.113986013986015
81.857,43.0,MEDIUM,12.0,SAR,Williams,Emilia Romagna Grand Prix,7,42.023776223776224,25.113986013986015
83.923,44.0,MEDIUM,13.0,SAR,Williams,Emilia Romagna Grand Prix,7,42.023776223776224,25.113986013986015
82.435,45.0,MEDIUM,14.0,SAR,Williams,Emilia Romagna Grand Prix,7,42.023776223776224,25.113986013986015
82.333,46.0,MEDIUM,15.0,SAR,Williams,Emilia Romagna Grand Prix,7,42.023776223776224,25.113986013986015
82.308,47.0,MEDIUM,16.0,SAR,Williams,Emilia Romagna Grand Prix,7,42.023776223776224,25.113986013986015
82.186,48.0,MEDIUM,17.0,SAR,Williams,Emilia Romagna Grand Prix,7,42.023776223776224,25.113986013986015
83.806,49.0,MEDIUM,18.0,SAR,Williams,Emilia Romagna Grand Prix,7,42.023776223776224,25.113986013986015
82.079,50.0,MEDIUM,19.0,SAR,Williams,Emilia Romagna Grand Prix,7,42.023776223776224,25.113986013986015
82.157,51.0,MEDIUM,20.0,SAR,Williams,Emilia Romagna Grand Prix,7,42.023776223776224,25.113986013986015
84.123,52.0,MEDIUM,21.0,SAR,Williams,Emilia Romagna Grand Prix,7,42.023776223776224,25.113986013986015
81.502,53.0,MEDIUM,22.0,SAR,Williams,Emilia Romagna Grand Prix,7,42.023776223776224,25.113986013986015
81.41,54.0,MEDIUM,23.0,SAR,Williams,Emilia Romagna Grand Prix,7,42.023776223776224,25.113986013986015
81.229,55.0,MEDIUM,24.0,SAR,Williams,Emilia Romagna Grand Prix,7,42.023776223776224,25.113986013986015
81.883,56.0,MEDIUM,25.0,SAR,Williams,Emilia Romagna Grand Prix,7,42.023776223776224,25.113986013986015
82.671,57.0,MEDIUM,26.0,SAR,Williams,Emilia Romagna Grand Prix,7,42.023776223776224,25.113986013986015
82.915,58.0,MEDIUM,27.0,SAR,Williams,Emilia Romagna Grand Prix,7,42.023776223776224,25.113986013986015
83.522,59.0,MEDIUM,28.0,SAR,Williams,Emilia Romagna Grand Prix,7,42.023776223776224,25.113986013986015
83.767,60.0,MEDIUM,29.0,SAR,Williams,Emilia Romagna Grand Prix,7,42.023776223776224,25.113986013986015
84.394,61.0,MEDIUM,30.0,SAR,Williams,Emilia Romagna Grand Prix,7,42.023776223776224,25.113986013986015
81.272,62.0,MEDIUM,31.0,SAR,Williams,Emilia Romagna Grand Prix,7,42.023776223776224,25.113986013986015
82.762,3.0,MEDIUM,3.0,BOT,Kick Sauber,Emilia Romagna Grand Prix,7,42.023776223776224,25.113986013986015
82.786,4.0,MEDIUM,4.0,BOT,Kick Sauber,Emilia Romagna Grand Prix,7,42.023776223776224,25.113986013986015
82.794,5.0,MEDIUM,5.0,BOT,Kick Sauber,Emilia Romagna Grand Prix,7,42.023776223776224,25.113986013986015
82.415,6.0,MEDIUM,6.0,BOT,Kick Sauber,Emilia Romagna Grand Prix,7,42.023776223776224,25.113986013986015
82.568,7.0,MEDIUM,7.0,BOT,Kick Sauber,Emilia Romagna Grand Prix,7,42.023776223776224,25.113986013986015
87.265,8.0,MEDIUM,8.0,BOT,Kick Sauber,Emilia Romagna Grand Prix,7,42.023776223776224,25.113986013986015
105.836,9.0,HARD,1.0,BOT,Kick Sauber,Emilia Romagna Grand Prix,7,42.023776223776224,25.113986013986015
81.529,10.0,HARD,2.0,BOT,Kick Sauber,Emilia Romagna Grand Prix,7,42.023776223776224,25.113986013986015
81.455,11.0,HARD,3.0,BOT,Kick Sauber,Emilia Romagna Grand Prix,7,42.023776223776224,25.113986013986015
81.971,12.0,HARD,4.0,BOT,Kick Sauber,Emilia Romagna Grand Prix,7,42.023776223776224,25.113986013986015
81.605,13.0,HARD,5.0,BOT,Kick Sauber,Emilia Romagna Grand Prix,7,42.023776223776224,25.113986013986015
81.732,14.0,HARD,6.0,BOT,Kick Sauber,Emilia Romagna Grand Prix,7,42.023776223776224,25.113986013986015
81.982,15.0,HARD,7.0,BOT,Kick Sauber,Emilia Romagna Grand Prix,7,42.023776223776224,25.113986013986015
81.896,16.0,HARD,8.0,BOT,Kick Sauber,Emilia Romagna Grand Prix,7,42.023776223776224,25.113986013986015
82.468,17.0,HARD,9.0,BOT,Kick Sauber,Emilia Romagna Grand Prix,7,42.023776223776224,25.113986013986015
82.36,18.0,HARD,10.0,BOT,Kick Sauber,Emilia Romagna Grand Prix,7,42.023776223776224,25.113986013986015
82.283,19.0,HARD,11.0,BOT,Kick Sauber,Emilia Romagna Grand Prix,7,42.023776223776224,25.113986013986015
82.239,20.0,HARD,12.0,BOT,Kick Sauber,Emilia Romagna Grand Prix,7,42.023776223776224,25.113986013986015
82.231,21.0,HARD,13.0,BOT,Kick Sauber,Emilia Romagna Grand Prix,7,42.023776223776224,25.113986013986015
82.436,22.0,HARD,14.0,BOT,Kick Sauber,Emilia Romagna Grand Prix,7,42.023776223776224,25.113986013986015
82.334,23.0,HARD,15.0,BOT,Kick Sauber,Emilia Romagna Grand Prix,7,42.023776223776224,25.113986013986015
82.589,24.0,HARD,16.0,BOT,Kick Sauber,Emilia Romagna Grand Prix,7,42.023776223776224,25.113986013986015
82.605,25.0,HARD,17.0,BOT,Kick Sauber,Emilia Romagna Grand Prix,7,42.023776223776224,25.113986013986015
82.655,26.0,HARD,18.0,BOT,Kick Sauber,Emilia Romagna Grand Prix,7,42.023776223776224,25.113986013986015
82.583,27.0,HARD,19.0,BOT,Kick Sauber,Emilia Romagna Grand Prix,7,42.023776223776224,25.113986013986015
82.969,28.0,HARD,20.0,BOT,Kick Sauber,Emilia Romagna Grand Prix,7,42.023776223776224,25.113986013986015
83.139,29.0,HARD,21.0,BOT,Kick Sauber,Emilia Romagna Grand Prix,7,42.023776223776224,25.113986013986015
83.276,30.0,HARD,22.0,BOT,Kick Sauber,Emilia Romagna Grand Prix,7,42.023776223776224,25.113986013986015
82.862,31.0,HARD,23.0,BOT,Kick Sauber,Emilia Romagna Grand Prix,7,42.023776223776224,25.113986013986015
82.673,32.0,HARD,24.0,BOT,Kick Sauber,Emilia Romagna Grand Prix,7,42.023776223776224,25.113986013986015
83.028,33.0,HARD,25.0,BOT,Kick Sauber,Emilia Romagna Grand Prix,7,42.023776223776224,25.113986013986015
82.761,34.0,HARD,26.0,BOT,Kick Sauber,Emilia Romagna Grand Prix,7,42.023776223776224,25.113986013986015
82.683,35.0,HARD,27.0,BOT,Kick Sauber,Emilia Romagna Grand Prix,7,42.023776223776224,25.113986013986015
82.756,36.0,HARD,28.0,BOT,Kick Sauber,Emilia Romagna Grand Prix,7,42.023776223776224,25.113986013986015
82.718,37.0,HARD,29.0,BOT,Kick Sauber,Emilia Romagna Grand Prix,7,42.023776223776224,25.113986013986015
82.62,38.0,HARD,30.0,BOT,Kick Sauber,Emilia Romagna Grand Prix,7,42.023776223776224,25.113986013986015
82.823,39.0,HARD,31.0,BOT,Kick Sauber,Emilia Romagna Grand Prix,7,42.023776223776224,25.113986013986015
83.805,40.0,HARD,32.0,BOT,Kick Sauber,Emilia Romagna Grand Prix,7,42.023776223776224,25.113986013986015
82.798,41.0,HARD,33.0,BOT,Kick Sauber,Emilia Romagna Grand Prix,7,42.023776223776224,25.113986013986015
82.709,42.0,HARD,34.0,BOT,Kick Sauber,Emilia Romagna Grand Prix,7,42.023776223776224,25.113986013986015
82.686,43.0,HARD,35.0,BOT,Kick Sauber,Emilia Romagna Grand Prix,7,42.023776223776224,25.113986013986015
82.681,44.0,HARD,36.0,BOT,Kick Sauber,Emilia Romagna Grand Prix,7,42.023776223776224,25.113986013986015
84.419,45.0,HARD,37.0,BOT,Kick Sauber,Emilia Romagna Grand Prix,7,42.023776223776224,25.113986013986015
83.857,46.0,HARD,38.0,BOT,Kick Sauber,Emilia Romagna Grand Prix,7,42.023776223776224,25.113986013986015
85.739,47.0,HARD,39.0,BOT,Kick Sauber,Emilia Romagna Grand Prix,7,42.023776223776224,25.113986013986015
82.396,48.0,HARD,40.0,BOT,Kick Sauber,Emilia Romagna Grand Prix,7,42.023776223776224,25.113986013986015
82.636,49.0,HARD,41.0,BOT,Kick Sauber,Emilia Romagna Grand Prix,7,42.023776223776224,25.113986013986015
83.889,50.0,HARD,42.0,BOT,Kick Sauber,Emilia Romagna Grand Prix,7,42.023776223776224,25.113986013986015
83.709,51.0,HARD,43.0,BOT,Kick Sauber,Emilia Romagna Grand Prix,7,42.023776223776224,25.113986013986015
84.074,52.0,HARD,44.0,BOT,Kick Sauber,Emilia Romagna Grand Prix,7,42.023776223776224,25.113986013986015
82.947,53.0,HARD,45.0,BOT,Kick Sauber,Emilia Romagna Grand Prix,7,42.023776223776224,25.113986013986015
83.616,54.0,HARD,46.0,BOT,Kick Sauber,Emilia Romagna Grand Prix,7,42.023776223776224,25.113986013986015
83.01,55.0,HARD,47.0,BOT,Kick Sauber,Emilia Romagna Grand Prix,7,42.023776223776224,25.113986013986015
82.917,56.0,HARD,48.0,BOT,Kick Sauber,Emilia Romagna Grand Prix,7,42.023776223776224,25.113986013986015
84.466,57.0,HARD,49.0,BOT,Kick Sauber,Emilia Romagna Grand Prix,7,42.023776223776224,25.113986013986015
82.528,58.0,HARD,50.0,BOT,Kick Sauber,Emilia Romagna Grand Prix,7,42.023776223776224,25.113986013986015
84.53,59.0,HARD,51.0,BOT,Kick Sauber,Emilia Romagna Grand Prix,7,42.023776223776224,25.113986013986015
84.449,60.0,HARD,52.0,BOT,Kick Sauber,Emilia Romagna Grand Prix,7,42.023776223776224,25.113986013986015
86.165,61.0,HARD,53.0,BOT,Kick Sauber,Emilia Romagna Grand Prix,7,42.023776223776224,25.113986013986015
85.985,62.0,HARD,54.0,BOT,Kick Sauber,Emilia Romagna Grand Prix,7,42.023776223776224,25.113986013986015
83.009,3.0,SOFT,3.0,ALO,Aston Martin,Emilia Romagna Grand Prix,7,42.023776223776224,25.113986013986015
83.071,4.0,SOFT,4.0,ALO,Aston Martin,Emilia Romagna Grand Prix,7,42.023776223776224,25.113986013986015
82.698,5.0,SOFT,5.0,ALO,Aston Martin,Emilia Romagna Grand Prix,7,42.023776223776224,25.113986013986015
82.762,6.0,SOFT,6.0,ALO,Aston Martin,Emilia Romagna Grand Prix,7,42.023776223776224,25.113986013986015
87.448,7.0,SOFT,7.0,ALO,Aston Martin,Emilia Romagna Grand Prix,7,42.023776223776224,25.113986013986015
105.88,8.0,HARD,2.0,ALO,Aston Martin,Emilia Romagna Grand Prix,7,42.023776223776224,25.113986013986015
81.716,9.0,HARD,3.0,ALO,Aston Martin,Emilia Romagna Grand Prix,7,42.023776223776224,25.113986013986015
81.492,10.0,HARD,4.0,ALO,Aston Martin,Emilia Romagna Grand Prix,7,42.023776223776224,25.113986013986015
81.68,11.0,HARD,5.0,ALO,Aston Martin,Emilia Romagna Grand Prix,7,42.023776223776224,25.113986013986015
81.728,12.0,HARD,6.0,ALO,Aston Martin,Emilia Romagna Grand Prix,7,42.023776223776224,25.113986013986015
81.644,13.0,HARD,7.0,ALO,Aston Martin,Emilia Romagna Grand Prix,7,42.023776223776224,25.113986013986015
81.69,14.0,HARD,8.0,ALO,Aston Martin,Emilia Romagna Grand Prix,7,42.023776223776224,25.113986013986015
81.93,15.0,HARD,9.0,ALO,Aston Martin,Emilia Romagna Grand Prix,7,42.023776223776224,25.113986013986015
81.851,16.0,HARD,10.0,ALO,Aston Martin,Emilia Romagna Grand Prix,7,42.023776223776224,25.113986013986015
82.65,17.0,HARD,11.0,ALO,Aston Martin,Emilia Romagna Grand Prix,7,42.023776223776224,25.113986013986015
82.39,18.0,HARD,12.0,ALO,Aston Martin,Emilia Romagna Grand Prix,7,42.023776223776224,25.113986013986015
82.686,19.0,HARD,13.0,ALO,Aston Martin,Emilia Romagna Grand Prix,7,42.023776223776224,25.113986013986015
82.909,20.0,HARD,14.0,ALO,Aston Martin,Emilia Romagna Grand Prix,7,42.023776223776224,25.113986013986015
84.339,21.0,HARD,15.0,ALO,Aston Martin,Emilia Romagna Grand Prix,7,42.023776223776224,25.113986013986015
83.368,22.0,HARD,16.0,ALO,Aston Martin,Emilia Romagna Grand Prix,7,42.023776223776224,25.113986013986015
82.938,23.0,HARD,17.0,ALO,Aston Martin,Emilia Romagna Grand Prix,7,42.023776223776224,25.113986013986015
82.961,24.0,HARD,18.0,ALO,Aston Martin,Emilia Romagna Grand Prix,7,42.023776223776224,25.113986013986015
82.953,25.0,HARD,19.0,ALO,Aston Martin,Emilia Romagna Grand Prix,7,42.023776223776224,25.113986013986015
82.911,26.0,HARD,20.0,ALO,Aston Martin,Emilia Romagna Grand Prix,7,42.023776223776224,25.113986013986015
82.757,27.0,HARD,21.0,ALO,Aston Martin,Emilia Romagna Grand Prix,7,42.023776223776224,25.113986013986015
82.927,28.0,HARD,22.0,ALO,Aston Martin,Emilia Romagna Grand Prix,7,42.023776223776224,25.113986013986015
82.913,29.0,HARD,23.0,ALO,Aston Martin,Emilia Romagna Grand Prix,7,42.023776223776224,25.113986013986015
82.896,30.0,HARD,24.0,ALO,Aston Martin,Emilia Romagna Grand Prix,7,42.023776223776224,25.113986013986015
82.557,31.0,HARD,25.0,ALO,Aston Martin,Emilia Romagna Grand Prix,7,42.023776223776224,25.113986013986015
82.688,32.0,HARD,26.0,ALO,Aston Martin,Emilia Romagna Grand Prix,7,42.023776223776224,25.113986013986015
82.576,33.0,HARD,27.0,ALO,Aston Martin,Emilia Romagna Grand Prix,7,42.023776223776224,25.113986013986015
83.13,34.0,HARD,28.0,ALO,Aston Martin,Emilia Romagna Grand Prix,7,42.023776223776224,25.113986013986015
82.783,35.0,HARD,29.0,ALO,Aston Martin,Emilia Romagna Grand Prix,7,42.023776223776224,25.113986013986015
82.708,36.0,HARD,30.0,ALO,Aston Martin,Emilia Romagna Grand Prix,7,42.023776223776224,25.113986013986015
83.838,37.0,HARD,31.0,ALO,Aston Martin,Emilia Romagna Grand Prix,7,42.023776223776224,25.113986013986015
82.905,38.0,HARD,32.0,ALO,Aston Martin,Emilia Romagna Grand Prix,7,42.023776223776224,25.113986013986015
82.903,39.0,HARD,33.0,ALO,Aston Martin,Emilia Romagna Grand Prix,7,42.023776223776224,25.113986013986015
87.5,40.0,HARD,34.0,ALO,Aston Martin,Emilia Romagna Grand Prix,7,42.023776223776224,25.113986013986015
105.86,41.0,MEDIUM,2.0,ALO,Aston Martin,Emilia Romagna Grand Prix,7,42.023776223776224,25.113986013986015
79.851,42.0,MEDIUM,3.0,ALO,Aston Martin,Emilia Romagna Grand Prix,7,42.023776223776224,25.113986013986015
81.029,43.0,MEDIUM,4.0,ALO,Aston Martin,Emilia Romagna Grand Prix,7,42.023776223776224,25.113986013986015
80.979,44.0,MEDIUM,5.0,ALO,Aston Martin,Emilia Romagna Grand Prix,7,42.023776223776224,25.113986013986015
81.053,45.0,MEDIUM,6.0,ALO,Aston Martin,Emilia Romagna Grand Prix,7,42.023776223776224,25.113986013986015
81.032,46.0,MEDIUM,7.0,ALO,Aston Martin,Emilia Romagna Grand Prix,7,42.023776223776224,25.113986013986015
81.045,47.0,MEDIUM,8.0,ALO,Aston Martin,Emilia Romagna Grand Prix,7,42.023776223776224,25.113986013986015
80.925,48.0,MEDIUM,9.0,ALO,Aston Martin,Emilia Romagna Grand Prix,7,42.023776223776224,25.113986013986015
81.045,49.0,MEDIUM,10.0,ALO,Aston Martin,Emilia Romagna Grand Prix,7,42.023776223776224,25.113986013986015
81.536,50.0,MEDIUM,11.0,ALO,Aston Martin,Emilia Romagna Grand Prix,7,42.023776223776224,25.113986013986015
82.027,51.0,MEDIUM,12.0,ALO,Aston Martin,Emilia Romagna Grand Prix,7,42.023776223776224,25.113986013986015
81.176,52.0,MEDIUM,13.0,ALO,Aston Martin,Emilia Romagna Grand Prix,7,42.023776223776224,25.113986013986015
80.474,53.0,MEDIUM,14.0,ALO,Aston Martin,Emilia Romagna Grand Prix,7,42.023776223776224,25.113986013986015
80.988,54.0,MEDIUM,15.0,ALO,Aston Martin,Emilia Romagna Grand Prix,7,42.023776223776224,25.113986013986015
82.508,55.0,MEDIUM,16.0,ALO,Aston Martin,Emilia Romagna Grand Prix,7,42.023776223776224,25.113986013986015
83.677,56.0,MEDIUM,17.0,ALO,Aston Martin,Emilia Romagna Grand Prix,7,42.023776223776224,25.113986013986015
82.852,57.0,MEDIUM,18.0,ALO,Aston Martin,Emilia Romagna Grand Prix,7,42.023776223776224,25.113986013986015
83.173,58.0,MEDIUM,19.0,ALO,Aston Martin,Emilia Romagna Grand Prix,7,42.023776223776224,25.113986013986015
88.385,59.0,MEDIUM,20.0,ALO,Aston Martin,Emilia Romagna Grand Prix,7,42.023776223776224,25.113986013986015
105.749,60.0,SOFT,1.0,ALO,Aston Martin,Emilia Romagna Grand Prix,7,42.023776223776224,25.113986013986015
84.389,61.0,SOFT,2.0,ALO,Aston Martin,Emilia Romagna Grand Prix,7,42.023776223776224,25.113986013986015
79.004,62.0,SOFT,3.0,ALO,Aston Martin,Emilia Romagna Grand Prix,7,42.023776223776224,25.113986013986015
82.652,3.0,MEDIUM,3.0,ALB,Williams,Emilia Romagna Grand Prix,7,42.023776223776224,25.113986013986015
82.578,4.0,MEDIUM,4.0,ALB,Williams,Emilia Romagna Grand Prix,7,42.023776223776224,25.113986013986015
82.357,5.0,MEDIUM,5.0,ALB,Williams,Emilia Romagna Grand Prix,7,42.023776223776224,25.113986013986015
82.472,6.0,MEDIUM,6.0,ALB,Williams,Emilia Romagna Grand Prix,7,42.023776223776224,25.113986013986015
82.495,7.0,MEDIUM,7.0,ALB,Williams,Emilia Romagna Grand Prix,7,42.023776223776224,25.113986013986015
86.643,8.0,MEDIUM,8.0,ALB,Williams,Emilia Romagna Grand Prix,7,42.023776223776224,25.113986013986015
113.376,10.0,MEDIUM,1.0,ALB,Williams,Emilia Romagna Grand Prix,7,42.023776223776224,25.113986013986015
81.718,11.0,MEDIUM,2.0,ALB,Williams,Emilia Romagna Grand Prix,7,42.023776223776224,25.113986013986015
81.558,12.0,MEDIUM,3.0,ALB,Williams,Emilia Romagna Grand Prix,7,42.023776223776224,25.113986013986015
81.491,13.0,MEDIUM,4.0,ALB,Williams,Emilia Romagna Grand Prix,7,42.023776223776224,25.113986013986015
81.839,14.0,MEDIUM,5.0,ALB,Williams,Emilia Romagna Grand Prix,7,42.023776223776224,25.113986013986015
81.773,15.0,MEDIUM,6.0,ALB,Williams,Emilia Romagna Grand Prix,7,42.023776223776224,25.113986013986015
82.144,16.0,MEDIUM,7.0,ALB,Williams,Emilia Romagna Grand Prix,7,42.023776223776224,25.113986013986015
82.41,17.0,MEDIUM,8.0,ALB,Williams,Emilia Romagna Grand Prix,7,42.023776223776224,25.113986013986015
82.247,18.0,MEDIUM,9.0,ALB,Williams,Emilia Romagna Grand Prix,7,42.023776223776224,25.113986013986015
82.579,19.0,MEDIUM,10.0,ALB,Williams,Emilia Romagna Grand Prix,7,42.023776223776224,25.113986013986015
81.725,20.0,MEDIUM,11.0,ALB,Williams,Emilia Romagna Grand Prix,7,42.023776223776224,25.113986013986015
82.335,21.0,MEDIUM,12.0,ALB,Williams,Emilia Romagna Grand Prix,7,42.023776223776224,25.113986013986015
82.27,22.0,MEDIUM,13.0,ALB,Williams,Emilia Romagna Grand Prix,7,42.023776223776224,25.113986013986015
86.978,23.0,MEDIUM,14.0,ALB,Williams,Emilia Romagna Grand Prix,7,42.023776223776224,25.113986013986015
114.335,24.0,MEDIUM,15.0,ALB,Williams,Emilia Romagna Grand Prix,7,42.023776223776224,25.113986013986015
85.644,25.0,MEDIUM,16.0,ALB,Williams,Emilia Romagna Grand Prix,7,42.023776223776224,25.113986013986015
82.204,26.0,MEDIUM,17.0,ALB,Williams,Emilia Romagna Grand Prix,7,42.023776223776224,25.113986013986015
82.127,27.0,MEDIUM,18.0,ALB,Williams,Emilia Romagna Grand Prix,7,42.023776223776224,25.113986013986015
88.256,28.0,MEDIUM,19.0,ALB,Williams,Emilia Romagna Grand Prix,7,42.023776223776224,25.113986013986015
107.016,29.0,MEDIUM,9.0,ALB,Williams,Emilia Romagna Grand Prix,7,42.023776223776224,25.113986013986015
81.354,30.0,MEDIUM,10.0,ALB,Williams,Emilia Romagna Grand Prix,7,42.023776223776224,25.113986013986015
81.949,31.0,MEDIUM,11.0,ALB,Williams,Emilia Romagna Grand Prix,7,42.023776223776224,25.113986013986015
81.817,32.0,MEDIUM,12.0,ALB,Williams,Emilia Romagna Grand Prix,7,42.023776223776224,25.113986013986015
81.849,33.0,MEDIUM,13.0,ALB,Williams,Emilia Romagna Grand Prix,7,42.023776223776224,25.113986013986015
81.773,34.0,MEDIUM,14.0,ALB,Williams,Emilia Romagna Grand Prix,7,42.023776223776224,25.113986013986015
81.607,35.0,MEDIUM,15.0,ALB,Williams,Emilia Romagna Grand Prix,7,42.023776223776224,25.113986013986015
81.759,36.0,MEDIUM,16.0,ALB,Williams,Emilia Romagna Grand Prix,7,42.023776223776224,25.113986013986015
81.67,37.0,MEDIUM,17.0,ALB,Williams,Emilia Romagna Grand Prix,7,42.023776223776224,25.113986013986015
81.712,38.0,MEDIUM,18.0,ALB,Williams,Emilia Romagna Grand Prix,7,42.023776223776224,25.113986013986015
81.694,39.0,MEDIUM,19.0,ALB,Williams,Emilia Romagna Grand Prix,7,42.023776223776224,25.113986013986015
81.854,40.0,MEDIUM,20.0,ALB,Williams,Emilia Romagna Grand Prix,7,42.023776223776224,25.113986013986015
81.722,41.0,MEDIUM,21.0,ALB,Williams,Emilia Romagna Grand Prix,7,42.023776223776224,25.113986013986015
81.808,42.0,MEDIUM,22.0,ALB,Williams,Emilia Romagna Grand Prix,7,42.023776223776224,25.113986013986015
81.679,43.0,MEDIUM,23.0,ALB,Williams,Emilia Romagna Grand Prix,7,42.023776223776224,25.113986013986015
81.521,44.0,MEDIUM,24.0,ALB,Williams,Emilia Romagna Grand Prix,7,42.023776223776224,25.113986013986015
81.597,45.0,MEDIUM,25.0,ALB,Williams,Emilia Romagna Grand Prix,7,42.023776223776224,25.113986013986015
81.331,46.0,MEDIUM,26.0,ALB,Williams,Emilia Romagna Grand Prix,7,42.023776223776224,25.113986013986015
81.347,47.0,MEDIUM,27.0,ALB,Williams,Emilia Romagna Grand Prix,7,42.023776223776224,25.113986013986015
81.274,48.0,MEDIUM,28.0,ALB,Williams,Emilia Romagna Grand Prix,7,42.023776223776224,25.113986013986015
83.819,49.0,MEDIUM,29.0,ALB,Williams,Emilia Romagna Grand Prix,7,42.023776223776224,25.113986013986015
82.412,50.0,MEDIUM,30.0,ALB,Williams,Emilia Romagna Grand Prix,7,42.023776223776224,25.113986013986015
89.784,51.0,MEDIUM,31.0,ALB,Williams,Emilia Romagna Grand Prix,7,42.023776223776224,25.113986013986015
84.624,3.0,HARD,2.0,LEC,Ferrari,Monaco Grand Prix,8,46.318000000000005,21.596499999999995
82.625,4.0,HARD,3.0,LEC,Ferrari,Monaco Grand Prix,8,46.318000000000005,21.596499999999995
81.795,5.0,HARD,4.0,LEC,Ferrari,Monaco Grand Prix,8,46.318000000000005,21.596499999999995
81.145,6.0,HARD,5.0,LEC,Ferrari,Monaco Grand Prix,8,46.318000000000005,21.596499999999995
80.98,7.0,HARD,6.0,LEC,Ferrari,Monaco Grand Prix,8,46.318000000000005,21.596499999999995
81.03,8.0,HARD,7.0,LEC,Ferrari,Monaco Grand Prix,8,46.318000000000005,21.596499999999995
80.114,9.0,HARD,8.0,LEC,Ferrari,Monaco Grand Prix,8,46.318000000000005,21.596499999999995
80.775,10.0,HARD,9.0,LEC,Ferrari,Monaco Grand Prix,8,46.318000000000005,21.596499999999995
81.046,11.0,HARD,10.0,LEC,Ferrari,Monaco Grand Prix,8,46.318000000000005,21.596499999999995
80.252,12.0,HARD,11.0,LEC,Ferrari,Monaco Grand Prix,8,46.318000000000005,21.596499999999995
79.017,13.0,HARD,12.0,LEC,Ferrari,Monaco Grand Prix,8,46.318000000000005,21.596499999999995
79.913,14.0,HARD,13.0,LEC,Ferrari,Monaco Grand Prix,8,46.318000000000005,21.596499999999995
79.838,15.0,HARD,14.0,LEC,Ferrari,Monaco Grand Prix,8,46.318000000000005,21.596499999999995
80.156,16.0,HARD,15.0,LEC,Ferrari,Monaco Grand Prix,8,46.318000000000005,21.596499999999995
80.279,17.0,HARD,16.0,LEC,Ferrari,Monaco Grand Prix,8,46.318000000000005,21.596499999999995
79.58,18.0,HARD,17.0,LEC,Ferrari,Monaco Grand Prix,8,46.318000000000005,21.596499999999995
78.842,19.0,HARD,18.0,LEC,Ferrari,Monaco Grand Prix,8,46.318000000000005,21.596499999999995
78.724,20.0,HARD,19.0,LEC,Ferrari,Monaco Grand Prix,8,46.318000000000005,21.596499999999995
78.472,21.0,HARD,20.0,LEC,Ferrari,Monaco Grand Prix,8,46.318000000000005,21.596499999999995
78.62,22.0,HARD,21.0,LEC,Ferrari,Monaco Grand Prix,8,46.318000000000005,21.596499999999995
78.458,23.0,HARD,22.0,LEC,Ferrari,Monaco Grand Prix,8,46.318000000000005,21.596499999999995
78.725,24.0,HARD,23.0,LEC,Ferrari,Monaco Grand Prix,8,46.318000000000005,21.596499999999995
78.973,25.0,HARD,24.0,LEC,Ferrari,Monaco Grand Prix,8,46.318000000000005,21.596499999999995
78.445,26.0,HARD,25.0,LEC,Ferrari,Monaco Grand Prix,8,46.318000000000005,21.596499999999995
78.351,27.0,HARD,26.0,LEC,Ferrari,Monaco Grand Prix,8,46.318000000000005,21.596499999999995
78.71,28.0,HARD,27.0,LEC,Ferrari,Monaco Grand Prix,8,46.318000000000005,21.596499999999995
79.053,29.0,HARD,28.0,LEC,Ferrari,Monaco Grand Prix,8,46.318000000000005,21.596499999999995
79.935,30.0,HARD,29.0,LEC,Ferrari,Monaco Grand Prix,8,46.318000000000005,21.596499999999995
78.393,31.0,HARD,30.0,LEC,Ferrari,Monaco Grand Prix,8,46.318000000000005,21.596499999999995
79.125,32.0,HARD,31.0,LEC,Ferrari,Monaco Grand Prix,8,46.318000000000005,21.596499999999995
78.494,33.0,HARD,32.0,LEC,Ferrari,Monaco Grand Prix,8,46.318000000000005,21.596499999999995
79.319,34.0,HARD,33.0,LEC,Ferrari,Monaco Grand Prix,8,46.318000000000005,21.596499999999995
78.53,35.0,HARD,34.0,LEC,Ferrari,Monaco Grand Prix,8,46.318000000000005,21.596499999999995
78.689,36.0,HARD,35.0,LEC,Ferrari,Monaco Grand Prix,8,46.318000000000005,21.596499999999995
78.925,37.0,HARD,36.0,LEC,Ferrari,Monaco Grand Prix,8,46.318000000000005,21.596499999999995
78.528,38.0,HARD,37.0,LEC,Ferrari,Monaco Grand Prix,8,46.318000000000005,21.596499999999995
78.181,39.0,HARD,38.0,LEC,Ferrari,Monaco Grand Prix,8,46.318000000000005,21.596499999999995
78.733,40.0,HARD,39.0,LEC,Ferrari,Monaco Grand Prix,8,46.318000000000005,21.596499999999995
78.694,41.0,HARD,40.0,LEC,Ferrari,Monaco Grand Prix,8,46.318000000000005,21.596499999999995
79.277,42.0,HARD,41.0,LEC,Ferrari,Monaco Grand Prix,8,46.318000000000005,21.596499999999995
77.865,43.0,HARD,42.0,LEC,Ferrari,Monaco Grand Prix,8,46.318000000000005,21.596499999999995
78.276,44.0,HARD,43.0,LEC,Ferrari,Monaco Grand Prix,8,46.318000000000005,21.596499999999995
78.541,45.0,HARD,44.0,LEC,Ferrari,Monaco Grand Prix,8,46.318000000000005,21.596499999999995
78.567,46.0,HARD,45.0,LEC,Ferrari,Monaco Grand Prix,8,46.318000000000005,21.596499999999995
79.185,47.0,HARD,46.0,LEC,Ferrari,Monaco Grand Prix,8,46.318000000000005,21.596499999999995
77.941,48.0,HARD,47.0,LEC,Ferrari,Monaco Grand Prix,8,46.318000000000005,21.596499999999995
78.506,49.0,HARD,48.0,LEC,Ferrari,Monaco Grand Prix,8,46.318000000000005,21.596499999999995
78.185,50.0,HARD,49.0,LEC,Ferrari,Monaco Grand Prix,8,46.318000000000005,21.596499999999995
77.79,51.0,HARD,50.0,LEC,Ferrari,Monaco Grand Prix,8,46.318000000000005,21.596499999999995
78.311,52.0,HARD,51.0,LEC,Ferrari,Monaco Grand Prix,8,46.318000000000005,21.596499999999995
77.748,53.0,HARD,52.0,LEC,Ferrari,Monaco Grand Prix,8,46.318000000000005,21.596499999999995
77.357,54.0,HARD,53.0,LEC,Ferrari,Monaco Grand Prix,8,46.318000000000005,21.596499999999995
77.444,55.0,HARD,54.0,LEC,Ferrari,Monaco Grand Prix,8,46.318000000000005,21.596499999999995
77.266,56.0,HARD,55.0,LEC,Ferrari,Monaco Grand Prix,8,46.318000000000005,21.596499999999995
77.64,57.0,HARD,56.0,LEC,Ferrari,Monaco Grand Prix,8,46.318000000000005,21.596499999999995
77.028,58.0,HARD,57.0,LEC,Ferrari,Monaco Grand Prix,8,46.318000000000005,21.596499999999995
77.034,59.0,HARD,58.0,LEC,Ferrari,Monaco Grand Prix,8,46.318000000000005,21.596499999999995
76.414,60.0,HARD,59.0,LEC,Ferrari,Monaco Grand Prix,8,46.318000000000005,21.596499999999995
76.863,61.0,HARD,60.0,LEC,Ferrari,Monaco Grand Prix,8,46.318000000000005,21.596499999999995
77.454,62.0,HARD,61.0,LEC,Ferrari,Monaco Grand Prix,8,46.318000000000005,21.596499999999995
76.971,63.0,HARD,62.0,LEC,Ferrari,Monaco Grand Prix,8,46.318000000000005,21.596499999999995
76.56,64.0,HARD,63.0,LEC,Ferrari,Monaco Grand Prix,8,46.318000000000005,21.596499999999995
76.607,65.0,HARD,64.0,LEC,Ferrari,Monaco Grand Prix,8,46.318000000000005,21.596499999999995
76.489,66.0,HARD,65.0,LEC,Ferrari,Monaco Grand Prix,8,46.318000000000005,21.596499999999995
75.941,67.0,HARD,66.0,LEC,Ferrari,Monaco Grand Prix,8,46.318000000000005,21.596499999999995
76.082,68.0,HARD,67.0,LEC,Ferrari,Monaco Grand Prix,8,46.318000000000005,21.596499999999995
76.373,69.0,HARD,68.0,LEC,Ferrari,Monaco Grand Prix,8,46.318000000000005,21.596499999999995
75.767,70.0,HARD,69.0,LEC,Ferrari,Monaco Grand Prix,8,46.318000000000005,21.596499999999995
75.162,71.0,HARD,70.0,LEC,Ferrari,Monaco Grand Prix,8,46.318000000000005,21.596499999999995
75.547,72.0,HARD,71.0,LEC,Ferrari,Monaco Grand Prix,8,46.318000000000005,21.596499999999995
76.219,73.0,HARD,72.0,LEC,Ferrari,Monaco Grand Prix,8,46.318000000000005,21.596499999999995
76.105,74.0,HARD,73.0,LEC,Ferrari,Monaco Grand Prix,8,46.318000000000005,21.596499999999995
76.387,75.0,HARD,74.0,LEC,Ferrari,Monaco Grand Prix,8,46.318000000000005,21.596499999999995
76.808,76.0,HARD,75.0,LEC,Ferrari,Monaco Grand Prix,8,46.318000000000005,21.596499999999995
76.933,77.0,HARD,76.0,LEC,Ferrari,Monaco Grand Prix,8,46.318000000000005,21.596499999999995
78.636,78.0,HARD,77.0,LEC,Ferrari,Monaco Grand Prix,8,46.318000000000005,21.596499999999995
84.953,3.0,HARD,3.0,PIA,McLaren,Monaco Grand Prix,8,46.318000000000005,21.596499999999995
82.314,4.0,HARD,4.0,PIA,McLaren,Monaco Grand Prix,8,46.318000000000005,21.596499999999995
82.019,5.0,HARD,5.0,PIA,McLaren,Monaco Grand Prix,8,46.318000000000005,21.596499999999995
81.354,6.0,HARD,6.0,PIA,McLaren,Monaco Grand Prix,8,46.318000000000005,21.596499999999995
80.808,7.0,HARD,7.0,PIA,McLaren,Monaco Grand Prix,8,46.318000000000005,21.596499999999995
81.058,8.0,HARD,8.0,PIA,McLaren,Monaco Grand Prix,8,46.318000000000005,21.596499999999995
79.906,9.0,HARD,9.0,PIA,McLaren,Monaco Grand Prix,8,46.318000000000005,21.596499999999995
80.89,10.0,HARD,10.0,PIA,McLaren,Monaco Grand Prix,8,46.318000000000005,21.596499999999995
80.898,11.0,HARD,11.0,PIA,McLaren,Monaco Grand Prix,8,46.318000000000005,21.596499999999995
80.135,12.0,HARD,12.0,PIA,McLaren,Monaco Grand Prix,8,46.318000000000005,21.596499999999995
78.745,13.0,HARD,13.0,PIA,McLaren,Monaco Grand Prix,8,46.318000000000005,21.596499999999995
80.014,14.0,HARD,14.0,PIA,McLaren,Monaco Grand Prix,8,46.318000000000005,21.596499999999995
80.264,15.0,HARD,15.0,PIA,McLaren,Monaco Grand Prix,8,46.318000000000005,21.596499999999995
79.829,16.0,HARD,16.0,PIA,McLaren,Monaco Grand Prix,8,46.318000000000005,21.596499999999995
80.028,17.0,HARD,17.0,PIA,McLaren,Monaco Grand Prix,8,46.318000000000005,21.596499999999995
79.832,18.0,HARD,18.0,PIA,McLaren,Monaco Grand Prix,8,46.318000000000005,21.596499999999995
79.179,19.0,HARD,19.0,PIA,McLaren,Monaco Grand Prix,8,46.318000000000005,21.596499999999995
79.055,20.0,HARD,20.0,PIA,McLaren,Monaco Grand Prix,8,46.318000000000005,21.596499999999995
78.601,21.0,HARD,21.0,PIA,McLaren,Monaco Grand Prix,8,46.318000000000005,21.596499999999995
78.585,22.0,HARD,22.0,PIA,McLaren,Monaco Grand Prix,8,46.318000000000005,21.596499999999995
78.658,23.0,HARD,23.0,PIA,McLaren,Monaco Grand Prix,8,46.318000000000005,21.596499999999995
78.636,24.0,HARD,24.0,PIA,McLaren,Monaco Grand Prix,8,46.318000000000005,21.596499999999995
78.784,25.0,HARD,25.0,PIA,McLaren,Monaco Grand Prix,8,46.318000000000005,21.596499999999995
78.44,26.0,HARD,26.0,PIA,McLaren,Monaco Grand Prix,8,46.318000000000005,21.596499999999995
78.523,27.0,HARD,27.0,PIA,McLaren,Monaco Grand Prix,8,46.318000000000005,21.596499999999995
78.791,28.0,HARD,28.0,PIA,McLaren,Monaco Grand Prix,8,46.318000000000005,21.596499999999995
79.01,29.0,HARD,29.0,PIA,McLaren,Monaco Grand Prix,8,46.318000000000005,21.596499999999995
79.396,30.0,HARD,30.0,PIA,McLaren,Monaco Grand Prix,8,46.318000000000005,21.596499999999995
78.449,31.0,HARD,31.0,PIA,McLaren,Monaco Grand Prix,8,46.318000000000005,21.596499999999995
78.969,32.0,HARD,32.0,PIA,McLaren,Monaco Grand Prix,8,46.318000000000005,21.596499999999995
79.06,33.0,HARD,33.0,PIA,McLaren,Monaco Grand Prix,8,46.318000000000005,21.596499999999995
78.978,34.0,HARD,34.0,PIA,McLaren,Monaco Grand Prix,8,46.318000000000005,21.596499999999995
78.605,35.0,HARD,35.0,PIA,McLaren,Monaco Grand Prix,8,46.318000000000005,21.596499999999995
78.882,36.0,HARD,36.0,PIA,McLaren,Monaco Grand Prix,8,46.318000000000005,21.596499999999995
78.612,37.0,HARD,37.0,PIA,McLaren,Monaco Grand Prix,8,46.318000000000005,21.596499999999995
78.731,38.0,HARD,38.0,PIA,McLaren,Monaco Grand Prix,8,46.318000000000005,21.596499999999995
78.362,39.0,HARD,39.0,PIA,McLaren,Monaco Grand Prix,8,46.318000000000005,21.596499999999995
78.951,40.0,HARD,40.0,PIA,McLaren,Monaco Grand Prix,8,46.318000000000005,21.596499999999995
78.846,41.0,HARD,41.0,PIA,McLaren,Monaco Grand Prix,8,46.318000000000005,21.596499999999995
79.795,42.0,HARD,42.0,PIA,McLaren,Monaco Grand Prix,8,46.318000000000005,21.596499999999995
78.198,43.0,HARD,43.0,PIA,McLaren,Monaco Grand Prix,8,46.318000000000005,21.596499999999995
78.277,44.0,HARD,44.0,PIA,McLaren,Monaco Grand Prix,8,46.318000000000005,21.596499999999995
78.082,45.0,HARD,45.0,PIA,McLaren,Monaco Grand Prix,8,46.318000000000005,21.596499999999995
78.623,46.0,HARD,46.0,PIA,McLaren,Monaco Grand Prix,8,46.318000000000005,21.596499999999995
78.399,47.0,HARD,47.0,PIA,McLaren,Monaco Grand Prix,8,46.318000000000005,21.596499999999995
78.395,48.0,HARD,48.0,PIA,McLaren,Monaco Grand Prix,8,46.318000000000005,21.596499999999995
78.136,49.0,HARD,49.0,PIA,McLaren,Monaco Grand Prix,8,46.318000000000005,21.596499999999995
78.35,50.0,HARD,50.0,PIA,McLaren,Monaco Grand Prix,8,46.318000000000005,21.596499999999995
77.909,51.0,HARD,51.0,PIA,McLaren,Monaco Grand Prix,8,46.318000000000005,21.596499999999995
78.214,52.0,HARD,52.0,PIA,McLaren,Monaco Grand Prix,8,46.318000000000005,21.596499999999995
77.609,53.0,HARD,53.0,PIA,McLaren,Monaco Grand Prix,8,46.318000000000005,21.596499999999995
77.362,54.0,HARD,54.0,PIA,McLaren,Monaco Grand Prix,8,46.318000000000005,21.596499999999995
77.445,55.0,HARD,55.0,PIA,McLaren,Monaco Grand Prix,8,46.318000000000005,21.596499999999995
77.456,56.0,HARD,56.0,PIA,McLaren,Monaco Grand Prix,8,46.318000000000005,21.596499999999995
77.3,57.0,HARD,57.0,PIA,McLaren,Monaco Grand Prix,8,46.318000000000005,21.596499999999995
77.344,58.0,HARD,58.0,PIA,McLaren,Monaco Grand Prix,8,46.318000000000005,21.596499999999995
77.042,59.0,HARD,59.0,PIA,McLaren,Monaco Grand Prix,8,46.318000000000005,21.596499999999995
76.617,60.0,HARD,60.0,PIA,McLaren,Monaco Grand Prix,8,46.318000000000005,21.596499999999995
76.771,61.0,HARD,61.0,PIA,McLaren,Monaco Grand Prix,8,46.318000000000005,21.596499999999995
77.095,62.0,HARD,62.0,PIA,McLaren,Monaco Grand Prix,8,46.318000000000005,21.596499999999995
76.921,63.0,HARD,63.0,PIA,McLaren,Monaco Grand Prix,8,46.318000000000005,21.596499999999995
76.909,64.0,HARD,64.0,PIA,McLaren,Monaco Grand Prix,8,46.318000000000005,21.596499999999995
76.391,65.0,HARD,65.0,PIA,McLaren,Monaco Grand Prix,8,46.318000000000005,21.596499999999995
76.64,66.0,HARD,66.0,PIA,McLaren,Monaco Grand Prix,8,46.318000000000005,21.596499999999995
76.596,67.0,HARD,67.0,PIA,McLaren,Monaco Grand Prix,8,46.318000000000005,21.596499999999995
76.601,68.0,HARD,68.0,PIA,McLaren,Monaco Grand Prix,8,46.318000000000005,21.596499999999995
77.371,69.0,HARD,69.0,PIA,McLaren,Monaco Grand Prix,8,46.318000000000005,21.596499999999995
77.27,70.0,HARD,70.0,PIA,McLaren,Monaco Grand Prix,8,46.318000000000005,21.596499999999995
77.184,71.0,HARD,71.0,PIA,McLaren,Monaco Grand Prix,8,46.318000000000005,21.596499999999995
76.652,72.0,HARD,72.0,PIA,McLaren,Monaco Grand Prix,8,46.318000000000005,21.596499999999995
76.281,73.0,HARD,73.0,PIA,McLaren,Monaco Grand Prix,8,46.318000000000005,21.596499999999995
76.356,74.0,HARD,74.0,PIA,McLaren,Monaco Grand Prix,8,46.318000000000005,21.596499999999995
76.644,75.0,HARD,75.0,PIA,McLaren,Monaco Grand Prix,8,46.318000000000005,21.596499999999995
76.59,76.0,HARD,76.0,PIA,McLaren,Monaco Grand Prix,8,46.318000000000005,21.596499999999995
76.734,77.0,HARD,77.0,PIA,McLaren,Monaco Grand Prix,8,46.318000000000005,21.596499999999995
77.126,78.0,HARD,78.0,PIA,McLaren,Monaco Grand Prix,8,46.318000000000005,21.596499999999995
85.012,3.0,HARD,2.0,SAI,Ferrari,Monaco Grand Prix,8,46.318000000000005,21.596499999999995
82.358,4.0,HARD,3.0,SAI,Ferrari,Monaco Grand Prix,8,46.318000000000005,21.596499999999995
81.978,5.0,HARD,4.0,SAI,Ferrari,Monaco Grand Prix,8,46.318000000000005,21.596499999999995
81.163,6.0,HARD,5.0,SAI,Ferrari,Monaco Grand Prix,8,46.318000000000005,21.596499999999995
81.466,7.0,HARD,6.0,SAI,Ferrari,Monaco Grand Prix,8,46.318000000000005,21.596499999999995
80.272,8.0,HARD,7.0,SAI,Ferrari,Monaco Grand Prix,8,46.318000000000005,21.596499999999995
80.525,9.0,HARD,8.0,SAI,Ferrari,Monaco Grand Prix,8,46.318000000000005,21.596499999999995
81.259,10.0,HARD,9.0,SAI,Ferrari,Monaco Grand Prix,8,46.318000000000005,21.596499999999995
80.246,11.0,HARD,10.0,SAI,Ferrari,Monaco Grand Prix,8,46.318000000000005,21.596499999999995
79.974,12.0,HARD,11.0,SAI,Ferrari,Monaco Grand Prix,8,46.318000000000005,21.596499999999995
80.017,13.0,HARD,12.0,SAI,Ferrari,Monaco Grand Prix,8,46.318000000000005,21.596499999999995
79.48,14.0,HARD,13.0,SAI,Ferrari,Monaco Grand Prix,8,46.318000000000005,21.596499999999995
79.543,15.0,HARD,14.0,SAI,Ferrari,Monaco Grand Prix,8,46.318000000000005,21.596499999999995
80.579,16.0,HARD,15.0,SAI,Ferrari,Monaco Grand Prix,8,46.318000000000005,21.596499999999995
80.076,17.0,HARD,16.0,SAI,Ferrari,Monaco Grand Prix,8,46.318000000000005,21.596499999999995
79.177,18.0,HARD,17.0,SAI,Ferrari,Monaco Grand Prix,8,46.318000000000005,21.596499999999995
79.445,19.0,HARD,18.0,SAI,Ferrari,Monaco Grand Prix,8,46.318000000000005,21.596499999999995
79.403,20.0,HARD,19.0,SAI,Ferrari,Monaco Grand Prix,8,46.318000000000005,21.596499999999995
78.917,21.0,HARD,20.0,SAI,Ferrari,Monaco Grand Prix,8,46.318000000000005,21.596499999999995
78.889,22.0,HARD,21.0,SAI,Ferrari,Monaco Grand Prix,8,46.318000000000005,21.596499999999995
78.993,23.0,HARD,22.0,SAI,Ferrari,Monaco Grand Prix,8,46.318000000000005,21.596499999999995
78.568,24.0,HARD,23.0,SAI,Ferrari,Monaco Grand Prix,8,46.318000000000005,21.596499999999995
78.537,25.0,HARD,24.0,SAI,Ferrari,Monaco Grand Prix,8,46.318000000000005,21.596499999999995
78.088,26.0,HARD,25.0,SAI,Ferrari,Monaco Grand Prix,8,46.318000000000005,21.596499999999995
79.49,27.0,HARD,26.0,SAI,Ferrari,Monaco Grand Prix,8,46.318000000000005,21.596499999999995
79.281,28.0,HARD,27.0,SAI,Ferrari,Monaco Grand Prix,8,46.318000000000005,21.596499999999995
78.697,29.0,HARD,28.0,SAI,Ferrari,Monaco Grand Prix,8,46.318000000000005,21.596499999999995
77.326,30.0,HARD,29.0,SAI,Ferrari,Monaco Grand Prix,8,46.318000000000005,21.596499999999995
79.784,31.0,HARD,30.0,SAI,Ferrari,Monaco Grand Prix,8,46.318000000000005,21.596499999999995
80.136,32.0,HARD,31.0,SAI,Ferrari,Monaco Grand Prix,8,46.318000000000005,21.596499999999995
78.778,33.0,HARD,32.0,SAI,Ferrari,Monaco Grand Prix,8,46.318000000000005,21.596499999999995
79.013,34.0,HARD,33.0,SAI,Ferrari,Monaco Grand Prix,8,46.318000000000005,21.596499999999995
78.465,35.0,HARD,34.0,SAI,Ferrari,Monaco Grand Prix,8,46.318000000000005,21.596499999999995
79.275,36.0,HARD,35.0,SAI,Ferrari,Monaco Grand Prix,8,46.318000000000005,21.596499999999995
77.577,37.0,HARD,36.0,SAI,Ferrari,Monaco Grand Prix,8,46.318000000000005,21.596499999999995
78.412,38.0,HARD,37.0,SAI,Ferrari,Monaco Grand Prix,8,46.318000000000005,21.596499999999995
78.31,39.0,HARD,38.0,SAI,Ferrari,Monaco Grand Prix,8,46.318000000000005,21.596499999999995
78.653,40.0,HARD,39.0,SAI,Ferrari,Monaco Grand Prix,8,46.318000000000005,21.596499999999995
78.714,41.0,HARD,40.0,SAI,Ferrari,Monaco Grand Prix,8,46.318000000000005,21.596499999999995
79.171,42.0,HARD,41.0,SAI,Ferrari,Monaco Grand Prix,8,46.318000000000005,21.596499999999995
79.594,43.0,HARD,42.0,SAI,Ferrari,Monaco Grand Prix,8,46.318000000000005,21.596499999999995
78.762,44.0,HARD,43.0,SAI,Ferrari,Monaco Grand Prix,8,46.318000000000005,21.596499999999995
77.885,45.0,HARD,44.0,SAI,Ferrari,Monaco Grand Prix,8,46.318000000000005,21.596499999999995
78.731,46.0,HARD,45.0,SAI,Ferrari,Monaco Grand Prix,8,46.318000000000005,21.596499999999995
78.141,47.0,HARD,46.0,SAI,Ferrari,Monaco Grand Prix,8,46.318000000000005,21.596499999999995
77.894,48.0,HARD,47.0,SAI,Ferrari,Monaco Grand Prix,8,46.318000000000005,21.596499999999995
78.259,49.0,HARD,48.0,SAI,Ferrari,Monaco Grand Prix,8,46.318000000000005,21.596499999999995
78.545,50.0,HARD,49.0,SAI,Ferrari,Monaco Grand Prix,8,46.318000000000005,21.596499999999995
77.528,51.0,HARD,50.0,SAI,Ferrari,Monaco Grand Prix,8,46.318000000000005,21.596499999999995
78.094,52.0,HARD,51.0,SAI,Ferrari,Monaco Grand Prix,8,46.318000000000005,21.596499999999995
77.759,53.0,HARD,52.0,SAI,Ferrari,Monaco Grand Prix,8,46.318000000000005,21.596499999999995
77.742,54.0,HARD,53.0,SAI,Ferrari,Monaco Grand Prix,8,46.318000000000005,21.596499999999995
78.661,55.0,HARD,54.0,SAI,Ferrari,Monaco Grand Prix,8,46.318000000000005,21.596499999999995
78.119,56.0,HARD,55.0,SAI,Ferrari,Monaco Grand Prix,8,46.318000000000005,21.596499999999995
77.599,57.0,HARD,56.0,SAI,Ferrari,Monaco Grand Prix,8,46.318000000000005,21.596499999999995
77.501,58.0,HARD,57.0,SAI,Ferrari,Monaco Grand Prix,8,46.318000000000005,21.596499999999995
77.134,59.0,HARD,58.0,SAI,Ferrari,Monaco Grand Prix,8,46.318000000000005,21.596499999999995
75.159,60.0,HARD,59.0,SAI,Ferrari,Monaco Grand Prix,8,46.318000000000005,21.596499999999995
79.046,61.0,HARD,60.0,SAI,Ferrari,Monaco Grand Prix,8,46.318000000000005,21.596499999999995
74.726,62.0,HARD,61.0,SAI,Ferrari,Monaco Grand Prix,8,46.318000000000005,21.596499999999995
78.207,63.0,HARD,62.0,SAI,Ferrari,Monaco Grand Prix,8,46.318000000000005,21.596499999999995
74.813,64.0,HARD,63.0,SAI,Ferrari,Monaco Grand Prix,8,46.318000000000005,21.596499999999995
78.137,65.0,HARD,64.0,SAI,Ferrari,Monaco Grand Prix,8,46.318000000000005,21.596499999999995
75.409,66.0,HARD,65.0,SAI,Ferrari,Monaco Grand Prix,8,46.318000000000005,21.596499999999995
76.847,67.0,HARD,66.0,SAI,Ferrari,Monaco Grand Prix,8,46.318000000000005,21.596499999999995
75.595,68.0,HARD,67.0,SAI,Ferrari,Monaco Grand Prix,8,46.318000000000005,21.596499999999995
76.218,69.0,HARD,68.0,SAI,Ferrari,Monaco Grand Prix,8,46.318000000000005,21.596499999999995
77.117,70.0,HARD,69.0,SAI,Ferrari,Monaco Grand Prix,8,46.318000000000005,21.596499999999995
77.214,71.0,HARD,70.0,SAI,Ferrari,Monaco Grand Prix,8,46.318000000000005,21.596499999999995
76.785,72.0,HARD,71.0,SAI,Ferrari,Monaco Grand Prix,8,46.318000000000005,21.596499999999995
76.417,73.0,HARD,72.0,SAI,Ferrari,Monaco Grand Prix,8,46.318000000000005,21.596499999999995
76.063,74.0,HARD,73.0,SAI,Ferrari,Monaco Grand Prix,8,46.318000000000005,21.596499999999995
76.905,75.0,HARD,74.0,SAI,Ferrari,Monaco Grand Prix,8,46.318000000000005,21.596499999999995
76.328,76.0,HARD,75.0,SAI,Ferrari,Monaco Grand Prix,8,46.318000000000005,21.596499999999995
76.701,77.0,HARD,76.0,SAI,Ferrari,Monaco Grand Prix,8,46.318000000000005,21.596499999999995
77.072,78.0,HARD,77.0,SAI,Ferrari,Monaco Grand Prix,8,46.318000000000005,21.596499999999995
85.283,3.0,HARD,3.0,NOR,McLaren,Monaco Grand Prix,8,46.318000000000005,21.596499999999995
82.782,4.0,HARD,4.0,NOR,McLaren,Monaco Grand Prix,8,46.318000000000005,21.596499999999995
82.147,5.0,HARD,5.0,NOR,McLaren,Monaco Grand Prix,8,46.318000000000005,21.596499999999995
81.804,6.0,HARD,6.0,NOR,McLaren,Monaco Grand Prix,8,46.318000000000005,21.596499999999995
80.828,7.0,HARD,7.0,NOR,McLaren,Monaco Grand Prix,8,46.318000000000005,21.596499999999995
80.82,8.0,HARD,8.0,NOR,McLaren,Monaco Grand Prix,8,46.318000000000005,21.596499999999995
80.397,9.0,HARD,9.0,NOR,McLaren,Monaco Grand Prix,8,46.318000000000005,21.596499999999995
80.972,10.0,HARD,10.0,NOR,McLaren,Monaco Grand Prix,8,46.318000000000005,21.596499999999995
80.87,11.0,HARD,11.0,NOR,McLaren,Monaco Grand Prix,8,46.318000000000005,21.596499999999995
79.933,12.0,HARD,12.0,NOR,McLaren,Monaco Grand Prix,8,46.318000000000005,21.596499999999995
79.82,13.0,HARD,13.0,NOR,McLaren,Monaco Grand Prix,8,46.318000000000005,21.596499999999995
79.385,14.0,HARD,14.0,NOR,McLaren,Monaco Grand Prix,8,46.318000000000005,21.596499999999995
79.775,15.0,HARD,15.0,NOR,McLaren,Monaco Grand Prix,8,46.318000000000005,21.596499999999995
79.637,16.0,HARD,16.0,NOR,McLaren,Monaco Grand Prix,8,46.318000000000005,21.596499999999995
80.337,17.0,HARD,17.0,NOR,McLaren,Monaco Grand Prix,8,46.318000000000005,21.596499999999995
79.398,18.0,HARD,18.0,NOR,McLaren,Monaco Grand Prix,8,46.318000000000005,21.596499999999995
79.28,19.0,HARD,19.0,NOR,McLaren,Monaco Grand Prix,8,46.318000000000005,21.596499999999995
79.043,20.0,HARD,20.0,NOR,McLaren,Monaco Grand Prix,8,46.318000000000005,21.596499999999995
78.983,21.0,HARD,21.0,NOR,McLaren,Monaco Grand Prix,8,46.318000000000005,21.596499999999995
78.981,22.0,HARD,22.0,NOR,McLaren,Monaco Grand Prix,8,46.318000000000005,21.596499999999995
79.194,23.0,HARD,23.0,NOR,McLaren,Monaco Grand Prix,8,46.318000000000005,21.596499999999995
78.699,24.0,HARD,24.0,NOR,McLaren,Monaco Grand Prix,8,46.318000000000005,21.596499999999995
78.64,25.0,HARD,25.0,NOR,McLaren,Monaco Grand Prix,8,46.318000000000005,21.596499999999995
78.396,26.0,HARD,26.0,NOR,McLaren,Monaco Grand Prix,8,46.318000000000005,21.596499999999995
78.72,27.0,HARD,27.0,NOR,McLaren,Monaco Grand Prix,8,46.318000000000005,21.596499999999995
79.238,28.0,HARD,28.0,NOR,McLaren,Monaco Grand Prix,8,46.318000000000005,21.596499999999995
78.766,29.0,HARD,29.0,NOR,McLaren,Monaco Grand Prix,8,46.318000000000005,21.596499999999995
78.403,30.0,HARD,30.0,NOR,McLaren,Monaco Grand Prix,8,46.318000000000005,21.596499999999995
78.78,31.0,HARD,31.0,NOR,McLaren,Monaco Grand Prix,8,46.318000000000005,21.596499999999995
79.538,32.0,HARD,32.0,NOR,McLaren,Monaco Grand Prix,8,46.318000000000005,21.596499999999995
79.233,33.0,HARD,33.0,NOR,McLaren,Monaco Grand Prix,8,46.318000000000005,21.596499999999995
79.243,34.0,HARD,34.0,NOR,McLaren,Monaco Grand Prix,8,46.318000000000005,21.596499999999995
78.714,35.0,HARD,35.0,NOR,McLaren,Monaco Grand Prix,8,46.318000000000005,21.596499999999995
78.582,36.0,HARD,36.0,NOR,McLaren,Monaco Grand Prix,8,46.318000000000005,21.596499999999995
77.958,37.0,HARD,37.0,NOR,McLaren,Monaco Grand Prix,8,46.318000000000005,21.596499999999995
77.994,38.0,HARD,38.0,NOR,McLaren,Monaco Grand Prix,8,46.318000000000005,21.596499999999995
78.303,39.0,HARD,39.0,NOR,McLaren,Monaco Grand Prix,8,46.318000000000005,21.596499999999995
78.824,40.0,HARD,40.0,NOR,McLaren,Monaco Grand Prix,8,46.318000000000005,21.596499999999995
78.519,41.0,HARD,41.0,NOR,McLaren,Monaco Grand Prix,8,46.318000000000005,21.596499999999995
79.436,42.0,HARD,42.0,NOR,McLaren,Monaco Grand Prix,8,46.318000000000005,21.596499999999995
79.796,43.0,HARD,43.0,NOR,McLaren,Monaco Grand Prix,8,46.318000000000005,21.596499999999995
78.906,44.0,HARD,44.0,NOR,McLaren,Monaco Grand Prix,8,46.318000000000005,21.596499999999995
77.897,45.0,HARD,45.0,NOR,McLaren,Monaco Grand Prix,8,46.318000000000005,21.596499999999995
78.215,46.0,HARD,46.0,NOR,McLaren,Monaco Grand Prix,8,46.318000000000005,21.596499999999995
78.141,47.0,HARD,47.0,NOR,McLaren,Monaco Grand Prix,8,46.318000000000005,21.596499999999995
77.975,48.0,HARD,48.0,NOR,McLaren,Monaco Grand Prix,8,46.318000000000005,21.596499999999995
78.177,49.0,HARD,49.0,NOR,McLaren,Monaco Grand Prix,8,46.318000000000005,21.596499999999995
78.218,50.0,HARD,50.0,NOR,McLaren,Monaco Grand Prix,8,46.318000000000005,21.596499999999995
77.772,51.0,HARD,51.0,NOR,McLaren,Monaco Grand Prix,8,46.318000000000005,21.596499999999995
78.223,52.0,HARD,52.0,NOR,McLaren,Monaco Grand Prix,8,46.318000000000005,21.596499999999995
77.57,53.0,HARD,53.0,NOR,McLaren,Monaco Grand Prix,8,46.318000000000005,21.596499999999995
77.838,54.0,HARD,54.0,NOR,McLaren,Monaco Grand Prix,8,46.318000000000005,21.596499999999995
78.382,55.0,HARD,55.0,NOR,McLaren,Monaco Grand Prix,8,46.318000000000005,21.596499999999995
78.155,56.0,HARD,56.0,NOR,McLaren,Monaco Grand Prix,8,46.318000000000005,21.596499999999995
77.815,57.0,HARD,57.0,NOR,McLaren,Monaco Grand Prix,8,46.318000000000005,21.596499999999995
77.395,58.0,HARD,58.0,NOR,McLaren,Monaco Grand Prix,8,46.318000000000005,21.596499999999995
77.122,59.0,HARD,59.0,NOR,McLaren,Monaco Grand Prix,8,46.318000000000005,21.596499999999995
76.695,60.0,HARD,60.0,NOR,McLaren,Monaco Grand Prix,8,46.318000000000005,21.596499999999995
77.614,61.0,HARD,61.0,NOR,McLaren,Monaco Grand Prix,8,46.318000000000005,21.596499999999995
76.026,62.0,HARD,62.0,NOR,McLaren,Monaco Grand Prix,8,46.318000000000005,21.596499999999995
76.876,63.0,HARD,63.0,NOR,McLaren,Monaco Grand Prix,8,46.318000000000005,21.596499999999995
75.742,64.0,HARD,64.0,NOR,McLaren,Monaco Grand Prix,8,46.318000000000005,21.596499999999995
77.143,65.0,HARD,65.0,NOR,McLaren,Monaco Grand Prix,8,46.318000000000005,21.596499999999995
76.214,66.0,HARD,66.0,NOR,McLaren,Monaco Grand Prix,8,46.318000000000005,21.596499999999995
76.115,67.0,HARD,67.0,NOR,McLaren,Monaco Grand Prix,8,46.318000000000005,21.596499999999995
76.172,68.0,HARD,68.0,NOR,McLaren,Monaco Grand Prix,8,46.318000000000005,21.596499999999995
76.314,69.0,HARD,69.0,NOR,McLaren,Monaco Grand Prix,8,46.318000000000005,21.596499999999995
77.213,70.0,HARD,70.0,NOR,McLaren,Monaco Grand Prix,8,46.318000000000005,21.596499999999995
76.609,71.0,HARD,71.0,NOR,McLaren,Monaco Grand Prix,8,46.318000000000005,21.596499999999995
76.801,72.0,HARD,72.0,NOR,McLaren,Monaco Grand Prix,8,46.318000000000005,21.596499999999995
76.285,73.0,HARD,73.0,NOR,McLaren,Monaco Grand Prix,8,46.318000000000005,21.596499999999995
76.429,74.0,HARD,74.0,NOR,McLaren,Monaco Grand Prix,8,46.318000000000005,21.596499999999995
76.517,75.0,HARD,75.0,NOR,McLaren,Monaco Grand Prix,8,46.318000000000005,21.596499999999995
76.671,76.0,HARD,76.0,NOR,McLaren,Monaco Grand Prix,8,46.318000000000005,21.596499999999995
76.512,77.0,HARD,77.0,NOR,McLaren,Monaco Grand Prix,8,46.318000000000005,21.596499999999995
77.296,78.0,HARD,78.0,NOR,McLaren,Monaco Grand Prix,8,46.318000000000005,21.596499999999995
85.319,3.0,MEDIUM,2.0,RUS,Mercedes,Monaco Grand Prix,8,46.318000000000005,21.596499999999995
82.868,4.0,MEDIUM,3.0,RUS,Mercedes,Monaco Grand Prix,8,46.318000000000005,21.596499999999995
83.045,5.0,MEDIUM,4.0,RUS,Mercedes,Monaco Grand Prix,8,46.318000000000005,21.596499999999995
83.012,6.0,MEDIUM,5.0,RUS,Mercedes,Monaco Grand Prix,8,46.318000000000005,21.596499999999995
81.415,7.0,MEDIUM,6.0,RUS,Mercedes,Monaco Grand Prix,8,46.318000000000005,21.596499999999995
81.612,8.0,MEDIUM,7.0,RUS,Mercedes,Monaco Grand Prix,8,46.318000000000005,21.596499999999995
81.433,9.0,MEDIUM,8.0,RUS,Mercedes,Monaco Grand Prix,8,46.318000000000005,21.596499999999995
81.531,10.0,MEDIUM,9.0,RUS,Mercedes,Monaco Grand Prix,8,46.318000000000005,21.596499999999995
81.452,11.0,MEDIUM,10.0,RUS,Mercedes,Monaco Grand Prix,8,46.318000000000005,21.596499999999995
80.316,12.0,MEDIUM,11.0,RUS,Mercedes,Monaco Grand Prix,8,46.318000000000005,21.596499999999995
80.525,13.0,MEDIUM,12.0,RUS,Mercedes,Monaco Grand Prix,8,46.318000000000005,21.596499999999995
80.272,14.0,MEDIUM,13.0,RUS,Mercedes,Monaco Grand Prix,8,46.318000000000005,21.596499999999995
80.202,15.0,MEDIUM,14.0,RUS,Mercedes,Monaco Grand Prix,8,46.318000000000005,21.596499999999995
79.913,16.0,MEDIUM,15.0,RUS,Mercedes,Monaco Grand Prix,8,46.318000000000005,21.596499999999995
80.15,17.0,MEDIUM,16.0,RUS,Mercedes,Monaco Grand Prix,8,46.318000000000005,21.596499999999995
79.438,18.0,MEDIUM,17.0,RUS,Mercedes,Monaco Grand Prix,8,46.318000000000005,21.596499999999995
80.157,19.0,MEDIUM,18.0,RUS,Mercedes,Monaco Grand Prix,8,46.318000000000005,21.596499999999995
80.053,20.0,MEDIUM,19.0,RUS,Mercedes,Monaco Grand Prix,8,46.318000000000005,21.596499999999995
79.788,21.0,MEDIUM,20.0,RUS,Mercedes,Monaco Grand Prix,8,46.318000000000005,21.596499999999995
79.691,22.0,MEDIUM,21.0,RUS,Mercedes,Monaco Grand Prix,8,46.318000000000005,21.596499999999995
79.397,23.0,MEDIUM,22.0,RUS,Mercedes,Monaco Grand Prix,8,46.318000000000005,21.596499999999995
79.484,24.0,MEDIUM,23.0,RUS,Mercedes,Monaco Grand Prix,8,46.318000000000005,21.596499999999995
78.651,25.0,MEDIUM,24.0,RUS,Mercedes,Monaco Grand Prix,8,46.318000000000005,21.596499999999995
79.006,26.0,MEDIUM,25.0,RUS,Mercedes,Monaco Grand Prix,8,46.318000000000005,21.596499999999995
78.927,27.0,MEDIUM,26.0,RUS,Mercedes,Monaco Grand Prix,8,46.318000000000005,21.596499999999995
78.679,28.0,MEDIUM,27.0,RUS,Mercedes,Monaco Grand Prix,8,46.318000000000005,21.596499999999995
78.624,29.0,MEDIUM,28.0,RUS,Mercedes,Monaco Grand Prix,8,46.318000000000005,21.596499999999995
78.811,30.0,MEDIUM,29.0,RUS,Mercedes,Monaco Grand Prix,8,46.318000000000005,21.596499999999995
79.101,31.0,MEDIUM,30.0,RUS,Mercedes,Monaco Grand Prix,8,46.318000000000005,21.596499999999995
79.122,32.0,MEDIUM,31.0,RUS,Mercedes,Monaco Grand Prix,8,46.318000000000005,21.596499999999995
78.91,33.0,MEDIUM,32.0,RUS,Mercedes,Monaco Grand Prix,8,46.318000000000005,21.596499999999995
79.379,34.0,MEDIUM,33.0,RUS,Mercedes,Monaco Grand Prix,8,46.318000000000005,21.596499999999995
80.448,35.0,MEDIUM,34.0,RUS,Mercedes,Monaco Grand Prix,8,46.318000000000005,21.596499999999995
79.728,36.0,MEDIUM,35.0,RUS,Mercedes,Monaco Grand Prix,8,46.318000000000005,21.596499999999995
78.757,37.0,MEDIUM,36.0,RUS,Mercedes,Monaco Grand Prix,8,46.318000000000005,21.596499999999995
78.446,38.0,MEDIUM,37.0,RUS,Mercedes,Monaco Grand Prix,8,46.318000000000005,21.596499999999995
78.45,39.0,MEDIUM,38.0,RUS,Mercedes,Monaco Grand Prix,8,46.318000000000005,21.596499999999995
78.139,40.0,MEDIUM,39.0,RUS,Mercedes,Monaco Grand Prix,8,46.318000000000005,21.596499999999995
78.308,41.0,MEDIUM,40.0,RUS,Mercedes,Monaco Grand Prix,8,46.318000000000005,21.596499999999995
78.204,42.0,MEDIUM,41.0,RUS,Mercedes,Monaco Grand Prix,8,46.318000000000005,21.596499999999995
78.684,43.0,MEDIUM,42.0,RUS,Mercedes,Monaco Grand Prix,8,46.318000000000005,21.596499999999995
78.177,44.0,MEDIUM,43.0,RUS,Mercedes,Monaco Grand Prix,8,46.318000000000005,21.596499999999995
78.449,45.0,MEDIUM,44.0,RUS,Mercedes,Monaco Grand Prix,8,46.318000000000005,21.596499999999995
78.387,46.0,MEDIUM,45.0,RUS,Mercedes,Monaco Grand Prix,8,46.318000000000005,21.596499999999995
78.314,47.0,MEDIUM,46.0,RUS,Mercedes,Monaco Grand Prix,8,46.318000000000005,21.596499999999995
78.702,48.0,MEDIUM,47.0,RUS,Mercedes,Monaco Grand Prix,8,46.318000000000005,21.596499999999995
78.985,49.0,MEDIUM,48.0,RUS,Mercedes,Monaco Grand Prix,8,46.318000000000005,21.596499999999995
78.447,50.0,MEDIUM,49.0,RUS,Mercedes,Monaco Grand Prix,8,46.318000000000005,21.596499999999995
78.049,51.0,MEDIUM,50.0,RUS,Mercedes,Monaco Grand Prix,8,46.318000000000005,21.596499999999995
78.602,52.0,MEDIUM,51.0,RUS,Mercedes,Monaco Grand Prix,8,46.318000000000005,21.596499999999995
80.891,53.0,MEDIUM,52.0,RUS,Mercedes,Monaco Grand Prix,8,46.318000000000005,21.596499999999995
78.201,54.0,MEDIUM,53.0,RUS,Mercedes,Monaco Grand Prix,8,46.318000000000005,21.596499999999995
77.305,55.0,MEDIUM,54.0,RUS,Mercedes,Monaco Grand Prix,8,46.318000000000005,21.596499999999995
77.071,56.0,MEDIUM,55.0,RUS,Mercedes,Monaco Grand Prix,8,46.318000000000005,21.596499999999995
76.91,57.0,MEDIUM,56.0,RUS,Mercedes,Monaco Grand Prix,8,46.318000000000005,21.596499999999995
77.142,58.0,MEDIUM,57.0,RUS,Mercedes,Monaco Grand Prix,8,46.318000000000005,21.596499999999995
76.842,59.0,MEDIUM,58.0,RUS,Mercedes,Monaco Grand Prix,8,46.318000000000005,21.596499999999995
76.604,60.0,MEDIUM,59.0,RUS,Mercedes,Monaco Grand Prix,8,46.318000000000005,21.596499999999995
76.697,61.0,MEDIUM,60.0,RUS,Mercedes,Monaco Grand Prix,8,46.318000000000005,21.596499999999995
76.787,62.0,MEDIUM,61.0,RUS,Mercedes,Monaco Grand Prix,8,46.318000000000005,21.596499999999995
76.581,63.0,MEDIUM,62.0,RUS,Mercedes,Monaco Grand Prix,8,46.318000000000005,21.596499999999995
76.133,64.0,MEDIUM,63.0,RUS,Mercedes,Monaco Grand Prix,8,46.318000000000005,21.596499999999995
75.651,65.0,MEDIUM,64.0,RUS,Mercedes,Monaco Grand Prix,8,46.318000000000005,21.596499999999995
75.848,66.0,MEDIUM,65.0,RUS,Mercedes,Monaco Grand Prix,8,46.318000000000005,21.596499999999995
76.157,67.0,MEDIUM,66.0,RUS,Mercedes,Monaco Grand Prix,8,46.318000000000005,21.596499999999995
75.931,68.0,MEDIUM,67.0,RUS,Mercedes,Monaco Grand Prix,8,46.318000000000005,21.596499999999995
75.869,69.0,MEDIUM,68.0,RUS,Mercedes,Monaco Grand Prix,8,46.318000000000005,21.596499999999995
75.251,70.0,MEDIUM,69.0,RUS,Mercedes,Monaco Grand Prix,8,46.318000000000005,21.596499999999995
75.827,71.0,MEDIUM,70.0,RUS,Mercedes,Monaco Grand Prix,8,46.318000000000005,21.596499999999995
75.839,72.0,MEDIUM,71.0,RUS,Mercedes,Monaco Grand Prix,8,46.318000000000005,21.596499999999995
75.228,73.0,MEDIUM,72.0,RUS,Mercedes,Monaco Grand Prix,8,46.318000000000005,21.596499999999995
75.376,74.0,MEDIUM,73.0,RUS,Mercedes,Monaco Grand Prix,8,46.318000000000005,21.596499999999995
75.525,75.0,MEDIUM,74.0,RUS,Mercedes,Monaco Grand Prix,8,46.318000000000005,21.596499999999995
75.753,76.0,MEDIUM,75.0,RUS,Mercedes,Monaco Grand Prix,8,46.318000000000005,21.596499999999995
75.532,77.0,MEDIUM,76.0,RUS,Mercedes,Monaco Grand Prix,8,46.318000000000005,21.596499999999995
76.303,78.0,MEDIUM,77.0,RUS,Mercedes,Monaco Grand Prix,8,46.318000000000005,21.596499999999995
85.744,3.0,MEDIUM,2.0,VER,Red Bull Racing,Monaco Grand Prix,8,46.318000000000005,21.596499999999995
83.275,4.0,MEDIUM,3.0,VER,Red Bull Racing,Monaco Grand Prix,8,46.318000000000005,21.596499999999995
83.4,5.0,MEDIUM,4.0,VER,Red Bull Racing,Monaco Grand Prix,8,46.318000000000005,21.596499999999995
83.787,6.0,MEDIUM,5.0,VER,Red Bull Racing,Monaco Grand Prix,8,46.318000000000005,21.596499999999995
81.283,7.0,MEDIUM,6.0,VER,Red Bull Racing,Monaco Grand Prix,8,46.318000000000005,21.596499999999995
81.657,8.0,MEDIUM,7.0,VER,Red Bull Racing,Monaco Grand Prix,8,46.318000000000005,21.596499999999995
81.74,9.0,MEDIUM,8.0,VER,Red Bull Racing,Monaco Grand Prix,8,46.318000000000005,21.596499999999995
81.244,10.0,MEDIUM,9.0,VER,Red Bull Racing,Monaco Grand Prix,8,46.318000000000005,21.596499999999995
81.492,11.0,MEDIUM,10.0,VER,Red Bull Racing,Monaco Grand Prix,8,46.318000000000005,21.596499999999995
80.659,12.0,MEDIUM,11.0,VER,Red Bull Racing,Monaco Grand Prix,8,46.318000000000005,21.596499999999995
79.904,13.0,MEDIUM,12.0,VER,Red Bull Racing,Monaco Grand Prix,8,46.318000000000005,21.596499999999995
79.723,14.0,MEDIUM,13.0,VER,Red Bull Racing,Monaco Grand Prix,8,46.318000000000005,21.596499999999995
80.37,15.0,MEDIUM,14.0,VER,Red Bull Racing,Monaco Grand Prix,8,46.318000000000005,21.596499999999995
80.287,16.0,MEDIUM,15.0,VER,Red Bull Racing,Monaco Grand Prix,8,46.318000000000005,21.596499999999995
79.898,17.0,MEDIUM,16.0,VER,Red Bull Racing,Monaco Grand Prix,8,46.318000000000005,21.596499999999995
79.58,18.0,MEDIUM,17.0,VER,Red Bull Racing,Monaco Grand Prix,8,46.318000000000005,21.596499999999995
80.171,19.0,MEDIUM,18.0,VER,Red Bull Racing,Monaco Grand Prix,8,46.318000000000005,21.596499999999995
79.886,20.0,MEDIUM,19.0,VER,Red Bull Racing,Monaco Grand Prix,8,46.318000000000005,21.596499999999995
80.255,21.0,MEDIUM,20.0,VER,Red Bull Racing,Monaco Grand Prix,8,46.318000000000005,21.596499999999995
79.813,22.0,MEDIUM,21.0,VER,Red Bull Racing,Monaco Grand Prix,8,46.318000000000005,21.596499999999995
78.979,23.0,MEDIUM,22.0,VER,Red Bull Racing,Monaco Grand Prix,8,46.318000000000005,21.596499999999995
79.364,24.0,MEDIUM,23.0,VER,Red Bull Racing,Monaco Grand Prix,8,46.318000000000005,21.596499999999995
79.38,25.0,MEDIUM,24.0,VER,Red Bull Racing,Monaco Grand Prix,8,46.318000000000005,21.596499999999995
78.818,26.0,MEDIUM,25.0,VER,Red Bull Racing,Monaco Grand Prix,8,46.318000000000005,21.596499999999995
78.797,27.0,MEDIUM,26.0,VER,Red Bull Racing,Monaco Grand Prix,8,46.318000000000005,21.596499999999995
78.682,28.0,MEDIUM,27.0,VER,Red Bull Racing,Monaco Grand Prix,8,46.318000000000005,21.596499999999995
78.795,29.0,MEDIUM,28.0,VER,Red Bull Racing,Monaco Grand Prix,8,46.318000000000005,21.596499999999995
78.574,30.0,MEDIUM,29.0,VER,Red Bull Racing,Monaco Grand Prix,8,46.318000000000005,21.596499999999995
78.564,31.0,MEDIUM,30.0,VER,Red Bull Racing,Monaco Grand Prix,8,46.318000000000005,21.596499999999995
78.983,32.0,MEDIUM,31.0,VER,Red Bull Racing,Monaco Grand Prix,8,46.318000000000005,21.596499999999995
79.005,33.0,MEDIUM,32.0,VER,Red Bull Racing,Monaco Grand Prix,8,46.318000000000005,21.596499999999995
79.594,34.0,MEDIUM,33.0,VER,Red Bull Racing,Monaco Grand Prix,8,46.318000000000005,21.596499999999995
80.207,35.0,MEDIUM,34.0,VER,Red Bull Racing,Monaco Grand Prix,8,46.318000000000005,21.596499999999995
79.634,36.0,MEDIUM,35.0,VER,Red Bull Racing,Monaco Grand Prix,8,46.318000000000005,21.596499999999995
79.429,37.0,MEDIUM,36.0,VER,Red Bull Racing,Monaco Grand Prix,8,46.318000000000005,21.596499999999995
78.844,38.0,MEDIUM,37.0,VER,Red Bull Racing,Monaco Grand Prix,8,46.318000000000005,21.596499999999995
78.326,39.0,MEDIUM,38.0,VER,Red Bull Racing,Monaco Grand Prix,8,46.318000000000005,21.596499999999995
78.409,40.0,MEDIUM,39.0,VER,Red Bull Racing,Monaco Grand Prix,8,46.318000000000005,21.596499999999995
78.083,41.0,MEDIUM,40.0,VER,Red Bull Racing,Monaco Grand Prix,8,46.318000000000005,21.596499999999995
78.074,42.0,MEDIUM,41.0,VER,Red Bull Racing,Monaco Grand Prix,8,46.318000000000005,21.596499999999995
78.358,43.0,MEDIUM,42.0,VER,Red Bull Racing,Monaco Grand Prix,8,46.318000000000005,21.596499999999995
78.405,44.0,MEDIUM,43.0,VER,Red Bull Racing,Monaco Grand Prix,8,46.318000000000005,21.596499999999995
78.313,45.0,MEDIUM,44.0,VER,Red Bull Racing,Monaco Grand Prix,8,46.318000000000005,21.596499999999995
78.203,46.0,MEDIUM,45.0,VER,Red Bull Racing,Monaco Grand Prix,8,46.318000000000005,21.596499999999995
78.537,47.0,MEDIUM,46.0,VER,Red Bull Racing,Monaco Grand Prix,8,46.318000000000005,21.596499999999995
78.337,48.0,MEDIUM,47.0,VER,Red Bull Racing,Monaco Grand Prix,8,46.318000000000005,21.596499999999995
78.477,49.0,MEDIUM,48.0,VER,Red Bull Racing,Monaco Grand Prix,8,46.318000000000005,21.596499999999995
78.88,50.0,MEDIUM,49.0,VER,Red Bull Racing,Monaco Grand Prix,8,46.318000000000005,21.596499999999995
78.142,51.0,MEDIUM,50.0,VER,Red Bull Racing,Monaco Grand Prix,8,46.318000000000005,21.596499999999995
93.905,52.0,MEDIUM,51.0,VER,Red Bull Racing,Monaco Grand Prix,8,46.318000000000005,21.596499999999995
78.724,53.0,HARD,2.0,VER,Red Bull Racing,Monaco Grand Prix,8,46.318000000000005,21.596499999999995
75.815,54.0,HARD,3.0,VER,Red Bull Racing,Monaco Grand Prix,8,46.318000000000005,21.596499999999995
75.398,55.0,HARD,4.0,VER,Red Bull Racing,Monaco Grand Prix,8,46.318000000000005,21.596499999999995
75.466,56.0,HARD,5.0,VER,Red Bull Racing,Monaco Grand Prix,8,46.318000000000005,21.596499999999995
76.181,57.0,HARD,6.0,VER,Red Bull Racing,Monaco Grand Prix,8,46.318000000000005,21.596499999999995
74.569,58.0,HARD,7.0,VER,Red Bull Racing,Monaco Grand Prix,8,46.318000000000005,21.596499999999995
74.748,59.0,HARD,8.0,VER,Red Bull Racing,Monaco Grand Prix,8,46.318000000000005,21.596499999999995
75.238,60.0,HARD,9.0,VER,Red Bull Racing,Monaco Grand Prix,8,46.318000000000005,21.596499999999995
75.121,61.0,HARD,10.0,VER,Red Bull Racing,Monaco Grand Prix,8,46.318000000000005,21.596499999999995
76.561,62.0,HARD,11.0,VER,Red Bull Racing,Monaco Grand Prix,8,46.318000000000005,21.596499999999995
76.547,63.0,HARD,12.0,VER,Red Bull Racing,Monaco Grand Prix,8,46.318000000000005,21.596499999999995
76.619,64.0,HARD,13.0,VER,Red Bull Racing,Monaco Grand Prix,8,46.318000000000005,21.596499999999995
75.468,65.0,HARD,14.0,VER,Red Bull Racing,Monaco Grand Prix,8,46.318000000000005,21.596499999999995
76.121,66.0,HARD,15.0,VER,Red Bull Racing,Monaco Grand Prix,8,46.318000000000005,21.596499999999995
76.276,67.0,HARD,16.0,VER,Red Bull Racing,Monaco Grand Prix,8,46.318000000000005,21.596499999999995
75.954,68.0,HARD,17.0,VER,Red Bull Racing,Monaco Grand Prix,8,46.318000000000005,21.596499999999995
75.463,69.0,HARD,18.0,VER,Red Bull Racing,Monaco Grand Prix,8,46.318000000000005,21.596499999999995
75.449,70.0,HARD,19.0,VER,Red Bull Racing,Monaco Grand Prix,8,46.318000000000005,21.596499999999995
75.659,71.0,HARD,20.0,VER,Red Bull Racing,Monaco Grand Prix,8,46.318000000000005,21.596499999999995
75.733,72.0,HARD,21.0,VER,Red Bull Racing,Monaco Grand Prix,8,46.318000000000005,21.596499999999995
75.436,73.0,HARD,22.0,VER,Red Bull Racing,Monaco Grand Prix,8,46.318000000000005,21.596499999999995
75.38,74.0,HARD,23.0,VER,Red Bull Racing,Monaco Grand Prix,8,46.318000000000005,21.596499999999995
75.396,75.0,HARD,24.0,VER,Red Bull Racing,Monaco Grand Prix,8,46.318000000000005,21.596499999999995
75.641,76.0,HARD,25.0,VER,Red Bull Racing,Monaco Grand Prix,8,46.318000000000005,21.596499999999995
75.543,77.0,HARD,26.0,VER,Red Bull Racing,Monaco Grand Prix,8,46.318000000000005,21.596499999999995
76.248,78.0,HARD,27.0,VER,Red Bull Racing,Monaco Grand Prix,8,46.318000000000005,21.596499999999995
87.058,3.0,MEDIUM,2.0,HAM,Mercedes,Monaco Grand Prix,8,46.318000000000005,21.596499999999995
83.376,4.0,MEDIUM,3.0,HAM,Mercedes,Monaco Grand Prix,8,46.318000000000005,21.596499999999995
83.64,5.0,MEDIUM,4.0,HAM,Mercedes,Monaco Grand Prix,8,46.318000000000005,21.596499999999995
83.369,6.0,MEDIUM,5.0,HAM,Mercedes,Monaco Grand Prix,8,46.318000000000005,21.596499999999995
81.463,7.0,MEDIUM,6.0,HAM,Mercedes,Monaco Grand Prix,8,46.318000000000005,21.596499999999995
81.612,8.0,MEDIUM,7.0,HAM,Mercedes,Monaco Grand Prix,8,46.318000000000005,21.596499999999995
81.851,9.0,MEDIUM,8.0,HAM,Mercedes,Monaco Grand Prix,8,46.318000000000005,21.596499999999995
81.437,10.0,MEDIUM,9.0,HAM,Mercedes,Monaco Grand Prix,8,46.318000000000005,21.596499999999995
81.325,11.0,MEDIUM,10.0,HAM,Mercedes,Monaco Grand Prix,8,46.318000000000005,21.596499999999995
81.164,12.0,MEDIUM,11.0,HAM,Mercedes,Monaco Grand Prix,8,46.318000000000005,21.596499999999995
80.171,13.0,MEDIUM,12.0,HAM,Mercedes,Monaco Grand Prix,8,46.318000000000005,21.596499999999995
80.126,14.0,MEDIUM,13.0,HAM,Mercedes,Monaco Grand Prix,8,46.318000000000005,21.596499999999995
79.971,15.0,MEDIUM,14.0,HAM,Mercedes,Monaco Grand Prix,8,46.318000000000005,21.596499999999995
80.384,16.0,MEDIUM,15.0,HAM,Mercedes,Monaco Grand Prix,8,46.318000000000005,21.596499999999995
79.738,17.0,MEDIUM,16.0,HAM,Mercedes,Monaco Grand Prix,8,46.318000000000005,21.596499999999995
80.037,18.0,MEDIUM,17.0,HAM,Mercedes,Monaco Grand Prix,8,46.318000000000005,21.596499999999995
79.874,19.0,MEDIUM,18.0,HAM,Mercedes,Monaco Grand Prix,8,46.318000000000005,21.596499999999995
80.504,20.0,MEDIUM,19.0,HAM,Mercedes,Monaco Grand Prix,8,46.318000000000005,21.596499999999995
79.76,21.0,MEDIUM,20.0,HAM,Mercedes,Monaco Grand Prix,8,46.318000000000005,21.596499999999995
80.59,22.0,MEDIUM,21.0,HAM,Mercedes,Monaco Grand Prix,8,46.318000000000005,21.596499999999995
79.089,23.0,MEDIUM,22.0,HAM,Mercedes,Monaco Grand Prix,8,46.318000000000005,21.596499999999995
78.785,24.0,MEDIUM,23.0,HAM,Mercedes,Monaco Grand Prix,8,46.318000000000005,21.596499999999995
79.342,25.0,MEDIUM,24.0,HAM,Mercedes,Monaco Grand Prix,8,46.318000000000005,21.596499999999995
79.862,26.0,MEDIUM,25.0,HAM,Mercedes,Monaco Grand Prix,8,46.318000000000005,21.596499999999995
78.549,27.0,MEDIUM,26.0,HAM,Mercedes,Monaco Grand Prix,8,46.318000000000005,21.596499999999995
78.587,28.0,MEDIUM,27.0,HAM,Mercedes,Monaco Grand Prix,8,46.318000000000005,21.596499999999995
78.94,29.0,MEDIUM,28.0,HAM,Mercedes,Monaco Grand Prix,8,46.318000000000005,21.596499999999995
78.371,30.0,MEDIUM,29.0,HAM,Mercedes,Monaco Grand Prix,8,46.318000000000005,21.596499999999995
78.471,31.0,MEDIUM,30.0,HAM,Mercedes,Monaco Grand Prix,8,46.318000000000005,21.596499999999995
78.618,32.0,MEDIUM,31.0,HAM,Mercedes,Monaco Grand Prix,8,46.318000000000005,21.596499999999995
78.746,33.0,MEDIUM,32.0,HAM,Mercedes,Monaco Grand Prix,8,46.318000000000005,21.596499999999995
78.86,34.0,MEDIUM,33.0,HAM,Mercedes,Monaco Grand Prix,8,46.318000000000005,21.596499999999995
79.518,35.0,MEDIUM,34.0,HAM,Mercedes,Monaco Grand Prix,8,46.318000000000005,21.596499999999995
80.648,36.0,MEDIUM,35.0,HAM,Mercedes,Monaco Grand Prix,8,46.318000000000005,21.596499999999995
78.605,37.0,MEDIUM,36.0,HAM,Mercedes,Monaco Grand Prix,8,46.318000000000005,21.596499999999995
80.514,38.0,MEDIUM,37.0,HAM,Mercedes,Monaco Grand Prix,8,46.318000000000005,21.596499999999995
78.943,39.0,MEDIUM,38.0,HAM,Mercedes,Monaco Grand Prix,8,46.318000000000005,21.596499999999995
78.673,40.0,MEDIUM,39.0,HAM,Mercedes,Monaco Grand Prix,8,46.318000000000005,21.596499999999995
78.946,41.0,MEDIUM,40.0,HAM,Mercedes,Monaco Grand Prix,8,46.318000000000005,21.596499999999995
77.542,42.0,MEDIUM,41.0,HAM,Mercedes,Monaco Grand Prix,8,46.318000000000005,21.596499999999995
77.867,43.0,MEDIUM,42.0,HAM,Mercedes,Monaco Grand Prix,8,46.318000000000005,21.596499999999995
78.225,44.0,MEDIUM,43.0,HAM,Mercedes,Monaco Grand Prix,8,46.318000000000005,21.596499999999995
78.156,45.0,MEDIUM,44.0,HAM,Mercedes,Monaco Grand Prix,8,46.318000000000005,21.596499999999995
78.104,46.0,MEDIUM,45.0,HAM,Mercedes,Monaco Grand Prix,8,46.318000000000005,21.596499999999995
78.331,47.0,MEDIUM,46.0,HAM,Mercedes,Monaco Grand Prix,8,46.318000000000005,21.596499999999995
77.831,48.0,MEDIUM,47.0,HAM,Mercedes,Monaco Grand Prix,8,46.318000000000005,21.596499999999995
77.398,49.0,MEDIUM,48.0,HAM,Mercedes,Monaco Grand Prix,8,46.318000000000005,21.596499999999995
78.461,50.0,MEDIUM,49.0,HAM,Mercedes,Monaco Grand Prix,8,46.318000000000005,21.596499999999995
95.209,51.0,MEDIUM,50.0,HAM,Mercedes,Monaco Grand Prix,8,46.318000000000005,21.596499999999995
79.702,52.0,HARD,2.0,HAM,Mercedes,Monaco Grand Prix,8,46.318000000000005,21.596499999999995
76.458,53.0,HARD,3.0,HAM,Mercedes,Monaco Grand Prix,8,46.318000000000005,21.596499999999995
76.388,54.0,HARD,4.0,HAM,Mercedes,Monaco Grand Prix,8,46.318000000000005,21.596499999999995
76.492,55.0,HARD,5.0,HAM,Mercedes,Monaco Grand Prix,8,46.318000000000005,21.596499999999995
74.423,56.0,HARD,6.0,HAM,Mercedes,Monaco Grand Prix,8,46.318000000000005,21.596499999999995
77.857,57.0,HARD,7.0,HAM,Mercedes,Monaco Grand Prix,8,46.318000000000005,21.596499999999995
76.855,58.0,HARD,8.0,HAM,Mercedes,Monaco Grand Prix,8,46.318000000000005,21.596499999999995
74.204,59.0,HARD,9.0,HAM,Mercedes,Monaco Grand Prix,8,46.318000000000005,21.596499999999995
75.848,60.0,HARD,10.0,HAM,Mercedes,Monaco Grand Prix,8,46.318000000000005,21.596499999999995
75.274,61.0,HARD,11.0,HAM,Mercedes,Monaco Grand Prix,8,46.318000000000005,21.596499999999995
75.414,62.0,HARD,12.0,HAM,Mercedes,Monaco Grand Prix,8,46.318000000000005,21.596499999999995
74.165,63.0,HARD,13.0,HAM,Mercedes,Monaco Grand Prix,8,46.318000000000005,21.596499999999995
76.164,64.0,HARD,14.0,HAM,Mercedes,Monaco Grand Prix,8,46.318000000000005,21.596499999999995
75.19,65.0,HARD,15.0,HAM,Mercedes,Monaco Grand Prix,8,46.318000000000005,21.596499999999995
75.342,66.0,HARD,16.0,HAM,Mercedes,Monaco Grand Prix,8,46.318000000000005,21.596499999999995
76.117,67.0,HARD,17.0,HAM,Mercedes,Monaco Grand Prix,8,46.318000000000005,21.596499999999995
75.836,68.0,HARD,18.0,HAM,Mercedes,Monaco Grand Prix,8,46.318000000000005,21.596499999999995
75.648,69.0,HARD,19.0,HAM,Mercedes,Monaco Grand Prix,8,46.318000000000005,21.596499999999995
75.638,70.0,HARD,20.0,HAM,Mercedes,Monaco Grand Prix,8,46.318000000000005,21.596499999999995
75.643,71.0,HARD,21.0,HAM,Mercedes,Monaco Grand Prix,8,46.318000000000005,21.596499999999995
75.468,72.0,HARD,22.0,HAM,Mercedes,Monaco Grand Prix,8,46.318000000000005,21.596499999999995
75.134,73.0,HARD,23.0,HAM,Mercedes,Monaco Grand Prix,8,46.318000000000005,21.596499999999995
75.324,74.0,HARD,24.0,HAM,Mercedes,Monaco Grand Prix,8,46.318000000000005,21.596499999999995
75.324,75.0,HARD,25.0,HAM,Mercedes,Monaco Grand Prix,8,46.318000000000005,21.596499999999995
75.245,76.0,HARD,26.0,HAM,Mercedes,Monaco Grand Prix,8,46.318000000000005,21.596499999999995
75.697,77.0,HARD,27.0,HAM,Mercedes,Monaco Grand Prix,8,46.318000000000005,21.596499999999995
76.355,78.0,HARD,28.0,HAM,Mercedes,Monaco Grand Prix,8,46.318000000000005,21.596499999999995
87.563,3.0,HARD,3.0,TSU,RB,Monaco Grand Prix,8,46.318000000000005,21.596499999999995
83.327,4.0,HARD,4.0,TSU,RB,Monaco Grand Prix,8,46.318000000000005,21.596499999999995
83.493,5.0,HARD,5.0,TSU,RB,Monaco Grand Prix,8,46.318000000000005,21.596499999999995
83.224,6.0,HARD,6.0,TSU,RB,Monaco Grand Prix,8,46.318000000000005,21.596499999999995
81.826,7.0,HARD,7.0,TSU,RB,Monaco Grand Prix,8,46.318000000000005,21.596499999999995
81.651,8.0,HARD,8.0,TSU,RB,Monaco Grand Prix,8,46.318000000000005,21.596499999999995
81.896,9.0,HARD,9.0,TSU,RB,Monaco Grand Prix,8,46.318000000000005,21.596499999999995
81.591,10.0,HARD,10.0,TSU,RB,Monaco Grand Prix,8,46.318000000000005,21.596499999999995
81.289,11.0,HARD,11.0,TSU,RB,Monaco Grand Prix,8,46.318000000000005,21.596499999999995
81.089,12.0,HARD,12.0,TSU,RB,Monaco Grand Prix,8,46.318000000000005,21.596499999999995
80.682,13.0,HARD,13.0,TSU,RB,Monaco Grand Prix,8,46.318000000000005,21.596499999999995
81.249,14.0,HARD,14.0,TSU,RB,Monaco Grand Prix,8,46.318000000000005,21.596499999999995
80.099,15.0,HARD,15.0,TSU,RB,Monaco Grand Prix,8,46.318000000000005,21.596499999999995
80.847,16.0,HARD,16.0,TSU,RB,Monaco Grand Prix,8,46.318000000000005,21.596499999999995
80.335,17.0,HARD,17.0,TSU,RB,Monaco Grand Prix,8,46.318000000000005,21.596499999999995
80.612,18.0,HARD,18.0,TSU,RB,Monaco Grand Prix,8,46.318000000000005,21.596499999999995
80.77,19.0,HARD,19.0,TSU,RB,Monaco Grand Prix,8,46.318000000000005,21.596499999999995
79.991,20.0,HARD,20.0,TSU,RB,Monaco Grand Prix,8,46.318000000000005,21.596499999999995
80.557,21.0,HARD,21.0,TSU,RB,Monaco Grand Prix,8,46.318000000000005,21.596499999999995
80.875,22.0,HARD,22.0,TSU,RB,Monaco Grand Prix,8,46.318000000000005,21.596499999999995
80.45,23.0,HARD,23.0,TSU,RB,Monaco Grand Prix,8,46.318000000000005,21.596499999999995
80.386,24.0,HARD,24.0,TSU,RB,Monaco Grand Prix,8,46.318000000000005,21.596499999999995
80.329,25.0,HARD,25.0,TSU,RB,Monaco Grand Prix,8,46.318000000000005,21.596499999999995
80.448,26.0,HARD,26.0,TSU,RB,Monaco Grand Prix,8,46.318000000000005,21.596499999999995
80.286,27.0,HARD,27.0,TSU,RB,Monaco Grand Prix,8,46.318000000000005,21.596499999999995
80.184,28.0,HARD,28.0,TSU,RB,Monaco Grand Prix,8,46.318000000000005,21.596499999999995
79.837,29.0,HARD,29.0,TSU,RB,Monaco Grand Prix,8,46.318000000000005,21.596499999999995
80.495,30.0,HARD,30.0,TSU,RB,Monaco Grand Prix,8,46.318000000000005,21.596499999999995
80.19,31.0,HARD,31.0,TSU,RB,Monaco Grand Prix,8,46.318000000000005,21.596499999999995
81.023,32.0,HARD,32.0,TSU,RB,Monaco Grand Prix,8,46.318000000000005,21.596499999999995
80.749,33.0,HARD,33.0,TSU,RB,Monaco Grand Prix,8,46.318000000000005,21.596499999999995
79.153,34.0,HARD,34.0,TSU,RB,Monaco Grand Prix,8,46.318000000000005,21.596499999999995
78.973,35.0,HARD,35.0,TSU,RB,Monaco Grand Prix,8,46.318000000000005,21.596499999999995
79.472,36.0,HARD,36.0,TSU,RB,Monaco Grand Prix,8,46.318000000000005,21.596499999999995
80.071,37.0,HARD,37.0,TSU,RB,Monaco Grand Prix,8,46.318000000000005,21.596499999999995
80.117,38.0,HARD,38.0,TSU,RB,Monaco Grand Prix,8,46.318000000000005,21.596499999999995
79.855,39.0,HARD,39.0,TSU,RB,Monaco Grand Prix,8,46.318000000000005,21.596499999999995
79.745,40.0,HARD,40.0,TSU,RB,Monaco Grand Prix,8,46.318000000000005,21.596499999999995
80.772,41.0,HARD,41.0,TSU,RB,Monaco Grand Prix,8,46.318000000000005,21.596499999999995
80.32,42.0,HARD,42.0,TSU,RB,Monaco Grand Prix,8,46.318000000000005,21.596499999999995
80.135,43.0,HARD,43.0,TSU,RB,Monaco Grand Prix,8,46.318000000000005,21.596499999999995
80.394,44.0,HARD,44.0,TSU,RB,Monaco Grand Prix,8,46.318000000000005,21.596499999999995
80.144,45.0,HARD,45.0,TSU,RB,Monaco Grand Prix,8,46.318000000000005,21.596499999999995
80.294,46.0,HARD,46.0,TSU,RB,Monaco Grand Prix,8,46.318000000000005,21.596499999999995
80.426,47.0,HARD,47.0,TSU,RB,Monaco Grand Prix,8,46.318000000000005,21.596499999999995
80.543,48.0,HARD,48.0,TSU,RB,Monaco Grand Prix,8,46.318000000000005,21.596499999999995
80.109,49.0,HARD,49.0,TSU,RB,Monaco Grand Prix,8,46.318000000000005,21.596499999999995
79.553,50.0,HARD,50.0,TSU,RB,Monaco Grand Prix,8,46.318000000000005,21.596499999999995
78.64,51.0,HARD,51.0,TSU,RB,Monaco Grand Prix,8,46.318000000000005,21.596499999999995
80.114,52.0,HARD,52.0,TSU,RB,Monaco Grand Prix,8,46.318000000000005,21.596499999999995
79.854,53.0,HARD,53.0,TSU,RB,Monaco Grand Prix,8,46.318000000000005,21.596499999999995
85.77,54.0,HARD,54.0,TSU,RB,Monaco Grand Prix,8,46.318000000000005,21.596499999999995
79.781,55.0,HARD,55.0,TSU,RB,Monaco Grand Prix,8,46.318000000000005,21.596499999999995
78.502,56.0,HARD,56.0,TSU,RB,Monaco Grand Prix,8,46.318000000000005,21.596499999999995
78.499,57.0,HARD,57.0,TSU,RB,Monaco Grand Prix,8,46.318000000000005,21.596499999999995
78.737,58.0,HARD,58.0,TSU,RB,Monaco Grand Prix,8,46.318000000000005,21.596499999999995
78.035,59.0,HARD,59.0,TSU,RB,Monaco Grand Prix,8,46.318000000000005,21.596499999999995
79.659,60.0,HARD,60.0,TSU,RB,Monaco Grand Prix,8,46.318000000000005,21.596499999999995
80.298,61.0,HARD,61.0,TSU,RB,Monaco Grand Prix,8,46.318000000000005,21.596499999999995
79.375,62.0,HARD,62.0,TSU,RB,Monaco Grand Prix,8,46.318000000000005,21.596499999999995
83.218,63.0,HARD,63.0,TSU,RB,Monaco Grand Prix,8,46.318000000000005,21.596499999999995
77.631,64.0,HARD,64.0,TSU,RB,Monaco Grand Prix,8,46.318000000000005,21.596499999999995
77.019,65.0,HARD,65.0,TSU,RB,Monaco Grand Prix,8,46.318000000000005,21.596499999999995
78.197,66.0,HARD,66.0,TSU,RB,Monaco Grand Prix,8,46.318000000000005,21.596499999999995
78.148,67.0,HARD,67.0,TSU,RB,Monaco Grand Prix,8,46.318000000000005,21.596499999999995
78.209,68.0,HARD,68.0,TSU,RB,Monaco Grand Prix,8,46.318000000000005,21.596499999999995
80.032,69.0,HARD,69.0,TSU,RB,Monaco Grand Prix,8,46.318000000000005,21.596499999999995
79.347,70.0,HARD,70.0,TSU,RB,Monaco Grand Prix,8,46.318000000000005,21.596499999999995
78.258,71.0,HARD,71.0,TSU,RB,Monaco Grand Prix,8,46.318000000000005,21.596499999999995
77.079,72.0,HARD,72.0,TSU,RB,Monaco Grand Prix,8,46.318000000000005,21.596499999999995
75.955,73.0,HARD,73.0,TSU,RB,Monaco Grand Prix,8,46.318000000000005,21.596499999999995
75.462,74.0,HARD,74.0,TSU,RB,Monaco Grand Prix,8,46.318000000000005,21.596499999999995
74.992,75.0,HARD,75.0,TSU,RB,Monaco Grand Prix,8,46.318000000000005,21.596499999999995
75.205,76.0,HARD,76.0,TSU,RB,Monaco Grand Prix,8,46.318000000000005,21.596499999999995
74.72,77.0,HARD,77.0,TSU,RB,Monaco Grand Prix,8,46.318000000000005,21.596499999999995
87.834,3.0,HARD,2.0,ALB,Williams,Monaco Grand Prix,8,46.318000000000005,21.596499999999995
83.286,4.0,HARD,3.0,ALB,Williams,Monaco Grand Prix,8,46.318000000000005,21.596499999999995
83.369,5.0,HARD,4.0,ALB,Williams,Monaco Grand Prix,8,46.318000000000005,21.596499999999995
83.416,6.0,HARD,5.0,ALB,Williams,Monaco Grand Prix,8,46.318000000000005,21.596499999999995
81.913,7.0,HARD,6.0,ALB,Williams,Monaco Grand Prix,8,46.318000000000005,21.596499999999995
81.536,8.0,HARD,7.0,ALB,Williams,Monaco Grand Prix,8,46.318000000000005,21.596499999999995
82.004,9.0,HARD,8.0,ALB,Williams,Monaco Grand Prix,8,46.318000000000005,21.596499999999995
81.562,10.0,HARD,9.0,ALB,Williams,Monaco Grand Prix,8,46.318000000000005,21.596499999999995
81.514,11.0,HARD,10.0,ALB,Williams,Monaco Grand Prix,8,46.318000000000005,21.596499999999995
80.821,12.0,HARD,11.0,ALB,Williams,Monaco Grand Prix,8,46.318000000000005,21.596499999999995
81.42,13.0,HARD,12.0,ALB,Williams,Monaco Grand Prix,8,46.318000000000005,21.596499999999995
80.591,14.0,HARD,13.0,ALB,Williams,Monaco Grand Prix,8,46.318000000000005,21.596499999999995
80.591,15.0,HARD,14.0,ALB,Williams,Monaco Grand Prix,8,46.318000000000005,21.596499999999995
80.793,16.0,HARD,15.0,ALB,Williams,Monaco Grand Prix,8,46.318000000000005,21.596499999999995
81.137,17.0,HARD,16.0,ALB,Williams,Monaco Grand Prix,8,46.318000000000005,21.596499999999995
80.042,18.0,HARD,17.0,ALB,Williams,Monaco Grand Prix,8,46.318000000000005,21.596499999999995
80.245,19.0,HARD,18.0,ALB,Williams,Monaco Grand Prix,8,46.318000000000005,21.596499999999995
80.36,20.0,HARD,19.0,ALB,Williams,Monaco Grand Prix,8,46.318000000000005,21.596499999999995
80.937,21.0,HARD,20.0,ALB,Williams,Monaco Grand Prix,8,46.318000000000005,21.596499999999995
80.542,22.0,HARD,21.0,ALB,Williams,Monaco Grand Prix,8,46.318000000000005,21.596499999999995
80.143,23.0,HARD,22.0,ALB,Williams,Monaco Grand Prix,8,46.318000000000005,21.596499999999995
80.517,24.0,HARD,23.0,ALB,Williams,Monaco Grand Prix,8,46.318000000000005,21.596499999999995
80.323,25.0,HARD,24.0,ALB,Williams,Monaco Grand Prix,8,46.318000000000005,21.596499999999995
80.463,26.0,HARD,25.0,ALB,Williams,Monaco Grand Prix,8,46.318000000000005,21.596499999999995
80.509,27.0,HARD,26.0,ALB,Williams,Monaco Grand Prix,8,46.318000000000005,21.596499999999995
79.51,28.0,HARD,27.0,ALB,Williams,Monaco Grand Prix,8,46.318000000000005,21.596499999999995
80.271,29.0,HARD,28.0,ALB,Williams,Monaco Grand Prix,8,46.318000000000005,21.596499999999995
81.439,30.0,HARD,29.0,ALB,Williams,Monaco Grand Prix,8,46.318000000000005,21.596499999999995
80.941,31.0,HARD,30.0,ALB,Williams,Monaco Grand Prix,8,46.318000000000005,21.596499999999995
80.148,32.0,HARD,31.0,ALB,Williams,Monaco Grand Prix,8,46.318000000000005,21.596499999999995
79.491,33.0,HARD,32.0,ALB,Williams,Monaco Grand Prix,8,46.318000000000005,21.596499999999995
79.134,34.0,HARD,33.0,ALB,Williams,Monaco Grand Prix,8,46.318000000000005,21.596499999999995
78.816,35.0,HARD,34.0,ALB,Williams,Monaco Grand Prix,8,46.318000000000005,21.596499999999995
81.628,36.0,HARD,35.0,ALB,Williams,Monaco Grand Prix,8,46.318000000000005,21.596499999999995
80.775,37.0,HARD,36.0,ALB,Williams,Monaco Grand Prix,8,46.318000000000005,21.596499999999995
80.314,38.0,HARD,37.0,ALB,Williams,Monaco Grand Prix,8,46.318000000000005,21.596499999999995
80.389,39.0,HARD,38.0,ALB,Williams,Monaco Grand Prix,8,46.318000000000005,21.596499999999995
79.812,40.0,HARD,39.0,ALB,Williams,Monaco Grand Prix,8,46.318000000000005,21.596499999999995
79.329,41.0,HARD,40.0,ALB,Williams,Monaco Grand Prix,8,46.318000000000005,21.596499999999995
80.084,42.0,HARD,41.0,ALB,Williams,Monaco Grand Prix,8,46.318000000000005,21.596499999999995
79.496,43.0,HARD,42.0,ALB,Williams,Monaco Grand Prix,8,46.318000000000005,21.596499999999995
79.683,44.0,HARD,43.0,ALB,Williams,Monaco Grand Prix,8,46.318000000000005,21.596499999999995
81.748,45.0,HARD,44.0,ALB,Williams,Monaco Grand Prix,8,46.318000000000005,21.596499999999995
80.594,46.0,HARD,45.0,ALB,Williams,Monaco Grand Prix,8,46.318000000000005,21.596499999999995
80.462,47.0,HARD,46.0,ALB,Williams,Monaco Grand Prix,8,46.318000000000005,21.596499999999995
79.321,48.0,HARD,47.0,ALB,Williams,Monaco Grand Prix,8,46.318000000000005,21.596499999999995
79.378,49.0,HARD,48.0,ALB,Williams,Monaco Grand Prix,8,46.318000000000005,21.596499999999995
79.268,50.0,HARD,49.0,ALB,Williams,Monaco Grand Prix,8,46.318000000000005,21.596499999999995
78.863,51.0,HARD,50.0,ALB,Williams,Monaco Grand Prix,8,46.318000000000005,21.596499999999995
81.554,52.0,HARD,51.0,ALB,Williams,Monaco Grand Prix,8,46.318000000000005,21.596499999999995
80.7,53.0,HARD,52.0,ALB,Williams,Monaco Grand Prix,8,46.318000000000005,21.596499999999995
83.647,54.0,HARD,53.0,ALB,Williams,Monaco Grand Prix,8,46.318000000000005,21.596499999999995
79.085,55.0,HARD,54.0,ALB,Williams,Monaco Grand Prix,8,46.318000000000005,21.596499999999995
78.796,56.0,HARD,55.0,ALB,Williams,Monaco Grand Prix,8,46.318000000000005,21.596499999999995
78.271,57.0,HARD,56.0,ALB,Williams,Monaco Grand Prix,8,46.318000000000005,21.596499999999995
78.69,58.0,HARD,57.0,ALB,Williams,Monaco Grand Prix,8,46.318000000000005,21.596499999999995
78.201,59.0,HARD,58.0,ALB,Williams,Monaco Grand Prix,8,46.318000000000005,21.596499999999995
79.533,60.0,HARD,59.0,ALB,Williams,Monaco Grand Prix,8,46.318000000000005,21.596499999999995
80.222,61.0,HARD,60.0,ALB,Williams,Monaco Grand Prix,8,46.318000000000005,21.596499999999995
79.506,62.0,HARD,61.0,ALB,Williams,Monaco Grand Prix,8,46.318000000000005,21.596499999999995
83.085,63.0,HARD,62.0,ALB,Williams,Monaco Grand Prix,8,46.318000000000005,21.596499999999995
77.911,64.0,HARD,63.0,ALB,Williams,Monaco Grand Prix,8,46.318000000000005,21.596499999999995
77.261,65.0,HARD,64.0,ALB,Williams,Monaco Grand Prix,8,46.318000000000005,21.596499999999995
78.003,66.0,HARD,65.0,ALB,Williams,Monaco Grand Prix,8,46.318000000000005,21.596499999999995
77.874,67.0,HARD,66.0,ALB,Williams,Monaco Grand Prix,8,46.318000000000005,21.596499999999995
78.385,68.0,HARD,67.0,ALB,Williams,Monaco Grand Prix,8,46.318000000000005,21.596499999999995
79.921,69.0,HARD,68.0,ALB,Williams,Monaco Grand Prix,8,46.318000000000005,21.596499999999995
79.37,70.0,HARD,69.0,ALB,Williams,Monaco Grand Prix,8,46.318000000000005,21.596499999999995
78.957,71.0,HARD,70.0,ALB,Williams,Monaco Grand Prix,8,46.318000000000005,21.596499999999995
78.165,72.0,HARD,71.0,ALB,Williams,Monaco Grand Prix,8,46.318000000000005,21.596499999999995
78.432,73.0,HARD,72.0,ALB,Williams,Monaco Grand Prix,8,46.318000000000005,21.596499999999995
78.014,74.0,HARD,73.0,ALB,Williams,Monaco Grand Prix,8,46.318000000000005,21.596499999999995
77.85,75.0,HARD,74.0,ALB,Williams,Monaco Grand Prix,8,46.318000000000005,21.596499999999995
77.279,76.0,HARD,75.0,ALB,Williams,Monaco Grand Prix,8,46.318000000000005,21.596499999999995
77.06,77.0,HARD,76.0,ALB,Williams,Monaco Grand Prix,8,46.318000000000005,21.596499999999995
88.269,3.0,MEDIUM,2.0,GAS,Alpine,Monaco Grand Prix,8,46.318000000000005,21.596499999999995
83.269,4.0,MEDIUM,3.0,GAS,Alpine,Monaco Grand Prix,8,46.318000000000005,21.596499999999995
83.428,5.0,MEDIUM,4.0,GAS,Alpine,Monaco Grand Prix,8,46.318000000000005,21.596499999999995
83.106,6.0,MEDIUM,5.0,GAS,Alpine,Monaco Grand Prix,8,46.318000000000005,21.596499999999995
82.233,7.0,MEDIUM,6.0,GAS,Alpine,Monaco Grand Prix,8,46.318000000000005,21.596499999999995
81.6,8.0,MEDIUM,7.0,GAS,Alpine,Monaco Grand Prix,8,46.318000000000005,21.596499999999995
82.071,9.0,MEDIUM,8.0,GAS,Alpine,Monaco Grand Prix,8,46.318000000000005,21.596499999999995
81.394,10.0,MEDIUM,9.0,GAS,Alpine,Monaco Grand Prix,8,46.318000000000005,21.596499999999995
81.298,11.0,MEDIUM,10.0,GAS,Alpine,Monaco Grand Prix,8,46.318000000000005,21.596499999999995
81.289,12.0,MEDIUM,11.0,GAS,Alpine,Monaco Grand Prix,8,46.318000000000005,21.596499999999995
81.53,13.0,MEDIUM,12.0,GAS,Alpine,Monaco Grand Prix,8,46.318000000000005,21.596499999999995
79.92,14.0,MEDIUM,13.0,GAS,Alpine,Monaco Grand Prix,8,46.318000000000005,21.596499999999995
81.066,15.0,MEDIUM,14.0,GAS,Alpine,Monaco Grand Prix,8,46.318000000000005,21.596499999999995
81.054,16.0,MEDIUM,15.0,GAS,Alpine,Monaco Grand Prix,8,46.318000000000005,21.596499999999995
81.961,17.0,MEDIUM,16.0,GAS,Alpine,Monaco Grand Prix,8,46.318000000000005,21.596499999999995
80.797,18.0,MEDIUM,17.0,GAS,Alpine,Monaco Grand Prix,8,46.318000000000005,21.596499999999995
79.904,19.0,MEDIUM,18.0,GAS,Alpine,Monaco Grand Prix,8,46.318000000000005,21.596499999999995
80.255,20.0,MEDIUM,19.0,GAS,Alpine,Monaco Grand Prix,8,46.318000000000005,21.596499999999995
79.876,21.0,MEDIUM,20.0,GAS,Alpine,Monaco Grand Prix,8,46.318000000000005,21.596499999999995
80.554,22.0,MEDIUM,21.0,GAS,Alpine,Monaco Grand Prix,8,46.318000000000005,21.596499999999995
81.306,23.0,MEDIUM,22.0,GAS,Alpine,Monaco Grand Prix,8,46.318000000000005,21.596499999999995
80.949,24.0,MEDIUM,23.0,GAS,Alpine,Monaco Grand Prix,8,46.318000000000005,21.596499999999995
80.372,25.0,MEDIUM,24.0,GAS,Alpine,Monaco Grand Prix,8,46.318000000000005,21.596499999999995
80.593,26.0,MEDIUM,25.0,GAS,Alpine,Monaco Grand Prix,8,46.318000000000005,21.596499999999995
80.521,27.0,MEDIUM,26.0,GAS,Alpine,Monaco Grand Prix,8,46.318000000000005,21.596499999999995
80.229,28.0,MEDIUM,27.0,GAS,Alpine,Monaco Grand Prix,8,46.318000000000005,21.596499999999995
79.376,29.0,MEDIUM,28.0,GAS,Alpine,Monaco Grand Prix,8,46.318000000000005,21.596499999999995
81.764,30.0,MEDIUM,29.0,GAS,Alpine,Monaco Grand Prix,8,46.318000000000005,21.596499999999995
81.427,31.0,MEDIUM,30.0,GAS,Alpine,Monaco Grand Prix,8,46.318000000000005,21.596499999999995
81.121,32.0,MEDIUM,31.0,GAS,Alpine,Monaco Grand Prix,8,46.318000000000005,21.596499999999995
80.965,33.0,MEDIUM,32.0,GAS,Alpine,Monaco Grand Prix,8,46.318000000000005,21.596499999999995
80.751,34.0,MEDIUM,33.0,GAS,Alpine,Monaco Grand Prix,8,46.318000000000005,21.596499999999995
79.361,35.0,MEDIUM,34.0,GAS,Alpine,Monaco Grand Prix,8,46.318000000000005,21.596499999999995
79.576,36.0,MEDIUM,35.0,GAS,Alpine,Monaco Grand Prix,8,46.318000000000005,21.596499999999995
79.975,37.0,MEDIUM,36.0,GAS,Alpine,Monaco Grand Prix,8,46.318000000000005,21.596499999999995
79.428,38.0,MEDIUM,37.0,GAS,Alpine,Monaco Grand Prix,8,46.318000000000005,21.596499999999995
80.32,39.0,MEDIUM,38.0,GAS,Alpine,Monaco Grand Prix,8,46.318000000000005,21.596499999999995
80.384,40.0,MEDIUM,39.0,GAS,Alpine,Monaco Grand Prix,8,46.318000000000005,21.596499999999995
80.2,41.0,MEDIUM,40.0,GAS,Alpine,Monaco Grand Prix,8,46.318000000000005,21.596499999999995
79.977,42.0,MEDIUM,41.0,GAS,Alpine,Monaco Grand Prix,8,46.318000000000005,21.596499999999995
81.048,43.0,MEDIUM,42.0,GAS,Alpine,Monaco Grand Prix,8,46.318000000000005,21.596499999999995
80.621,44.0,MEDIUM,43.0,GAS,Alpine,Monaco Grand Prix,8,46.318000000000005,21.596499999999995
79.382,45.0,MEDIUM,44.0,GAS,Alpine,Monaco Grand Prix,8,46.318000000000005,21.596499999999995
79.97,46.0,MEDIUM,45.0,GAS,Alpine,Monaco Grand Prix,8,46.318000000000005,21.596499999999995
79.435,47.0,MEDIUM,46.0,GAS,Alpine,Monaco Grand Prix,8,46.318000000000005,21.596499999999995
79.865,48.0,MEDIUM,47.0,GAS,Alpine,Monaco Grand Prix,8,46.318000000000005,21.596499999999995
80.534,49.0,MEDIUM,48.0,GAS,Alpine,Monaco Grand Prix,8,46.318000000000005,21.596499999999995
81.023,50.0,MEDIUM,49.0,GAS,Alpine,Monaco Grand Prix,8,46.318000000000005,21.596499999999995
84.473,51.0,MEDIUM,50.0,GAS,Alpine,Monaco Grand Prix,8,46.318000000000005,21.596499999999995
79.743,52.0,MEDIUM,51.0,GAS,Alpine,Monaco Grand Prix,8,46.318000000000005,21.596499999999995
79.917,53.0,MEDIUM,52.0,GAS,Alpine,Monaco Grand Prix,8,46.318000000000005,21.596499999999995
79.091,54.0,MEDIUM,53.0,GAS,Alpine,Monaco Grand Prix,8,46.318000000000005,21.596499999999995
79.407,55.0,MEDIUM,54.0,GAS,Alpine,Monaco Grand Prix,8,46.318000000000005,21.596499999999995
79.704,56.0,MEDIUM,55.0,GAS,Alpine,Monaco Grand Prix,8,46.318000000000005,21.596499999999995
79.448,57.0,MEDIUM,56.0,GAS,Alpine,Monaco Grand Prix,8,46.318000000000005,21.596499999999995
79.097,58.0,MEDIUM,57.0,GAS,Alpine,Monaco Grand Prix,8,46.318000000000005,21.596499999999995
81.378,59.0,MEDIUM,58.0,GAS,Alpine,Monaco Grand Prix,8,46.318000000000005,21.596499999999995
80.237,60.0,MEDIUM,59.0,GAS,Alpine,Monaco Grand Prix,8,46.318000000000005,21.596499999999995
80.407,61.0,MEDIUM,60.0,GAS,Alpine,Monaco Grand Prix,8,46.318000000000005,21.596499999999995
78.469,62.0,MEDIUM,61.0,GAS,Alpine,Monaco Grand Prix,8,46.318000000000005,21.596499999999995
79.155,63.0,MEDIUM,62.0,GAS,Alpine,Monaco Grand Prix,8,46.318000000000005,21.596499999999995
78.868,64.0,MEDIUM,63.0,GAS,Alpine,Monaco Grand Prix,8,46.318000000000005,21.596499999999995
79.22,65.0,MEDIUM,64.0,GAS,Alpine,Monaco Grand Prix,8,46.318000000000005,21.596499999999995
78.726,66.0,MEDIUM,65.0,GAS,Alpine,Monaco Grand Prix,8,46.318000000000005,21.596499999999995
78.624,67.0,MEDIUM,66.0,GAS,Alpine,Monaco Grand Prix,8,46.318000000000005,21.596499999999995
78.545,68.0,MEDIUM,67.0,GAS,Alpine,Monaco Grand Prix,8,46.318000000000005,21.596499999999995
78.363,69.0,MEDIUM,68.0,GAS,Alpine,Monaco Grand Prix,8,46.318000000000005,21.596499999999995
77.799,70.0,MEDIUM,69.0,GAS,Alpine,Monaco Grand Prix,8,46.318000000000005,21.596499999999995
78.14,71.0,MEDIUM,70.0,GAS,Alpine,Monaco Grand Prix,8,46.318000000000005,21.596499999999995
78.382,72.0,MEDIUM,71.0,GAS,Alpine,Monaco Grand Prix,8,46.318000000000005,21.596499999999995
77.992,73.0,MEDIUM,72.0,GAS,Alpine,Monaco Grand Prix,8,46.318000000000005,21.596499999999995
76.689,74.0,MEDIUM,73.0,GAS,Alpine,Monaco Grand Prix,8,46.318000000000005,21.596499999999995
78.12,75.0,MEDIUM,74.0,GAS,Alpine,Monaco Grand Prix,8,46.318000000000005,21.596499999999995
77.516,76.0,MEDIUM,75.0,GAS,Alpine,Monaco Grand Prix,8,46.318000000000005,21.596499999999995
75.625,77.0,MEDIUM,76.0,GAS,Alpine,Monaco Grand Prix,8,46.318000000000005,21.596499999999995
89.188,3.0,MEDIUM,3.0,ALO,Aston Martin,Monaco Grand Prix,8,46.318000000000005,21.596499999999995
83.736,4.0,MEDIUM,4.0,ALO,Aston Martin,Monaco Grand Prix,8,46.318000000000005,21.596499999999995
83.575,5.0,MEDIUM,5.0,ALO,Aston Martin,Monaco Grand Prix,8,46.318000000000005,21.596499999999995
82.711,6.0,MEDIUM,6.0,ALO,Aston Martin,Monaco Grand Prix,8,46.318000000000005,21.596499999999995
82.866,7.0,MEDIUM,7.0,ALO,Aston Martin,Monaco Grand Prix,8,46.318000000000005,21.596499999999995
82.284,8.0,MEDIUM,8.0,ALO,Aston Martin,Monaco Grand Prix,8,46.318000000000005,21.596499999999995
81.65,9.0,MEDIUM,9.0,ALO,Aston Martin,Monaco Grand Prix,8,46.318000000000005,21.596499999999995
81.864,10.0,MEDIUM,10.0,ALO,Aston Martin,Monaco Grand Prix,8,46.318000000000005,21.596499999999995
81.418,11.0,MEDIUM,11.0,ALO,Aston Martin,Monaco Grand Prix,8,46.318000000000005,21.596499999999995
81.366,12.0,MEDIUM,12.0,ALO,Aston Martin,Monaco Grand Prix,8,46.318000000000005,21.596499999999995
81.428,13.0,MEDIUM,13.0,ALO,Aston Martin,Monaco Grand Prix,8,46.318000000000005,21.596499999999995
81.392,14.0,MEDIUM,14.0,ALO,Aston Martin,Monaco Grand Prix,8,46.318000000000005,21.596499999999995
81.061,15.0,MEDIUM,15.0,ALO,Aston Martin,Monaco Grand Prix,8,46.318000000000005,21.596499999999995
81.318,16.0,MEDIUM,16.0,ALO,Aston Martin,Monaco Grand Prix,8,46.318000000000005,21.596499999999995
80.799,17.0,MEDIUM,17.0,ALO,Aston Martin,Monaco Grand Prix,8,46.318000000000005,21.596499999999995
81.075,18.0,MEDIUM,18.0,ALO,Aston Martin,Monaco Grand Prix,8,46.318000000000005,21.596499999999995
80.605,19.0,MEDIUM,19.0,ALO,Aston Martin,Monaco Grand Prix,8,46.318000000000005,21.596499999999995
81.11,20.0,MEDIUM,20.0,ALO,Aston Martin,Monaco Grand Prix,8,46.318000000000005,21.596499999999995
80.317,21.0,MEDIUM,21.0,ALO,Aston Martin,Monaco Grand Prix,8,46.318000000000005,21.596499999999995
81.037,22.0,MEDIUM,22.0,ALO,Aston Martin,Monaco Grand Prix,8,46.318000000000005,21.596499999999995
80.246,23.0,MEDIUM,23.0,ALO,Aston Martin,Monaco Grand Prix,8,46.318000000000005,21.596499999999995
81.413,24.0,MEDIUM,24.0,ALO,Aston Martin,Monaco Grand Prix,8,46.318000000000005,21.596499999999995
81.091,25.0,MEDIUM,25.0,ALO,Aston Martin,Monaco Grand Prix,8,46.318000000000005,21.596499999999995
80.858,26.0,MEDIUM,26.0,ALO,Aston Martin,Monaco Grand Prix,8,46.318000000000005,21.596499999999995
81.303,27.0,MEDIUM,27.0,ALO,Aston Martin,Monaco Grand Prix,8,46.318000000000005,21.596499999999995
81.544,28.0,MEDIUM,28.0,ALO,Aston Martin,Monaco Grand Prix,8,46.318000000000005,21.596499999999995
81.205,29.0,MEDIUM,29.0,ALO,Aston Martin,Monaco Grand Prix,8,46.318000000000005,21.596499999999995
81.034,30.0,MEDIUM,30.0,ALO,Aston Martin,Monaco Grand Prix,8,46.318000000000005,21.596499999999995
80.642,31.0,MEDIUM,31.0,ALO,Aston Martin,Monaco Grand Prix,8,46.318000000000005,21.596499999999995
81.01,32.0,MEDIUM,32.0,ALO,Aston Martin,Monaco Grand Prix,8,46.318000000000005,21.596499999999995
80.35,33.0,MEDIUM,33.0,ALO,Aston Martin,Monaco Grand Prix,8,46.318000000000005,21.596499999999995
80.877,34.0,MEDIUM,34.0,ALO,Aston Martin,Monaco Grand Prix,8,46.318000000000005,21.596499999999995
80.432,35.0,MEDIUM,35.0,ALO,Aston Martin,Monaco Grand Prix,8,46.318000000000005,21.596499999999995
81.128,36.0,MEDIUM,36.0,ALO,Aston Martin,Monaco Grand Prix,8,46.318000000000005,21.596499999999995
81.512,37.0,MEDIUM,37.0,ALO,Aston Martin,Monaco Grand Prix,8,46.318000000000005,21.596499999999995
81.082,38.0,MEDIUM,38.0,ALO,Aston Martin,Monaco Grand Prix,8,46.318000000000005,21.596499999999995
81.265,39.0,MEDIUM,39.0,ALO,Aston Martin,Monaco Grand Prix,8,46.318000000000005,21.596499999999995
80.755,40.0,MEDIUM,40.0,ALO,Aston Martin,Monaco Grand Prix,8,46.318000000000005,21.596499999999995
83.446,41.0,MEDIUM,41.0,ALO,Aston Martin,Monaco Grand Prix,8,46.318000000000005,21.596499999999995
83.332,42.0,MEDIUM,42.0,ALO,Aston Martin,Monaco Grand Prix,8,46.318000000000005,21.596499999999995
80.286,43.0,MEDIUM,43.0,ALO,Aston Martin,Monaco Grand Prix,8,46.318000000000005,21.596499999999995
78.852,44.0,MEDIUM,44.0,ALO,Aston Martin,Monaco Grand Prix,8,46.318000000000005,21.596499999999995
79.956,45.0,MEDIUM,45.0,ALO,Aston Martin,Monaco Grand Prix,8,46.318000000000005,21.596499999999995
78.928,46.0,MEDIUM,46.0,ALO,Aston Martin,Monaco Grand Prix,8,46.318000000000005,21.596499999999995
79.109,47.0,MEDIUM,47.0,ALO,Aston Martin,Monaco Grand Prix,8,46.318000000000005,21.596499999999995
80.315,48.0,MEDIUM,48.0,ALO,Aston Martin,Monaco Grand Prix,8,46.318000000000005,21.596499999999995
79.837,49.0,MEDIUM,49.0,ALO,Aston Martin,Monaco Grand Prix,8,46.318000000000005,21.596499999999995
79.334,50.0,MEDIUM,50.0,ALO,Aston Martin,Monaco Grand Prix,8,46.318000000000005,21.596499999999995
80.636,51.0,MEDIUM,51.0,ALO,Aston Martin,Monaco Grand Prix,8,46.318000000000005,21.596499999999995
83.377,52.0,MEDIUM,52.0,ALO,Aston Martin,Monaco Grand Prix,8,46.318000000000005,21.596499999999995
79.992,53.0,MEDIUM,53.0,ALO,Aston Martin,Monaco Grand Prix,8,46.318000000000005,21.596499999999995
79.191,54.0,MEDIUM,54.0,ALO,Aston Martin,Monaco Grand Prix,8,46.318000000000005,21.596499999999995
79.411,55.0,MEDIUM,55.0,ALO,Aston Martin,Monaco Grand Prix,8,46.318000000000005,21.596499999999995
80.739,56.0,MEDIUM,56.0,ALO,Aston Martin,Monaco Grand Prix,8,46.318000000000005,21.596499999999995
80.6,57.0,MEDIUM,57.0,ALO,Aston Martin,Monaco Grand Prix,8,46.318000000000005,21.596499999999995
79.229,58.0,MEDIUM,58.0,ALO,Aston Martin,Monaco Grand Prix,8,46.318000000000005,21.596499999999995
79.219,59.0,MEDIUM,59.0,ALO,Aston Martin,Monaco Grand Prix,8,46.318000000000005,21.596499999999995
79.166,60.0,MEDIUM,60.0,ALO,Aston Martin,Monaco Grand Prix,8,46.318000000000005,21.596499999999995
78.752,61.0,MEDIUM,61.0,ALO,Aston Martin,Monaco Grand Prix,8,46.318000000000005,21.596499999999995
78.816,62.0,MEDIUM,62.0,ALO,Aston Martin,Monaco Grand Prix,8,46.318000000000005,21.596499999999995
78.556,63.0,MEDIUM,63.0,ALO,Aston Martin,Monaco Grand Prix,8,46.318000000000005,21.596499999999995
78.736,64.0,MEDIUM,64.0,ALO,Aston Martin,Monaco Grand Prix,8,46.318000000000005,21.596499999999995
78.633,65.0,MEDIUM,65.0,ALO,Aston Martin,Monaco Grand Prix,8,46.318000000000005,21.596499999999995
78.637,66.0,MEDIUM,66.0,ALO,Aston Martin,Monaco Grand Prix,8,46.318000000000005,21.596499999999995
78.126,67.0,MEDIUM,67.0,ALO,Aston Martin,Monaco Grand Prix,8,46.318000000000005,21.596499999999995
77.939,68.0,MEDIUM,68.0,ALO,Aston Martin,Monaco Grand Prix,8,46.318000000000005,21.596499999999995
78.713,69.0,MEDIUM,69.0,ALO,Aston Martin,Monaco Grand Prix,8,46.318000000000005,21.596499999999995
78.473,70.0,MEDIUM,70.0,ALO,Aston Martin,Monaco Grand Prix,8,46.318000000000005,21.596499999999995
78.133,71.0,MEDIUM,71.0,ALO,Aston Martin,Monaco Grand Prix,8,46.318000000000005,21.596499999999995
78.081,72.0,MEDIUM,72.0,ALO,Aston Martin,Monaco Grand Prix,8,46.318000000000005,21.596499999999995
78.504,73.0,MEDIUM,73.0,ALO,Aston Martin,Monaco Grand Prix,8,46.318000000000005,21.596499999999995
80.336,74.0,MEDIUM,74.0,ALO,Aston Martin,Monaco Grand Prix,8,46.318000000000005,21.596499999999995
78.663,75.0,MEDIUM,75.0,ALO,Aston Martin,Monaco Grand Prix,8,46.318000000000005,21.596499999999995
79.053,76.0,MEDIUM,76.0,ALO,Aston Martin,Monaco Grand Prix,8,46.318000000000005,21.596499999999995
89.656,3.0,HARD,3.0,RIC,RB,Monaco Grand Prix,8,46.318000000000005,21.596499999999995
83.524,4.0,HARD,4.0,RIC,RB,Monaco Grand Prix,8,46.318000000000005,21.596499999999995
83.744,5.0,HARD,5.0,RIC,RB,Monaco Grand Prix,8,46.318000000000005,21.596499999999995
82.748,6.0,HARD,6.0,RIC,RB,Monaco Grand Prix,8,46.318000000000005,21.596499999999995
82.747,7.0,HARD,7.0,RIC,RB,Monaco Grand Prix,8,46.318000000000005,21.596499999999995
82.433,8.0,HARD,8.0,RIC,RB,Monaco Grand Prix,8,46.318000000000005,21.596499999999995
81.528,9.0,HARD,9.0,RIC,RB,Monaco Grand Prix,8,46.318000000000005,21.596499999999995
81.976,10.0,HARD,10.0,RIC,RB,Monaco Grand Prix,8,46.318000000000005,21.596499999999995
81.53,11.0,HARD,11.0,RIC,RB,Monaco Grand Prix,8,46.318000000000005,21.596499999999995
81.277,12.0,HARD,12.0,RIC,RB,Monaco Grand Prix,8,46.318000000000005,21.596499999999995
81.416,13.0,HARD,13.0,RIC,RB,Monaco Grand Prix,8,46.318000000000005,21.596499999999995
81.391,14.0,HARD,14.0,RIC,RB,Monaco Grand Prix,8,46.318000000000005,21.596499999999995
81.177,15.0,HARD,15.0,RIC,RB,Monaco Grand Prix,8,46.318000000000005,21.596499999999995
81.125,16.0,HARD,16.0,RIC,RB,Monaco Grand Prix,8,46.318000000000005,21.596499999999995
80.862,17.0,HARD,17.0,RIC,RB,Monaco Grand Prix,8,46.318000000000005,21.596499999999995
81.108,18.0,HARD,18.0,RIC,RB,Monaco Grand Prix,8,46.318000000000005,21.596499999999995
81.31,19.0,HARD,19.0,RIC,RB,Monaco Grand Prix,8,46.318000000000005,21.596499999999995
80.942,20.0,HARD,20.0,RIC,RB,Monaco Grand Prix,8,46.318000000000005,21.596499999999995
80.817,21.0,HARD,21.0,RIC,RB,Monaco Grand Prix,8,46.318000000000005,21.596499999999995
80.849,22.0,HARD,22.0,RIC,RB,Monaco Grand Prix,8,46.318000000000005,21.596499999999995
80.662,23.0,HARD,23.0,RIC,RB,Monaco Grand Prix,8,46.318000000000005,21.596499999999995
80.348,24.0,HARD,24.0,RIC,RB,Monaco Grand Prix,8,46.318000000000005,21.596499999999995
81.029,25.0,HARD,25.0,RIC,RB,Monaco Grand Prix,8,46.318000000000005,21.596499999999995
80.691,26.0,HARD,26.0,RIC,RB,Monaco Grand Prix,8,46.318000000000005,21.596499999999995
81.365,27.0,HARD,27.0,RIC,RB,Monaco Grand Prix,8,46.318000000000005,21.596499999999995
81.566,28.0,HARD,28.0,RIC,RB,Monaco Grand Prix,8,46.318000000000005,21.596499999999995
81.265,29.0,HARD,29.0,RIC,RB,Monaco Grand Prix,8,46.318000000000005,21.596499999999995
80.9,30.0,HARD,30.0,RIC,RB,Monaco Grand Prix,8,46.318000000000005,21.596499999999995
80.703,31.0,HARD,31.0,RIC,RB,Monaco Grand Prix,8,46.318000000000005,21.596499999999995
80.94,32.0,HARD,32.0,RIC,RB,Monaco Grand Prix,8,46.318000000000005,21.596499999999995
80.395,33.0,HARD,33.0,RIC,RB,Monaco Grand Prix,8,46.318000000000005,21.596499999999995
80.84,34.0,HARD,34.0,RIC,RB,Monaco Grand Prix,8,46.318000000000005,21.596499999999995
80.54,35.0,HARD,35.0,RIC,RB,Monaco Grand Prix,8,46.318000000000005,21.596499999999995
81.126,36.0,HARD,36.0,RIC,RB,Monaco Grand Prix,8,46.318000000000005,21.596499999999995
81.358,37.0,HARD,37.0,RIC,RB,Monaco Grand Prix,8,46.318000000000005,21.596499999999995
81.099,38.0,HARD,38.0,RIC,RB,Monaco Grand Prix,8,46.318000000000005,21.596499999999995
81.255,39.0,HARD,39.0,RIC,RB,Monaco Grand Prix,8,46.318000000000005,21.596499999999995
80.87,40.0,HARD,40.0,RIC,RB,Monaco Grand Prix,8,46.318000000000005,21.596499999999995
85.218,41.0,HARD,41.0,RIC,RB,Monaco Grand Prix,8,46.318000000000005,21.596499999999995
81.527,42.0,HARD,42.0,RIC,RB,Monaco Grand Prix,8,46.318000000000005,21.596499999999995
81.053,43.0,HARD,43.0,RIC,RB,Monaco Grand Prix,8,46.318000000000005,21.596499999999995
78.003,44.0,HARD,44.0,RIC,RB,Monaco Grand Prix,8,46.318000000000005,21.596499999999995
81.761,45.0,HARD,45.0,RIC,RB,Monaco Grand Prix,8,46.318000000000005,21.596499999999995
77.172,46.0,HARD,46.0,RIC,RB,Monaco Grand Prix,8,46.318000000000005,21.596499999999995
81.071,47.0,HARD,47.0,RIC,RB,Monaco Grand Prix,8,46.318000000000005,21.596499999999995
78.282,48.0,HARD,48.0,RIC,RB,Monaco Grand Prix,8,46.318000000000005,21.596499999999995
79.837,49.0,HARD,49.0,RIC,RB,Monaco Grand Prix,8,46.318000000000005,21.596499999999995
79.796,50.0,HARD,50.0,RIC,RB,Monaco Grand Prix,8,46.318000000000005,21.596499999999995
82.683,51.0,HARD,51.0,RIC,RB,Monaco Grand Prix,8,46.318000000000005,21.596499999999995
80.696,52.0,HARD,52.0,RIC,RB,Monaco Grand Prix,8,46.318000000000005,21.596499999999995
80.079,53.0,HARD,53.0,RIC,RB,Monaco Grand Prix,8,46.318000000000005,21.596499999999995
79.176,54.0,HARD,54.0,RIC,RB,Monaco Grand Prix,8,46.318000000000005,21.596499999999995
79.457,55.0,HARD,55.0,RIC,RB,Monaco Grand Prix,8,46.318000000000005,21.596499999999995
82.007,56.0,HARD,56.0,RIC,RB,Monaco Grand Prix,8,46.318000000000005,21.596499999999995
79.672,57.0,HARD,57.0,RIC,RB,Monaco Grand Prix,8,46.318000000000005,21.596499999999995
79.119,58.0,HARD,58.0,RIC,RB,Monaco Grand Prix,8,46.318000000000005,21.596499999999995
78.936,59.0,HARD,59.0,RIC,RB,Monaco Grand Prix,8,46.318000000000005,21.596499999999995
79.23,60.0,HARD,60.0,RIC,RB,Monaco Grand Prix,8,46.318000000000005,21.596499999999995
78.771,61.0,HARD,61.0,RIC,RB,Monaco Grand Prix,8,46.318000000000005,21.596499999999995
78.977,62.0,HARD,62.0,RIC,RB,Monaco Grand Prix,8,46.318000000000005,21.596499999999995
78.805,63.0,HARD,63.0,RIC,RB,Monaco Grand Prix,8,46.318000000000005,21.596499999999995
78.637,64.0,HARD,64.0,RIC,RB,Monaco Grand Prix,8,46.318000000000005,21.596499999999995
78.73,65.0,HARD,65.0,RIC,RB,Monaco Grand Prix,8,46.318000000000005,21.596499999999995
78.248,66.0,HARD,66.0,RIC,RB,Monaco Grand Prix,8,46.318000000000005,21.596499999999995
78.219,67.0,HARD,67.0,RIC,RB,Monaco Grand Prix,8,46.318000000000005,21.596499999999995
78.116,68.0,HARD,68.0,RIC,RB,Monaco Grand Prix,8,46.318000000000005,21.596499999999995
78.386,69.0,HARD,69.0,RIC,RB,Monaco Grand Prix,8,46.318000000000005,21.596499999999995
78.706,70.0,HARD,70.0,RIC,RB,Monaco Grand Prix,8,46.318000000000005,21.596499999999995
78.108,71.0,HARD,71.0,RIC,RB,Monaco Grand Prix,8,46.318000000000005,21.596499999999995
78.068,72.0,HARD,72.0,RIC,RB,Monaco Grand Prix,8,46.318000000000005,21.596499999999995
78.512,73.0,HARD,73.0,RIC,RB,Monaco Grand Prix,8,46.318000000000005,21.596499999999995
80.358,74.0,HARD,74.0,RIC,RB,Monaco Grand Prix,8,46.318000000000005,21.596499999999995
78.645,75.0,HARD,75.0,RIC,RB,Monaco Grand Prix,8,46.318000000000005,21.596499999999995
78.93,76.0,HARD,76.0,RIC,RB,Monaco Grand Prix,8,46.318000000000005,21.596499999999995
89.743,3.0,MEDIUM,2.0,BOT,Kick Sauber,Monaco Grand Prix,8,46.318000000000005,21.596499999999995
83.386,4.0,MEDIUM,3.0,BOT,Kick Sauber,Monaco Grand Prix,8,46.318000000000005,21.596499999999995
83.636,5.0,MEDIUM,4.0,BOT,Kick Sauber,Monaco Grand Prix,8,46.318000000000005,21.596499999999995
82.868,6.0,MEDIUM,5.0,BOT,Kick Sauber,Monaco Grand Prix,8,46.318000000000005,21.596499999999995
82.832,7.0,MEDIUM,6.0,BOT,Kick Sauber,Monaco Grand Prix,8,46.318000000000005,21.596499999999995
82.249,8.0,MEDIUM,7.0,BOT,Kick Sauber,Monaco Grand Prix,8,46.318000000000005,21.596499999999995
81.715,9.0,MEDIUM,8.0,BOT,Kick Sauber,Monaco Grand Prix,8,46.318000000000005,21.596499999999995
81.947,10.0,MEDIUM,9.0,BOT,Kick Sauber,Monaco Grand Prix,8,46.318000000000005,21.596499999999995
81.547,11.0,MEDIUM,10.0,BOT,Kick Sauber,Monaco Grand Prix,8,46.318000000000005,21.596499999999995
81.328,12.0,MEDIUM,11.0,BOT,Kick Sauber,Monaco Grand Prix,8,46.318000000000005,21.596499999999995
81.54,13.0,MEDIUM,12.0,BOT,Kick Sauber,Monaco Grand Prix,8,46.318000000000005,21.596499999999995
81.221,14.0,MEDIUM,13.0,BOT,Kick Sauber,Monaco Grand Prix,8,46.318000000000005,21.596499999999995
97.899,15.0,MEDIUM,14.0,BOT,Kick Sauber,Monaco Grand Prix,8,46.318000000000005,21.596499999999995
80.012,16.0,HARD,2.0,BOT,Kick Sauber,Monaco Grand Prix,8,46.318000000000005,21.596499999999995
76.561,17.0,HARD,3.0,BOT,Kick Sauber,Monaco Grand Prix,8,46.318000000000005,21.596499999999995
76.567,18.0,HARD,4.0,BOT,Kick Sauber,Monaco Grand Prix,8,46.318000000000005,21.596499999999995
77.829,19.0,HARD,5.0,BOT,Kick Sauber,Monaco Grand Prix,8,46.318000000000005,21.596499999999995
79.124,20.0,HARD,6.0,BOT,Kick Sauber,Monaco Grand Prix,8,46.318000000000005,21.596499999999995
80.462,21.0,HARD,7.0,BOT,Kick Sauber,Monaco Grand Prix,8,46.318000000000005,21.596499999999995
81.022,22.0,HARD,8.0,BOT,Kick Sauber,Monaco Grand Prix,8,46.318000000000005,21.596499999999995
80.75,23.0,HARD,9.0,BOT,Kick Sauber,Monaco Grand Prix,8,46.318000000000005,21.596499999999995
80.564,24.0,HARD,10.0,BOT,Kick Sauber,Monaco Grand Prix,8,46.318000000000005,21.596499999999995
80.783,25.0,HARD,11.0,BOT,Kick Sauber,Monaco Grand Prix,8,46.318000000000005,21.596499999999995
80.851,26.0,HARD,12.0,BOT,Kick Sauber,Monaco Grand Prix,8,46.318000000000005,21.596499999999995
81.37,27.0,HARD,13.0,BOT,Kick Sauber,Monaco Grand Prix,8,46.318000000000005,21.596499999999995
81.765,28.0,HARD,14.0,BOT,Kick Sauber,Monaco Grand Prix,8,46.318000000000005,21.596499999999995
80.857,29.0,HARD,15.0,BOT,Kick Sauber,Monaco Grand Prix,8,46.318000000000005,21.596499999999995
81.47,30.0,HARD,16.0,BOT,Kick Sauber,Monaco Grand Prix,8,46.318000000000005,21.596499999999995
80.752,31.0,HARD,17.0,BOT,Kick Sauber,Monaco Grand Prix,8,46.318000000000005,21.596499999999995
80.658,32.0,HARD,18.0,BOT,Kick Sauber,Monaco Grand Prix,8,46.318000000000005,21.596499999999995
80.525,33.0,HARD,19.0,BOT,Kick Sauber,Monaco Grand Prix,8,46.318000000000005,21.596499999999995
80.903,34.0,HARD,20.0,BOT,Kick Sauber,Monaco Grand Prix,8,46.318000000000005,21.596499999999995
80.254,35.0,HARD,21.0,BOT,Kick Sauber,Monaco Grand Prix,8,46.318000000000005,21.596499999999995
81.196,36.0,HARD,22.0,BOT,Kick Sauber,Monaco Grand Prix,8,46.318000000000005,21.596499999999995
81.386,37.0,HARD,23.0,BOT,Kick Sauber,Monaco Grand Prix,8,46.318000000000005,21.596499999999995
80.948,38.0,HARD,24.0,BOT,Kick Sauber,Monaco Grand Prix,8,46.318000000000005,21.596499999999995
83.172,39.0,HARD,25.0,BOT,Kick Sauber,Monaco Grand Prix,8,46.318000000000005,21.596499999999995
83.591,40.0,HARD,26.0,BOT,Kick Sauber,Monaco Grand Prix,8,46.318000000000005,21.596499999999995
80.23,41.0,HARD,27.0,BOT,Kick Sauber,Monaco Grand Prix,8,46.318000000000005,21.596499999999995
82.109,42.0,HARD,28.0,BOT,Kick Sauber,Monaco Grand Prix,8,46.318000000000005,21.596499999999995
80.912,43.0,HARD,29.0,BOT,Kick Sauber,Monaco Grand Prix,8,46.318000000000005,21.596499999999995
79.772,44.0,HARD,30.0,BOT,Kick Sauber,Monaco Grand Prix,8,46.318000000000005,21.596499999999995
80.043,45.0,HARD,31.0,BOT,Kick Sauber,Monaco Grand Prix,8,46.318000000000005,21.596499999999995
80.417,46.0,HARD,32.0,BOT,Kick Sauber,Monaco Grand Prix,8,46.318000000000005,21.596499999999995
82.969,47.0,HARD,33.0,BOT,Kick Sauber,Monaco Grand Prix,8,46.318000000000005,21.596499999999995
80.562,48.0,HARD,34.0,BOT,Kick Sauber,Monaco Grand Prix,8,46.318000000000005,21.596499999999995
80.818,49.0,HARD,35.0,BOT,Kick Sauber,Monaco Grand Prix,8,46.318000000000005,21.596499999999995
80.239,50.0,HARD,36.0,BOT,Kick Sauber,Monaco Grand Prix,8,46.318000000000005,21.596499999999995
77.205,51.0,HARD,37.0,BOT,Kick Sauber,Monaco Grand Prix,8,46.318000000000005,21.596499999999995
77.202,52.0,HARD,38.0,BOT,Kick Sauber,Monaco Grand Prix,8,46.318000000000005,21.596499999999995
78.456,53.0,HARD,39.0,BOT,Kick Sauber,Monaco Grand Prix,8,46.318000000000005,21.596499999999995
79.403,54.0,HARD,40.0,BOT,Kick Sauber,Monaco Grand Prix,8,46.318000000000005,21.596499999999995
80.375,55.0,HARD,41.0,BOT,Kick Sauber,Monaco Grand Prix,8,46.318000000000005,21.596499999999995
81.657,56.0,HARD,42.0,BOT,Kick Sauber,Monaco Grand Prix,8,46.318000000000005,21.596499999999995
78.994,57.0,HARD,43.0,BOT,Kick Sauber,Monaco Grand Prix,8,46.318000000000005,21.596499999999995
79.28,58.0,HARD,44.0,BOT,Kick Sauber,Monaco Grand Prix,8,46.318000000000005,21.596499999999995
78.999,59.0,HARD,45.0,BOT,Kick Sauber,Monaco Grand Prix,8,46.318000000000005,21.596499999999995
79.069,60.0,HARD,46.0,BOT,Kick Sauber,Monaco Grand Prix,8,46.318000000000005,21.596499999999995
78.623,61.0,HARD,47.0,BOT,Kick Sauber,Monaco Grand Prix,8,46.318000000000005,21.596499999999995
78.964,62.0,HARD,48.0,BOT,Kick Sauber,Monaco Grand Prix,8,46.318000000000005,21.596499999999995
79.024,63.0,HARD,49.0,BOT,Kick Sauber,Monaco Grand Prix,8,46.318000000000005,21.596499999999995
78.531,64.0,HARD,50.0,BOT,Kick Sauber,Monaco Grand Prix,8,46.318000000000005,21.596499999999995
78.642,65.0,HARD,51.0,BOT,Kick Sauber,Monaco Grand Prix,8,46.318000000000005,21.596499999999995
78.383,66.0,HARD,52.0,BOT,Kick Sauber,Monaco Grand Prix,8,46.318000000000005,21.596499999999995
78.467,67.0,HARD,53.0,BOT,Kick Sauber,Monaco Grand Prix,8,46.318000000000005,21.596499999999995
78.052,68.0,HARD,54.0,BOT,Kick Sauber,Monaco Grand Prix,8,46.318000000000005,21.596499999999995
78.088,69.0,HARD,55.0,BOT,Kick Sauber,Monaco Grand Prix,8,46.318000000000005,21.596499999999995
78.778,70.0,HARD,56.0,BOT,Kick Sauber,Monaco Grand Prix,8,46.318000000000005,21.596499999999995
78.104,71.0,HARD,57.0,BOT,Kick Sauber,Monaco Grand Prix,8,46.318000000000005,21.596499999999995
78.347,72.0,HARD,58.0,BOT,Kick Sauber,Monaco Grand Prix,8,46.318000000000005,21.596499999999995
80.068,73.0,HARD,59.0,BOT,Kick Sauber,Monaco Grand Prix,8,46.318000000000005,21.596499999999995
78.318,74.0,HARD,60.0,BOT,Kick Sauber,Monaco Grand Prix,8,46.318000000000005,21.596499999999995
78.779,75.0,HARD,61.0,BOT,Kick Sauber,Monaco Grand Prix,8,46.318000000000005,21.596499999999995
78.774,76.0,HARD,62.0,BOT,Kick Sauber,Monaco Grand Prix,8,46.318000000000005,21.596499999999995
88.303,3.0,MEDIUM,3.0,STR,Aston Martin,Monaco Grand Prix,8,46.318000000000005,21.596499999999995
83.354,4.0,MEDIUM,4.0,STR,Aston Martin,Monaco Grand Prix,8,46.318000000000005,21.596499999999995
83.731,5.0,MEDIUM,5.0,STR,Aston Martin,Monaco Grand Prix,8,46.318000000000005,21.596499999999995
82.977,6.0,MEDIUM,6.0,STR,Aston Martin,Monaco Grand Prix,8,46.318000000000005,21.596499999999995
82.634,7.0,MEDIUM,7.0,STR,Aston Martin,Monaco Grand Prix,8,46.318000000000005,21.596499999999995
81.653,8.0,MEDIUM,8.0,STR,Aston Martin,Monaco Grand Prix,8,46.318000000000005,21.596499999999995
82.09,9.0,MEDIUM,9.0,STR,Aston Martin,Monaco Grand Prix,8,46.318000000000005,21.596499999999995
81.725,10.0,MEDIUM,10.0,STR,Aston Martin,Monaco Grand Prix,8,46.318000000000005,21.596499999999995
81.517,11.0,MEDIUM,11.0,STR,Aston Martin,Monaco Grand Prix,8,46.318000000000005,21.596499999999995
81.471,12.0,MEDIUM,12.0,STR,Aston Martin,Monaco Grand Prix,8,46.318000000000005,21.596499999999995
81.314,13.0,MEDIUM,13.0,STR,Aston Martin,Monaco Grand Prix,8,46.318000000000005,21.596499999999995
80.427,14.0,MEDIUM,14.0,STR,Aston Martin,Monaco Grand Prix,8,46.318000000000005,21.596499999999995
80.781,15.0,MEDIUM,15.0,STR,Aston Martin,Monaco Grand Prix,8,46.318000000000005,21.596499999999995
81.189,16.0,MEDIUM,16.0,STR,Aston Martin,Monaco Grand Prix,8,46.318000000000005,21.596499999999995
81.97,17.0,MEDIUM,17.0,STR,Aston Martin,Monaco Grand Prix,8,46.318000000000005,21.596499999999995
80.698,18.0,MEDIUM,18.0,STR,Aston Martin,Monaco Grand Prix,8,46.318000000000005,21.596499999999995
80.353,19.0,MEDIUM,19.0,STR,Aston Martin,Monaco Grand Prix,8,46.318000000000005,21.596499999999995
79.398,20.0,MEDIUM,20.0,STR,Aston Martin,Monaco Grand Prix,8,46.318000000000005,21.596499999999995
79.016,21.0,MEDIUM,21.0,STR,Aston Martin,Monaco Grand Prix,8,46.318000000000005,21.596499999999995
81.307,22.0,MEDIUM,22.0,STR,Aston Martin,Monaco Grand Prix,8,46.318000000000005,21.596499999999995
81.188,23.0,MEDIUM,23.0,STR,Aston Martin,Monaco Grand Prix,8,46.318000000000005,21.596499999999995
81.621,24.0,MEDIUM,24.0,STR,Aston Martin,Monaco Grand Prix,8,46.318000000000005,21.596499999999995
80.506,25.0,MEDIUM,25.0,STR,Aston Martin,Monaco Grand Prix,8,46.318000000000005,21.596499999999995
80.589,26.0,MEDIUM,26.0,STR,Aston Martin,Monaco Grand Prix,8,46.318000000000005,21.596499999999995
80.307,27.0,MEDIUM,27.0,STR,Aston Martin,Monaco Grand Prix,8,46.318000000000005,21.596499999999995
80.131,28.0,MEDIUM,28.0,STR,Aston Martin,Monaco Grand Prix,8,46.318000000000005,21.596499999999995
79.464,29.0,MEDIUM,29.0,STR,Aston Martin,Monaco Grand Prix,8,46.318000000000005,21.596499999999995
81.422,30.0,MEDIUM,30.0,STR,Aston Martin,Monaco Grand Prix,8,46.318000000000005,21.596499999999995
82.535,31.0,MEDIUM,31.0,STR,Aston Martin,Monaco Grand Prix,8,46.318000000000005,21.596499999999995
81.252,32.0,MEDIUM,32.0,STR,Aston Martin,Monaco Grand Prix,8,46.318000000000005,21.596499999999995
80.536,33.0,MEDIUM,33.0,STR,Aston Martin,Monaco Grand Prix,8,46.318000000000005,21.596499999999995
79.789,34.0,MEDIUM,34.0,STR,Aston Martin,Monaco Grand Prix,8,46.318000000000005,21.596499999999995
79.497,35.0,MEDIUM,35.0,STR,Aston Martin,Monaco Grand Prix,8,46.318000000000005,21.596499999999995
79.297,36.0,MEDIUM,36.0,STR,Aston Martin,Monaco Grand Prix,8,46.318000000000005,21.596499999999995
79.638,37.0,MEDIUM,37.0,STR,Aston Martin,Monaco Grand Prix,8,46.318000000000005,21.596499999999995
79.706,38.0,MEDIUM,38.0,STR,Aston Martin,Monaco Grand Prix,8,46.318000000000005,21.596499999999995
79.867,39.0,MEDIUM,39.0,STR,Aston Martin,Monaco Grand Prix,8,46.318000000000005,21.596499999999995
80.45,40.0,MEDIUM,40.0,STR,Aston Martin,Monaco Grand Prix,8,46.318000000000005,21.596499999999995
80.2,41.0,MEDIUM,41.0,STR,Aston Martin,Monaco Grand Prix,8,46.318000000000005,21.596499999999995
97.062,42.0,MEDIUM,42.0,STR,Aston Martin,Monaco Grand Prix,8,46.318000000000005,21.596499999999995
82.775,43.0,HARD,3.0,STR,Aston Martin,Monaco Grand Prix,8,46.318000000000005,21.596499999999995
78.551,44.0,HARD,4.0,STR,Aston Martin,Monaco Grand Prix,8,46.318000000000005,21.596499999999995
78.806,45.0,HARD,5.0,STR,Aston Martin,Monaco Grand Prix,8,46.318000000000005,21.596499999999995
78.296,46.0,HARD,6.0,STR,Aston Martin,Monaco Grand Prix,8,46.318000000000005,21.596499999999995
78.062,47.0,HARD,7.0,STR,Aston Martin,Monaco Grand Prix,8,46.318000000000005,21.596499999999995
109.132,48.0,HARD,8.0,STR,Aston Martin,Monaco Grand Prix,8,46.318000000000005,21.596499999999995
79.089,49.0,SOFT,1.0,STR,Aston Martin,Monaco Grand Prix,8,46.318000000000005,21.596499999999995
77.788,50.0,SOFT,2.0,STR,Aston Martin,Monaco Grand Prix,8,46.318000000000005,21.596499999999995
76.982,51.0,SOFT,3.0,STR,Aston Martin,Monaco Grand Prix,8,46.318000000000005,21.596499999999995
77.35,52.0,SOFT,4.0,STR,Aston Martin,Monaco Grand Prix,8,46.318000000000005,21.596499999999995
81.547,53.0,SOFT,5.0,STR,Aston Martin,Monaco Grand Prix,8,46.318000000000005,21.596499999999995
80.571,54.0,SOFT,6.0,STR,Aston Martin,Monaco Grand Prix,8,46.318000000000005,21.596499999999995
79.963,55.0,SOFT,7.0,STR,Aston Martin,Monaco Grand Prix,8,46.318000000000005,21.596499999999995
77.279,56.0,SOFT,8.0,STR,Aston Martin,Monaco Grand Prix,8,46.318000000000005,21.596499999999995
76.914,57.0,SOFT,9.0,STR,Aston Martin,Monaco Grand Prix,8,46.318000000000005,21.596499999999995
77.156,58.0,SOFT,10.0,STR,Aston Martin,Monaco Grand Prix,8,46.318000000000005,21.596499999999995
76.71,59.0,SOFT,11.0,STR,Aston Martin,Monaco Grand Prix,8,46.318000000000005,21.596499999999995
77.326,60.0,SOFT,12.0,STR,Aston Martin,Monaco Grand Prix,8,46.318000000000005,21.596499999999995
78.298,61.0,SOFT,13.0,STR,Aston Martin,Monaco Grand Prix,8,46.318000000000005,21.596499999999995
79.07,62.0,SOFT,14.0,STR,Aston Martin,Monaco Grand Prix,8,46.318000000000005,21.596499999999995
79.1,63.0,SOFT,15.0,STR,Aston Martin,Monaco Grand Prix,8,46.318000000000005,21.596499999999995
78.425,64.0,SOFT,16.0,STR,Aston Martin,Monaco Grand Prix,8,46.318000000000005,21.596499999999995
78.732,65.0,SOFT,17.0,STR,Aston Martin,Monaco Grand Prix,8,46.318000000000005,21.596499999999995
78.748,66.0,SOFT,18.0,STR,Aston Martin,Monaco Grand Prix,8,46.318000000000005,21.596499999999995
78.636,67.0,SOFT,19.0,STR,Aston Martin,Monaco Grand Prix,8,46.318000000000005,21.596499999999995
78.057,68.0,SOFT,20.0,STR,Aston Martin,Monaco Grand Prix,8,46.318000000000005,21.596499999999995
78.275,69.0,SOFT,21.0,STR,Aston Martin,Monaco Grand Prix,8,46.318000000000005,21.596499999999995
78.557,70.0,SOFT,22.0,STR,Aston Martin,Monaco Grand Prix,8,46.318000000000005,21.596499999999995
78.464,71.0,SOFT,23.0,STR,Aston Martin,Monaco Grand Prix,8,46.318000000000005,21.596499999999995
78.332,72.0,SOFT,24.0,STR,Aston Martin,Monaco Grand Prix,8,46.318000000000005,21.596499999999995
80.709,73.0,SOFT,25.0,STR,Aston Martin,Monaco Grand Prix,8,46.318000000000005,21.596499999999995
78.23,74.0,SOFT,26.0,STR,Aston Martin,Monaco Grand Prix,8,46.318000000000005,21.596499999999995
78.511,75.0,SOFT,27.0,STR,Aston Martin,Monaco Grand Prix,8,46.318000000000005,21.596499999999995
78.623,76.0,SOFT,28.0,STR,Aston Martin,Monaco Grand Prix,8,46.318000000000005,21.596499999999995
90.077,3.0,HARD,3.0,SAR,Williams,Monaco Grand Prix,8,46.318000000000005,21.596499999999995
83.682,4.0,HARD,4.0,SAR,Williams,Monaco Grand Prix,8,46.318000000000005,21.596499999999995
83.674,5.0,HARD,5.0,SAR,Williams,Monaco Grand Prix,8,46.318000000000005,21.596499999999995
82.739,6.0,HARD,6.0,SAR,Williams,Monaco Grand Prix,8,46.318000000000005,21.596499999999995
82.899,7.0,HARD,7.0,SAR,Williams,Monaco Grand Prix,8,46.318000000000005,21.596499999999995
82.221,8.0,HARD,8.0,SAR,Williams,Monaco Grand Prix,8,46.318000000000005,21.596499999999995
81.679,9.0,HARD,9.0,SAR,Williams,Monaco Grand Prix,8,46.318000000000005,21.596499999999995
81.944,10.0,HARD,10.0,SAR,Williams,Monaco Grand Prix,8,46.318000000000005,21.596499999999995
81.492,11.0,HARD,11.0,SAR,Williams,Monaco Grand Prix,8,46.318000000000005,21.596499999999995
81.404,12.0,HARD,12.0,SAR,Williams,Monaco Grand Prix,8,46.318000000000005,21.596499999999995
81.499,13.0,HARD,13.0,SAR,Williams,Monaco Grand Prix,8,46.318000000000005,21.596499999999995
81.219,14.0,HARD,14.0,SAR,Williams,Monaco Grand Prix,8,46.318000000000005,21.596499999999995
81.34,15.0,HARD,15.0,SAR,Williams,Monaco Grand Prix,8,46.318000000000005,21.596499999999995
80.646,16.0,HARD,16.0,SAR,Williams,Monaco Grand Prix,8,46.318000000000005,21.596499999999995
81.016,17.0,HARD,17.0,SAR,Williams,Monaco Grand Prix,8,46.318000000000005,21.596499999999995
81.031,18.0,HARD,18.0,SAR,Williams,Monaco Grand Prix,8,46.318000000000005,21.596499999999995
81.221,19.0,HARD,19.0,SAR,Williams,Monaco Grand Prix,8,46.318000000000005,21.596499999999995
80.853,20.0,HARD,20.0,SAR,Williams,Monaco Grand Prix,8,46.318000000000005,21.596499999999995
80.849,21.0,HARD,21.0,SAR,Williams,Monaco Grand Prix,8,46.318000000000005,21.596499999999995
80.897,22.0,HARD,22.0,SAR,Williams,Monaco Grand Prix,8,46.318000000000005,21.596499999999995
80.593,23.0,HARD,23.0,SAR,Williams,Monaco Grand Prix,8,46.318000000000005,21.596499999999995
80.395,24.0,HARD,24.0,SAR,Williams,Monaco Grand Prix,8,46.318000000000005,21.596499999999995
80.903,25.0,HARD,25.0,SAR,Williams,Monaco Grand Prix,8,46.318000000000005,21.596499999999995
80.929,26.0,HARD,26.0,SAR,Williams,Monaco Grand Prix,8,46.318000000000005,21.596499999999995
81.231,27.0,HARD,27.0,SAR,Williams,Monaco Grand Prix,8,46.318000000000005,21.596499999999995
81.604,28.0,HARD,28.0,SAR,Williams,Monaco Grand Prix,8,46.318000000000005,21.596499999999995
81.334,29.0,HARD,29.0,SAR,Williams,Monaco Grand Prix,8,46.318000000000005,21.596499999999995
80.84,30.0,HARD,30.0,SAR,Williams,Monaco Grand Prix,8,46.318000000000005,21.596499999999995
80.775,31.0,HARD,31.0,SAR,Williams,Monaco Grand Prix,8,46.318000000000005,21.596499999999995
80.797,32.0,HARD,32.0,SAR,Williams,Monaco Grand Prix,8,46.318000000000005,21.596499999999995
80.53,33.0,HARD,33.0,SAR,Williams,Monaco Grand Prix,8,46.318000000000005,21.596499999999995
80.738,34.0,HARD,34.0,SAR,Williams,Monaco Grand Prix,8,46.318000000000005,21.596499999999995
80.584,35.0,HARD,35.0,SAR,Williams,Monaco Grand Prix,8,46.318000000000005,21.596499999999995
81.134,36.0,HARD,36.0,SAR,Williams,Monaco Grand Prix,8,46.318000000000005,21.596499999999995
81.404,37.0,HARD,37.0,SAR,Williams,Monaco Grand Prix,8,46.318000000000005,21.596499999999995
81.131,38.0,HARD,38.0,SAR,Williams,Monaco Grand Prix,8,46.318000000000005,21.596499999999995
81.273,39.0,HARD,39.0,SAR,Williams,Monaco Grand Prix,8,46.318000000000005,21.596499999999995
81.78,40.0,HARD,40.0,SAR,Williams,Monaco Grand Prix,8,46.318000000000005,21.596499999999995
84.378,41.0,HARD,41.0,SAR,Williams,Monaco Grand Prix,8,46.318000000000005,21.596499999999995
81.87,42.0,HARD,42.0,SAR,Williams,Monaco Grand Prix,8,46.318000000000005,21.596499999999995
80.552,43.0,HARD,43.0,SAR,Williams,Monaco Grand Prix,8,46.318000000000005,21.596499999999995
79.511,44.0,HARD,44.0,SAR,Williams,Monaco Grand Prix,8,46.318000000000005,21.596499999999995
80.72,45.0,HARD,45.0,SAR,Williams,Monaco Grand Prix,8,46.318000000000005,21.596499999999995
80.124,46.0,HARD,46.0,SAR,Williams,Monaco Grand Prix,8,46.318000000000005,21.596499999999995
79.888,47.0,HARD,47.0,SAR,Williams,Monaco Grand Prix,8,46.318000000000005,21.596499999999995
80.97,48.0,HARD,48.0,SAR,Williams,Monaco Grand Prix,8,46.318000000000005,21.596499999999995
83.966,49.0,HARD,49.0,SAR,Williams,Monaco Grand Prix,8,46.318000000000005,21.596499999999995
80.292,50.0,HARD,50.0,SAR,Williams,Monaco Grand Prix,8,46.318000000000005,21.596499999999995
81.817,51.0,HARD,51.0,SAR,Williams,Monaco Grand Prix,8,46.318000000000005,21.596499999999995
80.78,52.0,HARD,52.0,SAR,Williams,Monaco Grand Prix,8,46.318000000000005,21.596499999999995
81.318,53.0,HARD,53.0,SAR,Williams,Monaco Grand Prix,8,46.318000000000005,21.596499999999995
82.289,54.0,HARD,54.0,SAR,Williams,Monaco Grand Prix,8,46.318000000000005,21.596499999999995
80.342,55.0,HARD,55.0,SAR,Williams,Monaco Grand Prix,8,46.318000000000005,21.596499999999995
81.474,56.0,HARD,56.0,SAR,Williams,Monaco Grand Prix,8,46.318000000000005,21.596499999999995
97.746,57.0,HARD,57.0,SAR,Williams,Monaco Grand Prix,8,46.318000000000005,21.596499999999995
79.809,58.0,MEDIUM,1.0,SAR,Williams,Monaco Grand Prix,8,46.318000000000005,21.596499999999995
75.594,59.0,MEDIUM,2.0,SAR,Williams,Monaco Grand Prix,8,46.318000000000005,21.596499999999995
75.58,60.0,MEDIUM,3.0,SAR,Williams,Monaco Grand Prix,8,46.318000000000005,21.596499999999995
75.558,61.0,MEDIUM,4.0,SAR,Williams,Monaco Grand Prix,8,46.318000000000005,21.596499999999995
75.525,62.0,MEDIUM,5.0,SAR,Williams,Monaco Grand Prix,8,46.318000000000005,21.596499999999995
75.688,63.0,MEDIUM,6.0,SAR,Williams,Monaco Grand Prix,8,46.318000000000005,21.596499999999995
76.895,64.0,MEDIUM,7.0,SAR,Williams,Monaco Grand Prix,8,46.318000000000005,21.596499999999995
79.869,65.0,MEDIUM,8.0,SAR,Williams,Monaco Grand Prix,8,46.318000000000005,21.596499999999995
80.799,66.0,MEDIUM,9.0,SAR,Williams,Monaco Grand Prix,8,46.318000000000005,21.596499999999995
80.347,67.0,MEDIUM,10.0,SAR,Williams,Monaco Grand Prix,8,46.318000000000005,21.596499999999995
80.004,68.0,MEDIUM,11.0,SAR,Williams,Monaco Grand Prix,8,46.318000000000005,21.596499999999995
76.077,69.0,MEDIUM,12.0,SAR,Williams,Monaco Grand Prix,8,46.318000000000005,21.596499999999995
76.866,70.0,MEDIUM,13.0,SAR,Williams,Monaco Grand Prix,8,46.318000000000005,21.596499999999995
76.326,71.0,MEDIUM,14.0,SAR,Williams,Monaco Grand Prix,8,46.318000000000005,21.596499999999995
76.402,72.0,MEDIUM,15.0,SAR,Williams,Monaco Grand Prix,8,46.318000000000005,21.596499999999995
76.37,73.0,MEDIUM,16.0,SAR,Williams,Monaco Grand Prix,8,46.318000000000005,21.596499999999995
76.863,74.0,MEDIUM,17.0,SAR,Williams,Monaco Grand Prix,8,46.318000000000005,21.596499999999995
76.324,75.0,MEDIUM,18.0,SAR,Williams,Monaco Grand Prix,8,46.318000000000005,21.596499999999995
77.197,76.0,MEDIUM,19.0,SAR,Williams,Monaco Grand Prix,8,46.318000000000005,21.596499999999995
90.396,3.0,HARD,2.0,ZHO,Kick Sauber,Monaco Grand Prix,8,46.318000000000005,21.596499999999995
83.698,4.0,HARD,3.0,ZHO,Kick Sauber,Monaco Grand Prix,8,46.318000000000005,21.596499999999995
83.494,5.0,HARD,4.0,ZHO,Kick Sauber,Monaco Grand Prix,8,46.318000000000005,21.596499999999995
82.649,6.0,HARD,5.0,ZHO,Kick Sauber,Monaco Grand Prix,8,46.318000000000005,21.596499999999995
82.934,7.0,HARD,6.0,ZHO,Kick Sauber,Monaco Grand Prix,8,46.318000000000005,21.596499999999995
82.182,8.0,HARD,7.0,ZHO,Kick Sauber,Monaco Grand Prix,8,46.318000000000005,21.596499999999995
81.81,9.0,HARD,8.0,ZHO,Kick Sauber,Monaco Grand Prix,8,46.318000000000005,21.596499999999995
81.944,10.0,HARD,9.0,ZHO,Kick Sauber,Monaco Grand Prix,8,46.318000000000005,21.596499999999995
81.563,11.0,HARD,10.0,ZHO,Kick Sauber,Monaco Grand Prix,8,46.318000000000005,21.596499999999995
81.193,12.0,HARD,11.0,ZHO,Kick Sauber,Monaco Grand Prix,8,46.318000000000005,21.596499999999995
81.529,13.0,HARD,12.0,ZHO,Kick Sauber,Monaco Grand Prix,8,46.318000000000005,21.596499999999995
81.264,14.0,HARD,13.0,ZHO,Kick Sauber,Monaco Grand Prix,8,46.318000000000005,21.596499999999995
81.447,15.0,HARD,14.0,ZHO,Kick Sauber,Monaco Grand Prix,8,46.318000000000005,21.596499999999995
80.481,16.0,HARD,15.0,ZHO,Kick Sauber,Monaco Grand Prix,8,46.318000000000005,21.596499999999995
80.979,17.0,HARD,16.0,ZHO,Kick Sauber,Monaco Grand Prix,8,46.318000000000005,21.596499999999995
80.911,18.0,HARD,17.0,ZHO,Kick Sauber,Monaco Grand Prix,8,46.318000000000005,21.596499999999995
81.42,19.0,HARD,18.0,ZHO,Kick Sauber,Monaco Grand Prix,8,46.318000000000005,21.596499999999995
80.904,20.0,HARD,19.0,ZHO,Kick Sauber,Monaco Grand Prix,8,46.318000000000005,21.596499999999995
80.669,21.0,HARD,20.0,ZHO,Kick Sauber,Monaco Grand Prix,8,46.318000000000005,21.596499999999995
81.083,22.0,HARD,21.0,ZHO,Kick Sauber,Monaco Grand Prix,8,46.318000000000005,21.596499999999995
80.792,23.0,HARD,22.0,ZHO,Kick Sauber,Monaco Grand Prix,8,46.318000000000005,21.596499999999995
80.347,24.0,HARD,23.0,ZHO,Kick Sauber,Monaco Grand Prix,8,46.318000000000005,21.596499999999995
80.763,25.0,HARD,24.0,ZHO,Kick Sauber,Monaco Grand Prix,8,46.318000000000005,21.596499999999995
80.869,26.0,HARD,25.0,ZHO,Kick Sauber,Monaco Grand Prix,8,46.318000000000005,21.596499999999995
81.293,27.0,HARD,26.0,ZHO,Kick Sauber,Monaco Grand Prix,8,46.318000000000005,21.596499999999995
81.516,28.0,HARD,27.0,ZHO,Kick Sauber,Monaco Grand Prix,8,46.318000000000005,21.596499999999995
81.338,29.0,HARD,28.0,ZHO,Kick Sauber,Monaco Grand Prix,8,46.318000000000005,21.596499999999995
81.044,30.0,HARD,29.0,ZHO,Kick Sauber,Monaco Grand Prix,8,46.318000000000005,21.596499999999995
80.806,31.0,HARD,30.0,ZHO,Kick Sauber,Monaco Grand Prix,8,46.318000000000005,21.596499999999995
80.782,32.0,HARD,31.0,ZHO,Kick Sauber,Monaco Grand Prix,8,46.318000000000005,21.596499999999995
80.677,33.0,HARD,32.0,ZHO,Kick Sauber,Monaco Grand Prix,8,46.318000000000005,21.596499999999995
80.736,34.0,HARD,33.0,ZHO,Kick Sauber,Monaco Grand Prix,8,46.318000000000005,21.596499999999995
80.372,35.0,HARD,34.0,ZHO,Kick Sauber,Monaco Grand Prix,8,46.318000000000005,21.596499999999995
80.986,36.0,HARD,35.0,ZHO,Kick Sauber,Monaco Grand Prix,8,46.318000000000005,21.596499999999995
81.449,37.0,HARD,36.0,ZHO,Kick Sauber,Monaco Grand Prix,8,46.318000000000005,21.596499999999995
81.09,38.0,HARD,37.0,ZHO,Kick Sauber,Monaco Grand Prix,8,46.318000000000005,21.596499999999995
81.233,39.0,HARD,38.0,ZHO,Kick Sauber,Monaco Grand Prix,8,46.318000000000005,21.596499999999995
84.969,40.0,HARD,39.0,ZHO,Kick Sauber,Monaco Grand Prix,8,46.318000000000005,21.596499999999995
81.127,41.0,HARD,40.0,ZHO,Kick Sauber,Monaco Grand Prix,8,46.318000000000005,21.596499999999995
81.957,42.0,HARD,41.0,ZHO,Kick Sauber,Monaco Grand Prix,8,46.318000000000005,21.596499999999995
80.578,43.0,HARD,42.0,ZHO,Kick Sauber,Monaco Grand Prix,8,46.318000000000005,21.596499999999995
79.61,44.0,HARD,43.0,ZHO,Kick Sauber,Monaco Grand Prix,8,46.318000000000005,21.596499999999995
80.686,45.0,HARD,44.0,ZHO,Kick Sauber,Monaco Grand Prix,8,46.318000000000005,21.596499999999995
80.146,46.0,HARD,45.0,ZHO,Kick Sauber,Monaco Grand Prix,8,46.318000000000005,21.596499999999995
80.075,47.0,HARD,46.0,ZHO,Kick Sauber,Monaco Grand Prix,8,46.318000000000005,21.596499999999995
82.481,48.0,HARD,47.0,ZHO,Kick Sauber,Monaco Grand Prix,8,46.318000000000005,21.596499999999995
82.134,49.0,HARD,48.0,ZHO,Kick Sauber,Monaco Grand Prix,8,46.318000000000005,21.596499999999995
80.946,50.0,HARD,49.0,ZHO,Kick Sauber,Monaco Grand Prix,8,46.318000000000005,21.596499999999995
80.962,51.0,HARD,50.0,ZHO,Kick Sauber,Monaco Grand Prix,8,46.318000000000005,21.596499999999995
80.97,52.0,HARD,51.0,ZHO,Kick Sauber,Monaco Grand Prix,8,46.318000000000005,21.596499999999995
81.375,53.0,HARD,52.0,ZHO,Kick Sauber,Monaco Grand Prix,8,46.318000000000005,21.596499999999995
82.153,54.0,HARD,53.0,ZHO,Kick Sauber,Monaco Grand Prix,8,46.318000000000005,21.596499999999995
81.399,55.0,HARD,54.0,ZHO,Kick Sauber,Monaco Grand Prix,8,46.318000000000005,21.596499999999995
80.315,56.0,HARD,55.0,ZHO,Kick Sauber,Monaco Grand Prix,8,46.318000000000005,21.596499999999995
81.119,57.0,HARD,56.0,ZHO,Kick Sauber,Monaco Grand Prix,8,46.318000000000005,21.596499999999995
78.795,58.0,HARD,57.0,ZHO,Kick Sauber,Monaco Grand Prix,8,46.318000000000005,21.596499999999995
77.936,59.0,HARD,58.0,ZHO,Kick Sauber,Monaco Grand Prix,8,46.318000000000005,21.596499999999995
78.545,60.0,HARD,59.0,ZHO,Kick Sauber,Monaco Grand Prix,8,46.318000000000005,21.596499999999995
78.707,61.0,HARD,60.0,ZHO,Kick Sauber,Monaco Grand Prix,8,46.318000000000005,21.596499999999995
78.817,62.0,HARD,61.0,ZHO,Kick Sauber,Monaco Grand Prix,8,46.318000000000005,21.596499999999995
78.789,63.0,HARD,62.0,ZHO,Kick Sauber,Monaco Grand Prix,8,46.318000000000005,21.596499999999995
79.295,64.0,HARD,63.0,ZHO,Kick Sauber,Monaco Grand Prix,8,46.318000000000005,21.596499999999995
79.719,65.0,HARD,64.0,ZHO,Kick Sauber,Monaco Grand Prix,8,46.318000000000005,21.596499999999995
79.749,66.0,HARD,65.0,ZHO,Kick Sauber,Monaco Grand Prix,8,46.318000000000005,21.596499999999995
80.357,67.0,HARD,66.0,ZHO,Kick Sauber,Monaco Grand Prix,8,46.318000000000005,21.596499999999995
85.217,68.0,HARD,67.0,ZHO,Kick Sauber,Monaco Grand Prix,8,46.318000000000005,21.596499999999995
80.484,69.0,HARD,68.0,ZHO,Kick Sauber,Monaco Grand Prix,8,46.318000000000005,21.596499999999995
100.898,70.0,HARD,69.0,ZHO,Kick Sauber,Monaco Grand Prix,8,46.318000000000005,21.596499999999995
85.295,71.0,SOFT,1.0,ZHO,Kick Sauber,Monaco Grand Prix,8,46.318000000000005,21.596499999999995
80.585,72.0,SOFT,2.0,ZHO,Kick Sauber,Monaco Grand Prix,8,46.318000000000005,21.596499999999995
75.233,73.0,SOFT,3.0,ZHO,Kick Sauber,Monaco Grand Prix,8,46.318000000000005,21.596499999999995
80.473,74.0,SOFT,4.0,ZHO,Kick Sauber,Monaco Grand Prix,8,46.318000000000005,21.596499999999995
74.718,75.0,SOFT,5.0,ZHO,Kick Sauber,Monaco Grand Prix,8,46.318000000000005,21.596499999999995
77.173,76.0,SOFT,6.0,ZHO,Kick Sauber,Monaco Grand Prix,8,46.318000000000005,21.596499999999995
96.443,3.0,INTERMEDIATE,3.0,VER,Red Bull Racing,Canadian Grand Prix,9,24.569911504424784,17.797345132743363
95.105,4.0,INTERMEDIATE,4.0,VER,Red Bull Racing,Canadian Grand Prix,9,24.569911504424784,17.797345132743363
93.859,5.0,INTERMEDIATE,5.0,VER,Red Bull Racing,Canadian Grand Prix,9,24.569911504424784,17.797345132743363
92.634,6.0,INTERMEDIATE,6.0,VER,Red Bull Racing,Canadian Grand Prix,9,24.569911504424784,17.797345132743363
91.258,7.0,INTERMEDIATE,7.0,VER,Red Bull Racing,Canadian Grand Prix,9,24.569911504424784,17.797345132743363
90.766,8.0,INTERMEDIATE,8.0,VER,Red Bull Racing,Canadian Grand Prix,9,24.569911504424784,17.797345132743363
90.159,9.0,INTERMEDIATE,9.0,VER,Red Bull Racing,Canadian Grand Prix,9,24.569911504424784,17.797345132743363
89.295,10.0,INTERMEDIATE,10.0,VER,Red Bull Racing,Canadian Grand Prix,9,24.569911504424784,17.797345132743363
89.7,11.0,INTERMEDIATE,11.0,VER,Red Bull Racing,Canadian Grand Prix,9,24.569911504424784,17.797345132743363
88.991,12.0,INTERMEDIATE,12.0,VER,Red Bull Racing,Canadian Grand Prix,9,24.569911504424784,17.797345132743363
88.532,13.0,INTERMEDIATE,13.0,VER,Red Bull Racing,Canadian Grand Prix,9,24.569911504424784,17.797345132743363
88.527,14.0,INTERMEDIATE,14.0,VER,Red Bull Racing,Canadian Grand Prix,9,24.569911504424784,17.797345132743363
88.637,15.0,INTERMEDIATE,15.0,VER,Red Bull Racing,Canadian Grand Prix,9,24.569911504424784,17.797345132743363
88.138,16.0,INTERMEDIATE,16.0,VER,Red Bull Racing,Canadian Grand Prix,9,24.569911504424784,17.797345132743363
89.256,17.0,INTERMEDIATE,17.0,VER,Red Bull Racing,Canadian Grand Prix,9,24.569911504424784,17.797345132743363
86.436,18.0,INTERMEDIATE,18.0,VER,Red Bull Racing,Canadian Grand Prix,9,24.569911504424784,17.797345132743363
86.001,19.0,INTERMEDIATE,19.0,VER,Red Bull Racing,Canadian Grand Prix,9,24.569911504424784,17.797345132743363
86.265,20.0,INTERMEDIATE,20.0,VER,Red Bull Racing,Canadian Grand Prix,9,24.569911504424784,17.797345132743363
86.578,21.0,INTERMEDIATE,21.0,VER,Red Bull Racing,Canadian Grand Prix,9,24.569911504424784,17.797345132743363
86.59,22.0,INTERMEDIATE,22.0,VER,Red Bull Racing,Canadian Grand Prix,9,24.569911504424784,17.797345132743363
86.591,23.0,INTERMEDIATE,23.0,VER,Red Bull Racing,Canadian Grand Prix,9,24.569911504424784,17.797345132743363
87.034,24.0,INTERMEDIATE,24.0,VER,Red Bull Racing,Canadian Grand Prix,9,24.569911504424784,17.797345132743363
113.896,25.0,INTERMEDIATE,25.0,VER,Red Bull Racing,Canadian Grand Prix,9,24.569911504424784,17.797345132743363
109.849,26.0,INTERMEDIATE,1.0,VER,Red Bull Racing,Canadian Grand Prix,9,24.569911504424784,17.797345132743363
128.316,28.0,INTERMEDIATE,3.0,VER,Red Bull Racing,Canadian Grand Prix,9,24.569911504424784,17.797345132743363
86.187,30.0,INTERMEDIATE,5.0,VER,Red Bull Racing,Canadian Grand Prix,9,24.569911504424784,17.797345132743363
89.219,31.0,INTERMEDIATE,6.0,VER,Red Bull Racing,Canadian Grand Prix,9,24.569911504424784,17.797345132743363
90.715,32.0,INTERMEDIATE,7.0,VER,Red Bull Racing,Canadian Grand Prix,9,24.569911504424784,17.797345132743363
89.528,33.0,INTERMEDIATE,8.0,VER,Red Bull Racing,Canadian Grand Prix,9,24.569911504424784,17.797345132743363
87.754,34.0,INTERMEDIATE,9.0,VER,Red Bull Racing,Canadian Grand Prix,9,24.569911504424784,17.797345132743363
86.792,35.0,INTERMEDIATE,10.0,VER,Red Bull Racing,Canadian Grand Prix,9,24.569911504424784,17.797345132743363
86.269,36.0,INTERMEDIATE,11.0,VER,Red Bull Racing,Canadian Grand Prix,9,24.569911504424784,17.797345132743363
85.748,37.0,INTERMEDIATE,12.0,VER,Red Bull Racing,Canadian Grand Prix,9,24.569911504424784,17.797345132743363
85.386,38.0,INTERMEDIATE,13.0,VER,Red Bull Racing,Canadian Grand Prix,9,24.569911504424784,17.797345132743363
84.859,39.0,INTERMEDIATE,14.0,VER,Red Bull Racing,Canadian Grand Prix,9,24.569911504424784,17.797345132743363
84.711,40.0,INTERMEDIATE,15.0,VER,Red Bull Racing,Canadian Grand Prix,9,24.569911504424784,17.797345132743363
84.159,41.0,INTERMEDIATE,16.0,VER,Red Bull Racing,Canadian Grand Prix,9,24.569911504424784,17.797345132743363
84.079,42.0,INTERMEDIATE,17.0,VER,Red Bull Racing,Canadian Grand Prix,9,24.569911504424784,17.797345132743363
84.292,43.0,INTERMEDIATE,18.0,VER,Red Bull Racing,Canadian Grand Prix,9,24.569911504424784,17.797345132743363
84.381,44.0,INTERMEDIATE,19.0,VER,Red Bull Racing,Canadian Grand Prix,9,24.569911504424784,17.797345132743363
100.612,45.0,INTERMEDIATE,20.0,VER,Red Bull Racing,Canadian Grand Prix,9,24.569911504424784,17.797345132743363
90.823,46.0,MEDIUM,1.0,VER,Red Bull Racing,Canadian Grand Prix,9,24.569911504424784,17.797345132743363
82.905,47.0,MEDIUM,2.0,VER,Red Bull Racing,Canadian Grand Prix,9,24.569911504424784,17.797345132743363
80.47,48.0,MEDIUM,3.0,VER,Red Bull Racing,Canadian Grand Prix,9,24.569911504424784,17.797345132743363
79.401,49.0,MEDIUM,4.0,VER,Red Bull Racing,Canadian Grand Prix,9,24.569911504424784,17.797345132743363
78.596,50.0,MEDIUM,5.0,VER,Red Bull Racing,Canadian Grand Prix,9,24.569911504424784,17.797345132743363
78.109,51.0,MEDIUM,6.0,VER,Red Bull Racing,Canadian Grand Prix,9,24.569911504424784,17.797345132743363
77.905,52.0,MEDIUM,7.0,VER,Red Bull Racing,Canadian Grand Prix,9,24.569911504424784,17.797345132743363
77.251,53.0,MEDIUM,8.0,VER,Red Bull Racing,Canadian Grand Prix,9,24.569911504424784,17.797345132743363
99.889,54.0,MEDIUM,9.0,VER,Red Bull Racing,Canadian Grand Prix,9,24.569911504424784,17.797345132743363
123.992,56.0,MEDIUM,11.0,VER,Red Bull Racing,Canadian Grand Prix,9,24.569911504424784,17.797345132743363
116.657,57.0,MEDIUM,12.0,VER,Red Bull Racing,Canadian Grand Prix,9,24.569911504424784,17.797345132743363
78.361,59.0,MEDIUM,14.0,VER,Red Bull Racing,Canadian Grand Prix,9,24.569911504424784,17.797345132743363
77.472,60.0,MEDIUM,15.0,VER,Red Bull Racing,Canadian Grand Prix,9,24.569911504424784,17.797345132743363
76.625,61.0,MEDIUM,16.0,VER,Red Bull Racing,Canadian Grand Prix,9,24.569911504424784,17.797345132743363
76.318,62.0,MEDIUM,17.0,VER,Red Bull Racing,Canadian Grand Prix,9,24.569911504424784,17.797345132743363
75.983,63.0,MEDIUM,18.0,VER,Red Bull Racing,Canadian Grand Prix,9,24.569911504424784,17.797345132743363
75.83,64.0,MEDIUM,19.0,VER,Red Bull Racing,Canadian Grand Prix,9,24.569911504424784,17.797345132743363
75.882,65.0,MEDIUM,20.0,VER,Red Bull Racing,Canadian Grand Prix,9,24.569911504424784,17.797345132743363
75.823,66.0,MEDIUM,21.0,VER,Red Bull Racing,Canadian Grand Prix,9,24.569911504424784,17.797345132743363
75.77,67.0,MEDIUM,22.0,VER,Red Bull Racing,Canadian Grand Prix,9,24.569911504424784,17.797345132743363
75.742,68.0,MEDIUM,23.0,VER,Red Bull Racing,Canadian Grand Prix,9,24.569911504424784,17.797345132743363
75.935,69.0,MEDIUM,24.0,VER,Red Bull Racing,Canadian Grand Prix,9,24.569911504424784,17.797345132743363
75.569,70.0,MEDIUM,25.0,VER,Red Bull Racing,Canadian Grand Prix,9,24.569911504424784,17.797345132743363
100.496,3.0,INTERMEDIATE,3.0,GAS,Alpine,Canadian Grand Prix,9,24.569911504424784,17.797345132743363
98.907,4.0,INTERMEDIATE,4.0,GAS,Alpine,Canadian Grand Prix,9,24.569911504424784,17.797345132743363
98.846,5.0,INTERMEDIATE,5.0,GAS,Alpine,Canadian Grand Prix,9,24.569911504424784,17.797345132743363
96.574,6.0,INTERMEDIATE,6.0,GAS,Alpine,Canadian Grand Prix,9,24.569911504424784,17.797345132743363
95.344,7.0,INTERMEDIATE,7.0,GAS,Alpine,Canadian Grand Prix,9,24.569911504424784,17.797345132743363
92.862,8.0,INTERMEDIATE,8.0,GAS,Alpine,Canadian Grand Prix,9,24.569911504424784,17.797345132743363
91.76,9.0,INTERMEDIATE,9.0,GAS,Alpine,Canadian Grand Prix,9,24.569911504424784,17.797345132743363
91.486,10.0,INTERMEDIATE,10.0,GAS,Alpine,Canadian Grand Prix,9,24.569911504424784,17.797345132743363
93.319,11.0,INTERMEDIATE,11.0,GAS,Alpine,Canadian Grand Prix,9,24.569911504424784,17.797345132743363
89.961,12.0,INTERMEDIATE,12.0,GAS,Alpine,Canadian Grand Prix,9,24.569911504424784,17.797345132743363
90.82,13.0,INTERMEDIATE,13.0,GAS,Alpine,Canadian Grand Prix,9,24.569911504424784,17.797345132743363
90.358,14.0,INTERMEDIATE,14.0,GAS,Alpine,Canadian Grand Prix,9,24.569911504424784,17.797345132743363
89.896,15.0,INTERMEDIATE,15.0,GAS,Alpine,Canadian Grand Prix,9,24.569911504424784,17.797345132743363
88.456,16.0,INTERMEDIATE,16.0,GAS,Alpine,Canadian Grand Prix,9,24.569911504424784,17.797345132743363
87.982,17.0,INTERMEDIATE,17.0,GAS,Alpine,Canadian Grand Prix,9,24.569911504424784,17.797345132743363
88.933,18.0,INTERMEDIATE,18.0,GAS,Alpine,Canadian Grand Prix,9,24.569911504424784,17.797345132743363
87.412,19.0,INTERMEDIATE,19.0,GAS,Alpine,Canadian Grand Prix,9,24.569911504424784,17.797345132743363
86.818,20.0,INTERMEDIATE,20.0,GAS,Alpine,Canadian Grand Prix,9,24.569911504424784,17.797345132743363
87.756,21.0,INTERMEDIATE,21.0,GAS,Alpine,Canadian Grand Prix,9,24.569911504424784,17.797345132743363
85.165,22.0,INTERMEDIATE,22.0,GAS,Alpine,Canadian Grand Prix,9,24.569911504424784,17.797345132743363
85.084,23.0,INTERMEDIATE,23.0,GAS,Alpine,Canadian Grand Prix,9,24.569911504424784,17.797345132743363
87.539,24.0,INTERMEDIATE,24.0,GAS,Alpine,Canadian Grand Prix,9,24.569911504424784,17.797345132743363
128.873,25.0,INTERMEDIATE,25.0,GAS,Alpine,Canadian Grand Prix,9,24.569911504424784,17.797345132743363
113.4,26.0,INTERMEDIATE,1.0,GAS,Alpine,Canadian Grand Prix,9,24.569911504424784,17.797345132743363
103.122,27.0,INTERMEDIATE,2.0,GAS,Alpine,Canadian Grand Prix,9,24.569911504424784,17.797345132743363
101.97,28.0,INTERMEDIATE,3.0,GAS,Alpine,Canadian Grand Prix,9,24.569911504424784,17.797345132743363
116.579,29.0,INTERMEDIATE,4.0,GAS,Alpine,Canadian Grand Prix,9,24.569911504424784,17.797345132743363
89.531,30.0,INTERMEDIATE,5.0,GAS,Alpine,Canadian Grand Prix,9,24.569911504424784,17.797345132743363
92.523,31.0,INTERMEDIATE,6.0,GAS,Alpine,Canadian Grand Prix,9,24.569911504424784,17.797345132743363
91.747,32.0,INTERMEDIATE,7.0,GAS,Alpine,Canadian Grand Prix,9,24.569911504424784,17.797345132743363
90.925,33.0,INTERMEDIATE,8.0,GAS,Alpine,Canadian Grand Prix,9,24.569911504424784,17.797345132743363
88.934,34.0,INTERMEDIATE,9.0,GAS,Alpine,Canadian Grand Prix,9,24.569911504424784,17.797345132743363
88.432,35.0,INTERMEDIATE,10.0,GAS,Alpine,Canadian Grand Prix,9,24.569911504424784,17.797345132743363
87.6,36.0,INTERMEDIATE,11.0,GAS,Alpine,Canadian Grand Prix,9,24.569911504424784,17.797345132743363
87.643,37.0,INTERMEDIATE,12.0,GAS,Alpine,Canadian Grand Prix,9,24.569911504424784,17.797345132743363
86.753,38.0,INTERMEDIATE,13.0,GAS,Alpine,Canadian Grand Prix,9,24.569911504424784,17.797345132743363
87.411,39.0,INTERMEDIATE,14.0,GAS,Alpine,Canadian Grand Prix,9,24.569911504424784,17.797345132743363
102.267,40.0,INTERMEDIATE,15.0,GAS,Alpine,Canadian Grand Prix,9,24.569911504424784,17.797345132743363
100.549,41.0,HARD,1.0,GAS,Alpine,Canadian Grand Prix,9,24.569911504424784,17.797345132743363
87.188,42.0,HARD,2.0,GAS,Alpine,Canadian Grand Prix,9,24.569911504424784,17.797345132743363
83.906,43.0,HARD,3.0,GAS,Alpine,Canadian Grand Prix,9,24.569911504424784,17.797345132743363
84.981,44.0,HARD,4.0,GAS,Alpine,Canadian Grand Prix,9,24.569911504424784,17.797345132743363
83.452,45.0,HARD,5.0,GAS,Alpine,Canadian Grand Prix,9,24.569911504424784,17.797345132743363
82.775,46.0,HARD,6.0,GAS,Alpine,Canadian Grand Prix,9,24.569911504424784,17.797345132743363
80.553,47.0,HARD,7.0,GAS,Alpine,Canadian Grand Prix,9,24.569911504424784,17.797345132743363
81.407,48.0,HARD,8.0,GAS,Alpine,Canadian Grand Prix,9,24.569911504424784,17.797345132743363
80.718,49.0,HARD,9.0,GAS,Alpine,Canadian Grand Prix,9,24.569911504424784,17.797345132743363
79.854,50.0,HARD,10.0,GAS,Alpine,Canadian Grand Prix,9,24.569911504424784,17.797345132743363
78.939,51.0,HARD,11.0,GAS,Alpine,Canadian Grand Prix,9,24.569911504424784,17.797345132743363
80.105,52.0,HARD,12.0,GAS,Alpine,Canadian Grand Prix,9,24.569911504424784,17.797345132743363
94.81,53.0,HARD,13.0,GAS,Alpine,Canadian Grand Prix,9,24.569911504424784,17.797345132743363
101.711,54.0,HARD,14.0,GAS,Alpine,Canadian Grand Prix,9,24.569911504424784,17.797345132743363
93.813,55.0,HARD,15.0,GAS,Alpine,Canadian Grand Prix,9,24.569911504424784,17.797345132743363
115.801,56.0,HARD,16.0,GAS,Alpine,Canadian Grand Prix,9,24.569911504424784,17.797345132743363
112.791,57.0,HARD,17.0,GAS,Alpine,Canadian Grand Prix,9,24.569911504424784,17.797345132743363
128.079,58.0,HARD,18.0,GAS,Alpine,Canadian Grand Prix,9,24.569911504424784,17.797345132743363
81.432,59.0,HARD,19.0,GAS,Alpine,Canadian Grand Prix,9,24.569911504424784,17.797345132743363
78.567,60.0,HARD,20.0,GAS,Alpine,Canadian Grand Prix,9,24.569911504424784,17.797345132743363
78.857,61.0,HARD,21.0,GAS,Alpine,Canadian Grand Prix,9,24.569911504424784,17.797345132743363
78.734,62.0,HARD,22.0,GAS,Alpine,Canadian Grand Prix,9,24.569911504424784,17.797345132743363
77.997,63.0,HARD,23.0,GAS,Alpine,Canadian Grand Prix,9,24.569911504424784,17.797345132743363
77.606,64.0,HARD,24.0,GAS,Alpine,Canadian Grand Prix,9,24.569911504424784,17.797345132743363
77.619,65.0,HARD,25.0,GAS,Alpine,Canadian Grand Prix,9,24.569911504424784,17.797345132743363
78.114,66.0,HARD,26.0,GAS,Alpine,Canadian Grand Prix,9,24.569911504424784,17.797345132743363
77.964,67.0,HARD,27.0,GAS,Alpine,Canadian Grand Prix,9,24.569911504424784,17.797345132743363
77.742,68.0,HARD,28.0,GAS,Alpine,Canadian Grand Prix,9,24.569911504424784,17.797345132743363
77.621,69.0,HARD,29.0,GAS,Alpine,Canadian Grand Prix,9,24.569911504424784,17.797345132743363
77.013,70.0,HARD,30.0,GAS,Alpine,Canadian Grand Prix,9,24.569911504424784,17.797345132743363
100.055,3.0,INTERMEDIATE,3.0,PER,Red Bull Racing,Canadian Grand Prix,9,24.569911504424784,17.797345132743363
99.37,4.0,INTERMEDIATE,4.0,PER,Red Bull Racing,Canadian Grand Prix,9,24.569911504424784,17.797345132743363
98.58,5.0,INTERMEDIATE,5.0,PER,Red Bull Racing,Canadian Grand Prix,9,24.569911504424784,17.797345132743363
96.377,6.0,INTERMEDIATE,6.0,PER,Red Bull Racing,Canadian Grand Prix,9,24.569911504424784,17.797345132743363
94.071,7.0,INTERMEDIATE,7.0,PER,Red Bull Racing,Canadian Grand Prix,9,24.569911504424784,17.797345132743363
93.132,8.0,INTERMEDIATE,8.0,PER,Red Bull Racing,Canadian Grand Prix,9,24.569911504424784,17.797345132743363
93.168,9.0,INTERMEDIATE,9.0,PER,Red Bull Racing,Canadian Grand Prix,9,24.569911504424784,17.797345132743363
91.205,10.0,INTERMEDIATE,10.0,PER,Red Bull Racing,Canadian Grand Prix,9,24.569911504424784,17.797345132743363
92.334,11.0,INTERMEDIATE,11.0,PER,Red Bull Racing,Canadian Grand Prix,9,24.569911504424784,17.797345132743363
91.058,12.0,INTERMEDIATE,12.0,PER,Red Bull Racing,Canadian Grand Prix,9,24.569911504424784,17.797345132743363
90.802,13.0,INTERMEDIATE,13.0,PER,Red Bull Racing,Canadian Grand Prix,9,24.569911504424784,17.797345132743363
90.583,14.0,INTERMEDIATE,14.0,PER,Red Bull Racing,Canadian Grand Prix,9,24.569911504424784,17.797345132743363
89.598,15.0,INTERMEDIATE,15.0,PER,Red Bull Racing,Canadian Grand Prix,9,24.569911504424784,17.797345132743363
88.452,16.0,INTERMEDIATE,16.0,PER,Red Bull Racing,Canadian Grand Prix,9,24.569911504424784,17.797345132743363
88.718,17.0,INTERMEDIATE,17.0,PER,Red Bull Racing,Canadian Grand Prix,9,24.569911504424784,17.797345132743363
87.644,18.0,INTERMEDIATE,18.0,PER,Red Bull Racing,Canadian Grand Prix,9,24.569911504424784,17.797345132743363
87.001,19.0,INTERMEDIATE,19.0,PER,Red Bull Racing,Canadian Grand Prix,9,24.569911504424784,17.797345132743363
88.03,20.0,INTERMEDIATE,20.0,PER,Red Bull Racing,Canadian Grand Prix,9,24.569911504424784,17.797345132743363
91.463,21.0,INTERMEDIATE,21.0,PER,Red Bull Racing,Canadian Grand Prix,9,24.569911504424784,17.797345132743363
86.184,22.0,INTERMEDIATE,22.0,PER,Red Bull Racing,Canadian Grand Prix,9,24.569911504424784,17.797345132743363
86.418,23.0,INTERMEDIATE,23.0,PER,Red Bull Racing,Canadian Grand Prix,9,24.569911504424784,17.797345132743363
86.62,24.0,INTERMEDIATE,24.0,PER,Red Bull Racing,Canadian Grand Prix,9,24.569911504424784,17.797345132743363
112.077,26.0,INTERMEDIATE,1.0,PER,Red Bull Racing,Canadian Grand Prix,9,24.569911504424784,17.797345132743363
94.59,27.0,INTERMEDIATE,2.0,PER,Red Bull Racing,Canadian Grand Prix,9,24.569911504424784,17.797345132743363
101.588,28.0,INTERMEDIATE,3.0,PER,Red Bull Racing,Canadian Grand Prix,9,24.569911504424784,17.797345132743363
115.686,29.0,INTERMEDIATE,4.0,PER,Red Bull Racing,Canadian Grand Prix,9,24.569911504424784,17.797345132743363
89.333,30.0,INTERMEDIATE,5.0,PER,Red Bull Racing,Canadian Grand Prix,9,24.569911504424784,17.797345132743363
93.782,31.0,INTERMEDIATE,6.0,PER,Red Bull Racing,Canadian Grand Prix,9,24.569911504424784,17.797345132743363
92.347,32.0,INTERMEDIATE,7.0,PER,Red Bull Racing,Canadian Grand Prix,9,24.569911504424784,17.797345132743363
90.413,33.0,INTERMEDIATE,8.0,PER,Red Bull Racing,Canadian Grand Prix,9,24.569911504424784,17.797345132743363
88.604,34.0,INTERMEDIATE,9.0,PER,Red Bull Racing,Canadian Grand Prix,9,24.569911504424784,17.797345132743363
88.705,35.0,INTERMEDIATE,10.0,PER,Red Bull Racing,Canadian Grand Prix,9,24.569911504424784,17.797345132743363
87.346,36.0,INTERMEDIATE,11.0,PER,Red Bull Racing,Canadian Grand Prix,9,24.569911504424784,17.797345132743363
87.478,37.0,INTERMEDIATE,12.0,PER,Red Bull Racing,Canadian Grand Prix,9,24.569911504424784,17.797345132743363
86.96,38.0,INTERMEDIATE,13.0,PER,Red Bull Racing,Canadian Grand Prix,9,24.569911504424784,17.797345132743363
86.56,39.0,INTERMEDIATE,14.0,PER,Red Bull Racing,Canadian Grand Prix,9,24.569911504424784,17.797345132743363
85.83,40.0,INTERMEDIATE,15.0,PER,Red Bull Racing,Canadian Grand Prix,9,24.569911504424784,17.797345132743363
85.233,41.0,INTERMEDIATE,16.0,PER,Red Bull Racing,Canadian Grand Prix,9,24.569911504424784,17.797345132743363
85.681,42.0,INTERMEDIATE,17.0,PER,Red Bull Racing,Canadian Grand Prix,9,24.569911504424784,17.797345132743363
102.006,43.0,INTERMEDIATE,18.0,PER,Red Bull Racing,Canadian Grand Prix,9,24.569911504424784,17.797345132743363
94.08,44.0,MEDIUM,1.0,PER,Red Bull Racing,Canadian Grand Prix,9,24.569911504424784,17.797345132743363
86.788,45.0,MEDIUM,2.0,PER,Red Bull Racing,Canadian Grand Prix,9,24.569911504424784,17.797345132743363
83.303,46.0,MEDIUM,3.0,PER,Red Bull Racing,Canadian Grand Prix,9,24.569911504424784,17.797345132743363
81.015,47.0,MEDIUM,4.0,PER,Red Bull Racing,Canadian Grand Prix,9,24.569911504424784,17.797345132743363
81.565,48.0,MEDIUM,5.0,PER,Red Bull Racing,Canadian Grand Prix,9,24.569911504424784,17.797345132743363
81.075,49.0,MEDIUM,6.0,PER,Red Bull Racing,Canadian Grand Prix,9,24.569911504424784,17.797345132743363
79.785,50.0,MEDIUM,7.0,PER,Red Bull Racing,Canadian Grand Prix,9,24.569911504424784,17.797345132743363
78.819,51.0,MEDIUM,8.0,PER,Red Bull Racing,Canadian Grand Prix,9,24.569911504424784,17.797345132743363
98.216,3.0,INTERMEDIATE,3.0,ALO,Aston Martin,Canadian Grand Prix,9,24.569911504424784,17.797345132743363
96.643,4.0,INTERMEDIATE,4.0,ALO,Aston Martin,Canadian Grand Prix,9,24.569911504424784,17.797345132743363
96.345,5.0,INTERMEDIATE,5.0,ALO,Aston Martin,Canadian Grand Prix,9,24.569911504424784,17.797345132743363
96.32,6.0,INTERMEDIATE,6.0,ALO,Aston Martin,Canadian Grand Prix,9,24.569911504424784,17.797345132743363
95.131,7.0,INTERMEDIATE,7.0,ALO,Aston Martin,Canadian Grand Prix,9,24.569911504424784,17.797345132743363
92.566,8.0,INTERMEDIATE,8.0,ALO,Aston Martin,Canadian Grand Prix,9,24.569911504424784,17.797345132743363
90.866,9.0,INTERMEDIATE,9.0,ALO,Aston Martin,Canadian Grand Prix,9,24.569911504424784,17.797345132743363
90.025,10.0,INTERMEDIATE,10.0,ALO,Aston Martin,Canadian Grand Prix,9,24.569911504424784,17.797345132743363
89.371,11.0,INTERMEDIATE,11.0,ALO,Aston Martin,Canadian Grand Prix,9,24.569911504424784,17.797345132743363
89.269,12.0,INTERMEDIATE,12.0,ALO,Aston Martin,Canadian Grand Prix,9,24.569911504424784,17.797345132743363
88.661,13.0,INTERMEDIATE,13.0,ALO,Aston Martin,Canadian Grand Prix,9,24.569911504424784,17.797345132743363
88.314,14.0,INTERMEDIATE,14.0,ALO,Aston Martin,Canadian Grand Prix,9,24.569911504424784,17.797345132743363
87.99,15.0,INTERMEDIATE,15.0,ALO,Aston Martin,Canadian Grand Prix,9,24.569911504424784,17.797345132743363
86.877,16.0,INTERMEDIATE,16.0,ALO,Aston Martin,Canadian Grand Prix,9,24.569911504424784,17.797345132743363
88.248,17.0,INTERMEDIATE,17.0,ALO,Aston Martin,Canadian Grand Prix,9,24.569911504424784,17.797345132743363
86.318,18.0,INTERMEDIATE,18.0,ALO,Aston Martin,Canadian Grand Prix,9,24.569911504424784,17.797345132743363
86.192,19.0,INTERMEDIATE,19.0,ALO,Aston Martin,Canadian Grand Prix,9,24.569911504424784,17.797345132743363
85.488,20.0,INTERMEDIATE,20.0,ALO,Aston Martin,Canadian Grand Prix,9,24.569911504424784,17.797345132743363
86.07,21.0,INTERMEDIATE,21.0,ALO,Aston Martin,Canadian Grand Prix,9,24.569911504424784,17.797345132743363
85.451,22.0,INTERMEDIATE,22.0,ALO,Aston Martin,Canadian Grand Prix,9,24.569911504424784,17.797345132743363
85.977,23.0,INTERMEDIATE,23.0,ALO,Aston Martin,Canadian Grand Prix,9,24.569911504424784,17.797345132743363
86.664,24.0,INTERMEDIATE,24.0,ALO,Aston Martin,Canadian Grand Prix,9,24.569911504424784,17.797345132743363
118.83,25.0,INTERMEDIATE,25.0,ALO,Aston Martin,Canadian Grand Prix,9,24.569911504424784,17.797345132743363
119.494,26.0,INTERMEDIATE,1.0,ALO,Aston Martin,Canadian Grand Prix,9,24.569911504424784,17.797345132743363
112.214,27.0,INTERMEDIATE,2.0,ALO,Aston Martin,Canadian Grand Prix,9,24.569911504424784,17.797345132743363
119.563,28.0,INTERMEDIATE,3.0,ALO,Aston Martin,Canadian Grand Prix,9,24.569911504424784,17.797345132743363
88.464,30.0,INTERMEDIATE,5.0,ALO,Aston Martin,Canadian Grand Prix,9,24.569911504424784,17.797345132743363
90.492,31.0,INTERMEDIATE,6.0,ALO,Aston Martin,Canadian Grand Prix,9,24.569911504424784,17.797345132743363
91.726,32.0,INTERMEDIATE,7.0,ALO,Aston Martin,Canadian Grand Prix,9,24.569911504424784,17.797345132743363
90.703,33.0,INTERMEDIATE,8.0,ALO,Aston Martin,Canadian Grand Prix,9,24.569911504424784,17.797345132743363
88.854,34.0,INTERMEDIATE,9.0,ALO,Aston Martin,Canadian Grand Prix,9,24.569911504424784,17.797345132743363
87.872,35.0,INTERMEDIATE,10.0,ALO,Aston Martin,Canadian Grand Prix,9,24.569911504424784,17.797345132743363
87.681,36.0,INTERMEDIATE,11.0,ALO,Aston Martin,Canadian Grand Prix,9,24.569911504424784,17.797345132743363
87.337,37.0,INTERMEDIATE,12.0,ALO,Aston Martin,Canadian Grand Prix,9,24.569911504424784,17.797345132743363
87.139,38.0,INTERMEDIATE,13.0,ALO,Aston Martin,Canadian Grand Prix,9,24.569911504424784,17.797345132743363
86.045,39.0,INTERMEDIATE,14.0,ALO,Aston Martin,Canadian Grand Prix,9,24.569911504424784,17.797345132743363
85.596,40.0,INTERMEDIATE,15.0,ALO,Aston Martin,Canadian Grand Prix,9,24.569911504424784,17.797345132743363
85.218,41.0,INTERMEDIATE,16.0,ALO,Aston Martin,Canadian Grand Prix,9,24.569911504424784,17.797345132743363
84.768,42.0,INTERMEDIATE,17.0,ALO,Aston Martin,Canadian Grand Prix,9,24.569911504424784,17.797345132743363
84.453,43.0,INTERMEDIATE,18.0,ALO,Aston Martin,Canadian Grand Prix,9,24.569911504424784,17.797345132743363
100.506,44.0,INTERMEDIATE,19.0,ALO,Aston Martin,Canadian Grand Prix,9,24.569911504424784,17.797345132743363
93.457,45.0,HARD,1.0,ALO,Aston Martin,Canadian Grand Prix,9,24.569911504424784,17.797345132743363
86.09,46.0,HARD,2.0,ALO,Aston Martin,Canadian Grand Prix,9,24.569911504424784,17.797345132743363
84.861,47.0,HARD,3.0,ALO,Aston Martin,Canadian Grand Prix,9,24.569911504424784,17.797345132743363
83.117,48.0,HARD,4.0,ALO,Aston Martin,Canadian Grand Prix,9,24.569911504424784,17.797345132743363
81.938,49.0,HARD,5.0,ALO,Aston Martin,Canadian Grand Prix,9,24.569911504424784,17.797345132743363
79.783,50.0,HARD,6.0,ALO,Aston Martin,Canadian Grand Prix,9,24.569911504424784,17.797345132743363
79.455,51.0,HARD,7.0,ALO,Aston Martin,Canadian Grand Prix,9,24.569911504424784,17.797345132743363
78.88,52.0,HARD,8.0,ALO,Aston Martin,Canadian Grand Prix,9,24.569911504424784,17.797345132743363
86.279,53.0,HARD,9.0,ALO,Aston Martin,Canadian Grand Prix,9,24.569911504424784,17.797345132743363
101.363,54.0,HARD,10.0,ALO,Aston Martin,Canadian Grand Prix,9,24.569911504424784,17.797345132743363
100.877,55.0,HARD,11.0,ALO,Aston Martin,Canadian Grand Prix,9,24.569911504424784,17.797345132743363
118.627,56.0,HARD,12.0,ALO,Aston Martin,Canadian Grand Prix,9,24.569911504424784,17.797345132743363
113.122,57.0,HARD,13.0,ALO,Aston Martin,Canadian Grand Prix,9,24.569911504424784,17.797345132743363
80.627,59.0,HARD,15.0,ALO,Aston Martin,Canadian Grand Prix,9,24.569911504424784,17.797345132743363
78.612,60.0,HARD,16.0,ALO,Aston Martin,Canadian Grand Prix,9,24.569911504424784,17.797345132743363
77.675,61.0,HARD,17.0,ALO,Aston Martin,Canadian Grand Prix,9,24.569911504424784,17.797345132743363
77.68,62.0,HARD,18.0,ALO,Aston Martin,Canadian Grand Prix,9,24.569911504424784,17.797345132743363
77.153,63.0,HARD,19.0,ALO,Aston Martin,Canadian Grand Prix,9,24.569911504424784,17.797345132743363
77.182,64.0,HARD,20.0,ALO,Aston Martin,Canadian Grand Prix,9,24.569911504424784,17.797345132743363
77.398,65.0,HARD,21.0,ALO,Aston Martin,Canadian Grand Prix,9,24.569911504424784,17.797345132743363
77.178,66.0,HARD,22.0,ALO,Aston Martin,Canadian Grand Prix,9,24.569911504424784,17.797345132743363
77.116,67.0,HARD,23.0,ALO,Aston Martin,Canadian Grand Prix,9,24.569911504424784,17.797345132743363
76.691,68.0,HARD,24.0,ALO,Aston Martin,Canadian Grand Prix,9,24.569911504424784,17.797345132743363
76.387,69.0,HARD,25.0,ALO,Aston Martin,Canadian Grand Prix,9,24.569911504424784,17.797345132743363
76.303,70.0,HARD,26.0,ALO,Aston Martin,Canadian Grand Prix,9,24.569911504424784,17.797345132743363
99.247,3.0,INTERMEDIATE,3.0,LEC,Ferrari,Canadian Grand Prix,9,24.569911504424784,17.797345132743363
97.813,4.0,INTERMEDIATE,4.0,LEC,Ferrari,Canadian Grand Prix,9,24.569911504424784,17.797345132743363
96.358,5.0,INTERMEDIATE,5.0,LEC,Ferrari,Canadian Grand Prix,9,24.569911504424784,17.797345132743363
96.3,6.0,INTERMEDIATE,6.0,LEC,Ferrari,Canadian Grand Prix,9,24.569911504424784,17.797345132743363
94.541,7.0,INTERMEDIATE,7.0,LEC,Ferrari,Canadian Grand Prix,9,24.569911504424784,17.797345132743363
93.768,8.0,INTERMEDIATE,8.0,LEC,Ferrari,Canadian Grand Prix,9,24.569911504424784,17.797345132743363
92.791,9.0,INTERMEDIATE,9.0,LEC,Ferrari,Canadian Grand Prix,9,24.569911504424784,17.797345132743363
92.094,10.0,INTERMEDIATE,10.0,LEC,Ferrari,Canadian Grand Prix,9,24.569911504424784,17.797345132743363
94.16,11.0,INTERMEDIATE,11.0,LEC,Ferrari,Canadian Grand Prix,9,24.569911504424784,17.797345132743363
93.158,12.0,INTERMEDIATE,12.0,LEC,Ferrari,Canadian Grand Prix,9,24.569911504424784,17.797345132743363
90.52,13.0,INTERMEDIATE,13.0,LEC,Ferrari,Canadian Grand Prix,9,24.569911504424784,17.797345132743363
89.171,14.0,INTERMEDIATE,14.0,LEC,Ferrari,Canadian Grand Prix,9,24.569911504424784,17.797345132743363
88.868,15.0,INTERMEDIATE,15.0,LEC,Ferrari,Canadian Grand Prix,9,24.569911504424784,17.797345132743363
88.679,16.0,INTERMEDIATE,16.0,LEC,Ferrari,Canadian Grand Prix,9,24.569911504424784,17.797345132743363
88.325,17.0,INTERMEDIATE,17.0,LEC,Ferrari,Canadian Grand Prix,9,24.569911504424784,17.797345132743363
87.279,18.0,INTERMEDIATE,18.0,LEC,Ferrari,Canadian Grand Prix,9,24.569911504424784,17.797345132743363
87.107,19.0,INTERMEDIATE,19.0,LEC,Ferrari,Canadian Grand Prix,9,24.569911504424784,17.797345132743363
88.214,20.0,INTERMEDIATE,20.0,LEC,Ferrari,Canadian Grand Prix,9,24.569911504424784,17.797345132743363
88.317,21.0,INTERMEDIATE,21.0,LEC,Ferrari,Canadian Grand Prix,9,24.569911504424784,17.797345132743363
87.253,22.0,INTERMEDIATE,22.0,LEC,Ferrari,Canadian Grand Prix,9,24.569911504424784,17.797345132743363
86.623,23.0,INTERMEDIATE,23.0,LEC,Ferrari,Canadian Grand Prix,9,24.569911504424784,17.797345132743363
87.641,24.0,INTERMEDIATE,24.0,LEC,Ferrari,Canadian Grand Prix,9,24.569911504424784,17.797345132743363
124.957,25.0,INTERMEDIATE,25.0,LEC,Ferrari,Canadian Grand Prix,9,24.569911504424784,17.797345132743363
111.591,26.0,INTERMEDIATE,1.0,LEC,Ferrari,Canadian Grand Prix,9,24.569911504424784,17.797345132743363
105.291,27.0,INTERMEDIATE,2.0,LEC,Ferrari,Canadian Grand Prix,9,24.569911504424784,17.797345132743363
99.909,29.0,HARD,1.0,LEC,Ferrari,Canadian Grand Prix,9,24.569911504424784,17.797345132743363
104.706,30.0,HARD,2.0,LEC,Ferrari,Canadian Grand Prix,9,24.569911504424784,17.797345132743363
94.347,32.0,INTERMEDIATE,1.0,LEC,Ferrari,Canadian Grand Prix,9,24.569911504424784,17.797345132743363
88.269,33.0,INTERMEDIATE,2.0,LEC,Ferrari,Canadian Grand Prix,9,24.569911504424784,17.797345132743363
88.054,34.0,INTERMEDIATE,3.0,LEC,Ferrari,Canadian Grand Prix,9,24.569911504424784,17.797345132743363
90.236,35.0,INTERMEDIATE,4.0,LEC,Ferrari,Canadian Grand Prix,9,24.569911504424784,17.797345132743363
91.95,36.0,INTERMEDIATE,5.0,LEC,Ferrari,Canadian Grand Prix,9,24.569911504424784,17.797345132743363
87.015,37.0,INTERMEDIATE,6.0,LEC,Ferrari,Canadian Grand Prix,9,24.569911504424784,17.797345132743363
87.575,38.0,INTERMEDIATE,7.0,LEC,Ferrari,Canadian Grand Prix,9,24.569911504424784,17.797345132743363
86.012,39.0,INTERMEDIATE,8.0,LEC,Ferrari,Canadian Grand Prix,9,24.569911504424784,17.797345132743363
86.234,40.0,INTERMEDIATE,9.0,LEC,Ferrari,Canadian Grand Prix,9,24.569911504424784,17.797345132743363
100.688,3.0,INTERMEDIATE,3.0,STR,Aston Martin,Canadian Grand Prix,9,24.569911504424784,17.797345132743363
97.302,4.0,INTERMEDIATE,4.0,STR,Aston Martin,Canadian Grand Prix,9,24.569911504424784,17.797345132743363
97.044,5.0,INTERMEDIATE,5.0,STR,Aston Martin,Canadian Grand Prix,9,24.569911504424784,17.797345132743363
96.655,6.0,INTERMEDIATE,6.0,STR,Aston Martin,Canadian Grand Prix,9,24.569911504424784,17.797345132743363
93.695,7.0,INTERMEDIATE,7.0,STR,Aston Martin,Canadian Grand Prix,9,24.569911504424784,17.797345132743363
93.549,8.0,INTERMEDIATE,8.0,STR,Aston Martin,Canadian Grand Prix,9,24.569911504424784,17.797345132743363
92.85,9.0,INTERMEDIATE,9.0,STR,Aston Martin,Canadian Grand Prix,9,24.569911504424784,17.797345132743363
92.786,10.0,INTERMEDIATE,10.0,STR,Aston Martin,Canadian Grand Prix,9,24.569911504424784,17.797345132743363
94.245,11.0,INTERMEDIATE,11.0,STR,Aston Martin,Canadian Grand Prix,9,24.569911504424784,17.797345132743363
91.2,12.0,INTERMEDIATE,12.0,STR,Aston Martin,Canadian Grand Prix,9,24.569911504424784,17.797345132743363
90.255,13.0,INTERMEDIATE,13.0,STR,Aston Martin,Canadian Grand Prix,9,24.569911504424784,17.797345132743363
89.446,14.0,INTERMEDIATE,14.0,STR,Aston Martin,Canadian Grand Prix,9,24.569911504424784,17.797345132743363
89.017,15.0,INTERMEDIATE,15.0,STR,Aston Martin,Canadian Grand Prix,9,24.569911504424784,17.797345132743363
87.764,16.0,INTERMEDIATE,16.0,STR,Aston Martin,Canadian Grand Prix,9,24.569911504424784,17.797345132743363
87.365,17.0,INTERMEDIATE,17.0,STR,Aston Martin,Canadian Grand Prix,9,24.569911504424784,17.797345132743363
87.136,18.0,INTERMEDIATE,18.0,STR,Aston Martin,Canadian Grand Prix,9,24.569911504424784,17.797345132743363
86.88,19.0,INTERMEDIATE,19.0,STR,Aston Martin,Canadian Grand Prix,9,24.569911504424784,17.797345132743363
86.894,20.0,INTERMEDIATE,20.0,STR,Aston Martin,Canadian Grand Prix,9,24.569911504424784,17.797345132743363
86.728,21.0,INTERMEDIATE,21.0,STR,Aston Martin,Canadian Grand Prix,9,24.569911504424784,17.797345132743363
86.423,22.0,INTERMEDIATE,22.0,STR,Aston Martin,Canadian Grand Prix,9,24.569911504424784,17.797345132743363
87.166,23.0,INTERMEDIATE,23.0,STR,Aston Martin,Canadian Grand Prix,9,24.569911504424784,17.797345132743363
86.27,24.0,INTERMEDIATE,24.0,STR,Aston Martin,Canadian Grand Prix,9,24.569911504424784,17.797345132743363
123.142,25.0,INTERMEDIATE,25.0,STR,Aston Martin,Canadian Grand Prix,9,24.569911504424784,17.797345132743363
112.79,26.0,INTERMEDIATE,1.0,STR,Aston Martin,Canadian Grand Prix,9,24.569911504424784,17.797345132743363
97.744,27.0,INTERMEDIATE,2.0,STR,Aston Martin,Canadian Grand Prix,9,24.569911504424784,17.797345132743363
112.79,28.0,INTERMEDIATE,3.0,STR,Aston Martin,Canadian Grand Prix,9,24.569911504424784,17.797345132743363
128.442,29.0,INTERMEDIATE,4.0,STR,Aston Martin,Canadian Grand Prix,9,24.569911504424784,17.797345132743363
88.168,30.0,INTERMEDIATE,5.0,STR,Aston Martin,Canadian Grand Prix,9,24.569911504424784,17.797345132743363
90.97,31.0,INTERMEDIATE,6.0,STR,Aston Martin,Canadian Grand Prix,9,24.569911504424784,17.797345132743363
90.959,32.0,INTERMEDIATE,7.0,STR,Aston Martin,Canadian Grand Prix,9,24.569911504424784,17.797345132743363
90.845,33.0,INTERMEDIATE,8.0,STR,Aston Martin,Canadian Grand Prix,9,24.569911504424784,17.797345132743363
89.836,34.0,INTERMEDIATE,9.0,STR,Aston Martin,Canadian Grand Prix,9,24.569911504424784,17.797345132743363
88.065,35.0,INTERMEDIATE,10.0,STR,Aston Martin,Canadian Grand Prix,9,24.569911504424784,17.797345132743363
87.698,36.0,INTERMEDIATE,11.0,STR,Aston Martin,Canadian Grand Prix,9,24.569911504424784,17.797345132743363
87.579,37.0,INTERMEDIATE,12.0,STR,Aston Martin,Canadian Grand Prix,9,24.569911504424784,17.797345132743363
87.075,38.0,INTERMEDIATE,13.0,STR,Aston Martin,Canadian Grand Prix,9,24.569911504424784,17.797345132743363
86.61,39.0,INTERMEDIATE,14.0,STR,Aston Martin,Canadian Grand Prix,9,24.569911504424784,17.797345132743363
85.379,40.0,INTERMEDIATE,15.0,STR,Aston Martin,Canadian Grand Prix,9,24.569911504424784,17.797345132743363
86.097,41.0,INTERMEDIATE,16.0,STR,Aston Martin,Canadian Grand Prix,9,24.569911504424784,17.797345132743363
85.264,42.0,INTERMEDIATE,17.0,STR,Aston Martin,Canadian Grand Prix,9,24.569911504424784,17.797345132743363
85.612,43.0,INTERMEDIATE,18.0,STR,Aston Martin,Canadian Grand Prix,9,24.569911504424784,17.797345132743363
101.732,44.0,INTERMEDIATE,19.0,STR,Aston Martin,Canadian Grand Prix,9,24.569911504424784,17.797345132743363
92.774,45.0,HARD,2.0,STR,Aston Martin,Canadian Grand Prix,9,24.569911504424784,17.797345132743363
84.92,46.0,HARD,3.0,STR,Aston Martin,Canadian Grand Prix,9,24.569911504424784,17.797345132743363
83.728,47.0,HARD,4.0,STR,Aston Martin,Canadian Grand Prix,9,24.569911504424784,17.797345132743363
82.265,48.0,HARD,5.0,STR,Aston Martin,Canadian Grand Prix,9,24.569911504424784,17.797345132743363
80.776,49.0,HARD,6.0,STR,Aston Martin,Canadian Grand Prix,9,24.569911504424784,17.797345132743363
79.565,50.0,HARD,7.0,STR,Aston Martin,Canadian Grand Prix,9,24.569911504424784,17.797345132743363
79.392,51.0,HARD,8.0,STR,Aston Martin,Canadian Grand Prix,9,24.569911504424784,17.797345132743363
81.251,52.0,HARD,9.0,STR,Aston Martin,Canadian Grand Prix,9,24.569911504424784,17.797345132743363
85.278,53.0,HARD,10.0,STR,Aston Martin,Canadian Grand Prix,9,24.569911504424784,17.797345132743363
103.36,54.0,HARD,11.0,STR,Aston Martin,Canadian Grand Prix,9,24.569911504424784,17.797345132743363
97.349,55.0,HARD,12.0,STR,Aston Martin,Canadian Grand Prix,9,24.569911504424784,17.797345132743363
118.802,56.0,HARD,13.0,STR,Aston Martin,Canadian Grand Prix,9,24.569911504424784,17.797345132743363
113.17,57.0,HARD,14.0,STR,Aston Martin,Canadian Grand Prix,9,24.569911504424784,17.797345132743363
80.939,59.0,HARD,16.0,STR,Aston Martin,Canadian Grand Prix,9,24.569911504424784,17.797345132743363
78.504,60.0,HARD,17.0,STR,Aston Martin,Canadian Grand Prix,9,24.569911504424784,17.797345132743363
78.497,61.0,HARD,18.0,STR,Aston Martin,Canadian Grand Prix,9,24.569911504424784,17.797345132743363
78.443,62.0,HARD,19.0,STR,Aston Martin,Canadian Grand Prix,9,24.569911504424784,17.797345132743363
77.612,63.0,HARD,20.0,STR,Aston Martin,Canadian Grand Prix,9,24.569911504424784,17.797345132743363
77.609,64.0,HARD,21.0,STR,Aston Martin,Canadian Grand Prix,9,24.569911504424784,17.797345132743363
77.302,65.0,HARD,22.0,STR,Aston Martin,Canadian Grand Prix,9,24.569911504424784,17.797345132743363
77.716,66.0,HARD,23.0,STR,Aston Martin,Canadian Grand Prix,9,24.569911504424784,17.797345132743363
77.661,67.0,HARD,24.0,STR,Aston Martin,Canadian Grand Prix,9,24.569911504424784,17.797345132743363
77.16,68.0,HARD,25.0,STR,Aston Martin,Canadian Grand Prix,9,24.569911504424784,17.797345132743363
76.873,69.0,HARD,26.0,STR,Aston Martin,Canadian Grand Prix,9,24.569911504424784,17.797345132743363
76.762,70.0,HARD,27.0,STR,Aston Martin,Canadian Grand Prix,9,24.569911504424784,17.797345132743363
101.749,3.0,INTERMEDIATE,3.0,SAR,Williams,Canadian Grand Prix,9,24.569911504424784,17.797345132743363
98.521,4.0,INTERMEDIATE,4.0,SAR,Williams,Canadian Grand Prix,9,24.569911504424784,17.797345132743363
98.36,5.0,INTERMEDIATE,5.0,SAR,Williams,Canadian Grand Prix,9,24.569911504424784,17.797345132743363
118.326,6.0,INTERMEDIATE,6.0,SAR,Williams,Canadian Grand Prix,9,24.569911504424784,17.797345132743363
94.031,7.0,INTERMEDIATE,7.0,SAR,Williams,Canadian Grand Prix,9,24.569911504424784,17.797345132743363
94.161,8.0,INTERMEDIATE,8.0,SAR,Williams,Canadian Grand Prix,9,24.569911504424784,17.797345132743363
91.967,9.0,INTERMEDIATE,9.0,SAR,Williams,Canadian Grand Prix,9,24.569911504424784,17.797345132743363
91.06,10.0,INTERMEDIATE,10.0,SAR,Williams,Canadian Grand Prix,9,24.569911504424784,17.797345132743363
90.075,11.0,INTERMEDIATE,11.0,SAR,Williams,Canadian Grand Prix,9,24.569911504424784,17.797345132743363
89.528,12.0,INTERMEDIATE,12.0,SAR,Williams,Canadian Grand Prix,9,24.569911504424784,17.797345132743363
92.818,13.0,INTERMEDIATE,13.0,SAR,Williams,Canadian Grand Prix,9,24.569911504424784,17.797345132743363
89.949,14.0,INTERMEDIATE,14.0,SAR,Williams,Canadian Grand Prix,9,24.569911504424784,17.797345132743363
89.181,15.0,INTERMEDIATE,15.0,SAR,Williams,Canadian Grand Prix,9,24.569911504424784,17.797345132743363
89.478,16.0,INTERMEDIATE,16.0,SAR,Williams,Canadian Grand Prix,9,24.569911504424784,17.797345132743363
87.936,17.0,INTERMEDIATE,17.0,SAR,Williams,Canadian Grand Prix,9,24.569911504424784,17.797345132743363
87.42,18.0,INTERMEDIATE,18.0,SAR,Williams,Canadian Grand Prix,9,24.569911504424784,17.797345132743363
86.484,19.0,INTERMEDIATE,19.0,SAR,Williams,Canadian Grand Prix,9,24.569911504424784,17.797345132743363
89.257,20.0,INTERMEDIATE,20.0,SAR,Williams,Canadian Grand Prix,9,24.569911504424784,17.797345132743363
89.286,21.0,INTERMEDIATE,21.0,SAR,Williams,Canadian Grand Prix,9,24.569911504424784,17.797345132743363
86.731,22.0,INTERMEDIATE,22.0,SAR,Williams,Canadian Grand Prix,9,24.569911504424784,17.797345132743363
88.969,23.0,INTERMEDIATE,23.0,SAR,Williams,Canadian Grand Prix,9,24.569911504424784,17.797345132743363
96.134,3.0,WET,3.0,MAG,Haas F1 Team,Canadian Grand Prix,9,24.569911504424784,17.797345132743363
93.993,4.0,WET,4.0,MAG,Haas F1 Team,Canadian Grand Prix,9,24.569911504424784,17.797345132743363
94.529,5.0,WET,5.0,MAG,Haas F1 Team,Canadian Grand Prix,9,24.569911504424784,17.797345132743363
94.673,6.0,WET,6.0,MAG,Haas F1 Team,Canadian Grand Prix,9,24.569911504424784,17.797345132743363
115.419,7.0,WET,7.0,MAG,Haas F1 Team,Canadian Grand Prix,9,24.569911504424784,17.797345132743363
97.984,8.0,INTERMEDIATE,1.0,MAG,Haas F1 Team,Canadian Grand Prix,9,24.569911504424784,17.797345132743363
93.695,9.0,INTERMEDIATE,2.0,MAG,Haas F1 Team,Canadian Grand Prix,9,24.569911504424784,17.797345132743363
91.129,10.0,INTERMEDIATE,3.0,MAG,Haas F1 Team,Canadian Grand Prix,9,24.569911504424784,17.797345132743363
90.747,11.0,INTERMEDIATE,4.0,MAG,Haas F1 Team,Canadian Grand Prix,9,24.569911504424784,17.797345132743363
92.839,12.0,INTERMEDIATE,5.0,MAG,Haas F1 Team,Canadian Grand Prix,9,24.569911504424784,17.797345132743363
91.095,13.0,INTERMEDIATE,6.0,MAG,Haas F1 Team,Canadian Grand Prix,9,24.569911504424784,17.797345132743363
90.139,14.0,INTERMEDIATE,7.0,MAG,Haas F1 Team,Canadian Grand Prix,9,24.569911504424784,17.797345132743363
89.011,15.0,INTERMEDIATE,8.0,MAG,Haas F1 Team,Canadian Grand Prix,9,24.569911504424784,17.797345132743363
88.188,16.0,INTERMEDIATE,9.0,MAG,Haas F1 Team,Canadian Grand Prix,9,24.569911504424784,17.797345132743363
87.837,17.0,INTERMEDIATE,10.0,MAG,Haas F1 Team,Canadian Grand Prix,9,24.569911504424784,17.797345132743363
87.433,18.0,INTERMEDIATE,11.0,MAG,Haas F1 Team,Canadian Grand Prix,9,24.569911504424784,17.797345132743363
87.825,19.0,INTERMEDIATE,12.0,MAG,Haas F1 Team,Canadian Grand Prix,9,24.569911504424784,17.797345132743363
87.614,20.0,INTERMEDIATE,13.0,MAG,Haas F1 Team,Canadian Grand Prix,9,24.569911504424784,17.797345132743363
87.411,21.0,INTERMEDIATE,14.0,MAG,Haas F1 Team,Canadian Grand Prix,9,24.569911504424784,17.797345132743363
87.144,22.0,INTERMEDIATE,15.0,MAG,Haas F1 Team,Canadian Grand Prix,9,24.569911504424784,17.797345132743363
87.198,23.0,INTERMEDIATE,16.0,MAG,Haas F1 Team,Canadian Grand Prix,9,24.569911504424784,17.797345132743363
87.563,24.0,INTERMEDIATE,17.0,MAG,Haas F1 Team,Canadian Grand Prix,9,24.569911504424784,17.797345132743363
129.198,25.0,INTERMEDIATE,18.0,MAG,Haas F1 Team,Canadian Grand Prix,9,24.569911504424784,17.797345132743363
113.293,26.0,INTERMEDIATE,1.0,MAG,Haas F1 Team,Canadian Grand Prix,9,24.569911504424784,17.797345132743363
101.625,27.0,INTERMEDIATE,2.0,MAG,Haas F1 Team,Canadian Grand Prix,9,24.569911504424784,17.797345132743363
103.209,28.0,INTERMEDIATE,3.0,MAG,Haas F1 Team,Canadian Grand Prix,9,24.569911504424784,17.797345132743363
117.543,29.0,INTERMEDIATE,4.0,MAG,Haas F1 Team,Canadian Grand Prix,9,24.569911504424784,17.797345132743363
89.741,30.0,INTERMEDIATE,5.0,MAG,Haas F1 Team,Canadian Grand Prix,9,24.569911504424784,17.797345132743363
93.596,31.0,INTERMEDIATE,6.0,MAG,Haas F1 Team,Canadian Grand Prix,9,24.569911504424784,17.797345132743363
92.202,32.0,INTERMEDIATE,7.0,MAG,Haas F1 Team,Canadian Grand Prix,9,24.569911504424784,17.797345132743363
90.285,33.0,INTERMEDIATE,8.0,MAG,Haas F1 Team,Canadian Grand Prix,9,24.569911504424784,17.797345132743363
89.007,34.0,INTERMEDIATE,9.0,MAG,Haas F1 Team,Canadian Grand Prix,9,24.569911504424784,17.797345132743363
88.5,35.0,INTERMEDIATE,10.0,MAG,Haas F1 Team,Canadian Grand Prix,9,24.569911504424784,17.797345132743363
87.577,36.0,INTERMEDIATE,11.0,MAG,Haas F1 Team,Canadian Grand Prix,9,24.569911504424784,17.797345132743363
88.283,37.0,INTERMEDIATE,12.0,MAG,Haas F1 Team,Canadian Grand Prix,9,24.569911504424784,17.797345132743363
87.86,38.0,INTERMEDIATE,13.0,MAG,Haas F1 Team,Canadian Grand Prix,9,24.569911504424784,17.797345132743363
86.726,39.0,INTERMEDIATE,14.0,MAG,Haas F1 Team,Canadian Grand Prix,9,24.569911504424784,17.797345132743363
86.231,40.0,INTERMEDIATE,15.0,MAG,Haas F1 Team,Canadian Grand Prix,9,24.569911504424784,17.797345132743363
102.982,41.0,INTERMEDIATE,16.0,MAG,Haas F1 Team,Canadian Grand Prix,9,24.569911504424784,17.797345132743363
95.449,42.0,MEDIUM,1.0,MAG,Haas F1 Team,Canadian Grand Prix,9,24.569911504424784,17.797345132743363
88.313,43.0,MEDIUM,2.0,MAG,Haas F1 Team,Canadian Grand Prix,9,24.569911504424784,17.797345132743363
84.812,44.0,MEDIUM,3.0,MAG,Haas F1 Team,Canadian Grand Prix,9,24.569911504424784,17.797345132743363
84.688,45.0,MEDIUM,4.0,MAG,Haas F1 Team,Canadian Grand Prix,9,24.569911504424784,17.797345132743363
82.937,46.0,MEDIUM,5.0,MAG,Haas F1 Team,Canadian Grand Prix,9,24.569911504424784,17.797345132743363
81.988,47.0,MEDIUM,6.0,MAG,Haas F1 Team,Canadian Grand Prix,9,24.569911504424784,17.797345132743363
84.303,48.0,MEDIUM,7.0,MAG,Haas F1 Team,Canadian Grand Prix,9,24.569911504424784,17.797345132743363
80.83,49.0,MEDIUM,8.0,MAG,Haas F1 Team,Canadian Grand Prix,9,24.569911504424784,17.797345132743363
80.587,50.0,MEDIUM,9.0,MAG,Haas F1 Team,Canadian Grand Prix,9,24.569911504424784,17.797345132743363
79.511,51.0,MEDIUM,10.0,MAG,Haas F1 Team,Canadian Grand Prix,9,24.569911504424784,17.797345132743363
83.445,52.0,MEDIUM,11.0,MAG,Haas F1 Team,Canadian Grand Prix,9,24.569911504424784,17.797345132743363
93.799,53.0,MEDIUM,12.0,MAG,Haas F1 Team,Canadian Grand Prix,9,24.569911504424784,17.797345132743363
122.225,54.0,MEDIUM,13.0,MAG,Haas F1 Team,Canadian Grand Prix,9,24.569911504424784,17.797345132743363
99.525,55.0,MEDIUM,1.0,MAG,Haas F1 Team,Canadian Grand Prix,9,24.569911504424784,17.797345132743363
86.229,56.0,MEDIUM,2.0,MAG,Haas F1 Team,Canadian Grand Prix,9,24.569911504424784,17.797345132743363
110.577,57.0,MEDIUM,3.0,MAG,Haas F1 Team,Canadian Grand Prix,9,24.569911504424784,17.797345132743363
125.254,58.0,MEDIUM,4.0,MAG,Haas F1 Team,Canadian Grand Prix,9,24.569911504424784,17.797345132743363
82.613,59.0,MEDIUM,5.0,MAG,Haas F1 Team,Canadian Grand Prix,9,24.569911504424784,17.797345132743363
81.673,60.0,MEDIUM,6.0,MAG,Haas F1 Team,Canadian Grand Prix,9,24.569911504424784,17.797345132743363
78.685,61.0,MEDIUM,7.0,MAG,Haas F1 Team,Canadian Grand Prix,9,24.569911504424784,17.797345132743363
77.915,62.0,MEDIUM,8.0,MAG,Haas F1 Team,Canadian Grand Prix,9,24.569911504424784,17.797345132743363
77.617,63.0,MEDIUM,9.0,MAG,Haas F1 Team,Canadian Grand Prix,9,24.569911504424784,17.797345132743363
77.324,64.0,MEDIUM,10.0,MAG,Haas F1 Team,Canadian Grand Prix,9,24.569911504424784,17.797345132743363
77.235,65.0,MEDIUM,11.0,MAG,Haas F1 Team,Canadian Grand Prix,9,24.569911504424784,17.797345132743363
78.154,66.0,MEDIUM,12.0,MAG,Haas F1 Team,Canadian Grand Prix,9,24.569911504424784,17.797345132743363
77.152,67.0,MEDIUM,13.0,MAG,Haas F1 Team,Canadian Grand Prix,9,24.569911504424784,17.797345132743363
76.499,68.0,MEDIUM,14.0,MAG,Haas F1 Team,Canadian Grand Prix,9,24.569911504424784,17.797345132743363
76.653,69.0,MEDIUM,15.0,MAG,Haas F1 Team,Canadian Grand Prix,9,24.569911504424784,17.797345132743363
77.11,70.0,MEDIUM,16.0,MAG,Haas F1 Team,Canadian Grand Prix,9,24.569911504424784,17.797345132743363
99.935,3.0,INTERMEDIATE,3.0,TSU,RB,Canadian Grand Prix,9,24.569911504424784,17.797345132743363
97.475,4.0,INTERMEDIATE,4.0,TSU,RB,Canadian Grand Prix,9,24.569911504424784,17.797345132743363
95.882,5.0,INTERMEDIATE,5.0,TSU,RB,Canadian Grand Prix,9,24.569911504424784,17.797345132743363
96.646,6.0,INTERMEDIATE,6.0,TSU,RB,Canadian Grand Prix,9,24.569911504424784,17.797345132743363
94.176,7.0,INTERMEDIATE,7.0,TSU,RB,Canadian Grand Prix,9,24.569911504424784,17.797345132743363
93.491,8.0,INTERMEDIATE,8.0,TSU,RB,Canadian Grand Prix,9,24.569911504424784,17.797345132743363
92.88,9.0,INTERMEDIATE,9.0,TSU,RB,Canadian Grand Prix,9,24.569911504424784,17.797345132743363
92.028,10.0,INTERMEDIATE,10.0,TSU,RB,Canadian Grand Prix,9,24.569911504424784,17.797345132743363
94.0,11.0,INTERMEDIATE,11.0,TSU,RB,Canadian Grand Prix,9,24.569911504424784,17.797345132743363
93.494,12.0,INTERMEDIATE,12.0,TSU,RB,Canadian Grand Prix,9,24.569911504424784,17.797345132743363
90.362,13.0,INTERMEDIATE,13.0,TSU,RB,Canadian Grand Prix,9,24.569911504424784,17.797345132743363
89.622,14.0,INTERMEDIATE,14.0,TSU,RB,Canadian Grand Prix,9,24.569911504424784,17.797345132743363
89.266,15.0,INTERMEDIATE,15.0,TSU,RB,Canadian Grand Prix,9,24.569911504424784,17.797345132743363
88.527,16.0,INTERMEDIATE,16.0,TSU,RB,Canadian Grand Prix,9,24.569911504424784,17.797345132743363
88.126,17.0,INTERMEDIATE,17.0,TSU,RB,Canadian Grand Prix,9,24.569911504424784,17.797345132743363
87.732,18.0,INTERMEDIATE,18.0,TSU,RB,Canadian Grand Prix,9,24.569911504424784,17.797345132743363
86.668,19.0,INTERMEDIATE,19.0,TSU,RB,Canadian Grand Prix,9,24.569911504424784,17.797345132743363
87.795,20.0,INTERMEDIATE,20.0,TSU,RB,Canadian Grand Prix,9,24.569911504424784,17.797345132743363
86.941,21.0,INTERMEDIATE,21.0,TSU,RB,Canadian Grand Prix,9,24.569911504424784,17.797345132743363
86.823,22.0,INTERMEDIATE,22.0,TSU,RB,Canadian Grand Prix,9,24.569911504424784,17.797345132743363
86.583,23.0,INTERMEDIATE,23.0,TSU,RB,Canadian Grand Prix,9,24.569911504424784,17.797345132743363
86.986,24.0,INTERMEDIATE,24.0,TSU,RB,Canadian Grand Prix,9,24.569911504424784,17.797345132743363
110.699,25.0,INTERMEDIATE,25.0,TSU,RB,Canadian Grand Prix,9,24.569911504424784,17.797345132743363
111.973,26.0,INTERMEDIATE,26.0,TSU,RB,Canadian Grand Prix,9,24.569911504424784,17.797345132743363
98.952,27.0,INTERMEDIATE,27.0,TSU,RB,Canadian Grand Prix,9,24.569911504424784,17.797345132743363
115.483,28.0,INTERMEDIATE,28.0,TSU,RB,Canadian Grand Prix,9,24.569911504424784,17.797345132743363
129.023,29.0,INTERMEDIATE,29.0,TSU,RB,Canadian Grand Prix,9,24.569911504424784,17.797345132743363
88.487,30.0,INTERMEDIATE,30.0,TSU,RB,Canadian Grand Prix,9,24.569911504424784,17.797345132743363
91.035,31.0,INTERMEDIATE,31.0,TSU,RB,Canadian Grand Prix,9,24.569911504424784,17.797345132743363
91.251,32.0,INTERMEDIATE,32.0,TSU,RB,Canadian Grand Prix,9,24.569911504424784,17.797345132743363
90.814,33.0,INTERMEDIATE,33.0,TSU,RB,Canadian Grand Prix,9,24.569911504424784,17.797345132743363
89.198,34.0,INTERMEDIATE,34.0,TSU,RB,Canadian Grand Prix,9,24.569911504424784,17.797345132743363
88.531,35.0,INTERMEDIATE,35.0,TSU,RB,Canadian Grand Prix,9,24.569911504424784,17.797345132743363
87.766,36.0,INTERMEDIATE,36.0,TSU,RB,Canadian Grand Prix,9,24.569911504424784,17.797345132743363
86.869,37.0,INTERMEDIATE,37.0,TSU,RB,Canadian Grand Prix,9,24.569911504424784,17.797345132743363
87.137,38.0,INTERMEDIATE,38.0,TSU,RB,Canadian Grand Prix,9,24.569911504424784,17.797345132743363
86.152,39.0,INTERMEDIATE,39.0,TSU,RB,Canadian Grand Prix,9,24.569911504424784,17.797345132743363
85.706,40.0,INTERMEDIATE,40.0,TSU,RB,Canadian Grand Prix,9,24.569911504424784,17.797345132743363
85.333,41.0,INTERMEDIATE,41.0,TSU,RB,Canadian Grand Prix,9,24.569911504424784,17.797345132743363
84.661,42.0,INTERMEDIATE,42.0,TSU,RB,Canadian Grand Prix,9,24.569911504424784,17.797345132743363
84.662,43.0,INTERMEDIATE,43.0,TSU,RB,Canadian Grand Prix,9,24.569911504424784,17.797345132743363
102.357,44.0,INTERMEDIATE,44.0,TSU,RB,Canadian Grand Prix,9,24.569911504424784,17.797345132743363
92.947,45.0,MEDIUM,1.0,TSU,RB,Canadian Grand Prix,9,24.569911504424784,17.797345132743363
85.271,46.0,MEDIUM,2.0,TSU,RB,Canadian Grand Prix,9,24.569911504424784,17.797345132743363
84.457,47.0,MEDIUM,3.0,TSU,RB,Canadian Grand Prix,9,24.569911504424784,17.797345132743363
82.657,48.0,MEDIUM,4.0,TSU,RB,Canadian Grand Prix,9,24.569911504424784,17.797345132743363
81.323,49.0,MEDIUM,5.0,TSU,RB,Canadian Grand Prix,9,24.569911504424784,17.797345132743363
79.986,50.0,MEDIUM,6.0,TSU,RB,Canadian Grand Prix,9,24.569911504424784,17.797345132743363
79.266,51.0,MEDIUM,7.0,TSU,RB,Canadian Grand Prix,9,24.569911504424784,17.797345132743363
82.492,52.0,MEDIUM,8.0,TSU,RB,Canadian Grand Prix,9,24.569911504424784,17.797345132743363
89.846,53.0,MEDIUM,9.0,TSU,RB,Canadian Grand Prix,9,24.569911504424784,17.797345132743363
101.514,54.0,MEDIUM,10.0,TSU,RB,Canadian Grand Prix,9,24.569911504424784,17.797345132743363
96.346,55.0,MEDIUM,11.0,TSU,RB,Canadian Grand Prix,9,24.569911504424784,17.797345132743363
117.555,56.0,MEDIUM,12.0,TSU,RB,Canadian Grand Prix,9,24.569911504424784,17.797345132743363
113.912,57.0,MEDIUM,13.0,TSU,RB,Canadian Grand Prix,9,24.569911504424784,17.797345132743363
80.714,59.0,MEDIUM,15.0,TSU,RB,Canadian Grand Prix,9,24.569911504424784,17.797345132743363
78.976,60.0,MEDIUM,16.0,TSU,RB,Canadian Grand Prix,9,24.569911504424784,17.797345132743363
80.193,61.0,MEDIUM,17.0,TSU,RB,Canadian Grand Prix,9,24.569911504424784,17.797345132743363
78.186,62.0,MEDIUM,18.0,TSU,RB,Canadian Grand Prix,9,24.569911504424784,17.797345132743363
78.027,63.0,MEDIUM,19.0,TSU,RB,Canadian Grand Prix,9,24.569911504424784,17.797345132743363
77.622,64.0,MEDIUM,20.0,TSU,RB,Canadian Grand Prix,9,24.569911504424784,17.797345132743363
77.956,65.0,MEDIUM,21.0,TSU,RB,Canadian Grand Prix,9,24.569911504424784,17.797345132743363
98.894,66.0,MEDIUM,22.0,TSU,RB,Canadian Grand Prix,9,24.569911504424784,17.797345132743363
78.847,67.0,MEDIUM,23.0,TSU,RB,Canadian Grand Prix,9,24.569911504424784,17.797345132743363
78.764,68.0,MEDIUM,24.0,TSU,RB,Canadian Grand Prix,9,24.569911504424784,17.797345132743363
77.816,69.0,MEDIUM,25.0,TSU,RB,Canadian Grand Prix,9,24.569911504424784,17.797345132743363
77.309,70.0,MEDIUM,26.0,TSU,RB,Canadian Grand Prix,9,24.569911504424784,17.797345132743363
99.947,3.0,INTERMEDIATE,3.0,ALB,Williams,Canadian Grand Prix,9,24.569911504424784,17.797345132743363
97.922,4.0,INTERMEDIATE,4.0,ALB,Williams,Canadian Grand Prix,9,24.569911504424784,17.797345132743363
98.077,5.0,INTERMEDIATE,5.0,ALB,Williams,Canadian Grand Prix,9,24.569911504424784,17.797345132743363
95.917,6.0,INTERMEDIATE,6.0,ALB,Williams,Canadian Grand Prix,9,24.569911504424784,17.797345132743363
93.969,7.0,INTERMEDIATE,7.0,ALB,Williams,Canadian Grand Prix,9,24.569911504424784,17.797345132743363
92.963,8.0,INTERMEDIATE,8.0,ALB,Williams,Canadian Grand Prix,9,24.569911504424784,17.797345132743363
92.225,9.0,INTERMEDIATE,9.0,ALB,Williams,Canadian Grand Prix,9,24.569911504424784,17.797345132743363
91.606,10.0,INTERMEDIATE,10.0,ALB,Williams,Canadian Grand Prix,9,24.569911504424784,17.797345132743363
93.286,11.0,INTERMEDIATE,11.0,ALB,Williams,Canadian Grand Prix,9,24.569911504424784,17.797345132743363
93.609,12.0,INTERMEDIATE,12.0,ALB,Williams,Canadian Grand Prix,9,24.569911504424784,17.797345132743363
90.275,13.0,INTERMEDIATE,13.0,ALB,Williams,Canadian Grand Prix,9,24.569911504424784,17.797345132743363
89.832,14.0,INTERMEDIATE,14.0,ALB,Williams,Canadian Grand Prix,9,24.569911504424784,17.797345132743363
89.027,15.0,INTERMEDIATE,15.0,ALB,Williams,Canadian Grand Prix,9,24.569911504424784,17.797345132743363
88.664,16.0,INTERMEDIATE,16.0,ALB,Williams,Canadian Grand Prix,9,24.569911504424784,17.797345132743363
88.734,17.0,INTERMEDIATE,17.0,ALB,Williams,Canadian Grand Prix,9,24.569911504424784,17.797345132743363
86.754,18.0,INTERMEDIATE,18.0,ALB,Williams,Canadian Grand Prix,9,24.569911504424784,17.797345132743363
85.842,19.0,INTERMEDIATE,19.0,ALB,Williams,Canadian Grand Prix,9,24.569911504424784,17.797345132743363
86.838,20.0,INTERMEDIATE,20.0,ALB,Williams,Canadian Grand Prix,9,24.569911504424784,17.797345132743363
87.129,21.0,INTERMEDIATE,21.0,ALB,Williams,Canadian Grand Prix,9,24.569911504424784,17.797345132743363
86.207,22.0,INTERMEDIATE,22.0,ALB,Williams,Canadian Grand Prix,9,24.569911504424784,17.797345132743363
86.766,23.0,INTERMEDIATE,23.0,ALB,Williams,Canadian Grand Prix,9,24.569911504424784,17.797345132743363
86.715,24.0,INTERMEDIATE,24.0,ALB,Williams,Canadian Grand Prix,9,24.569911504424784,17.797345132743363
125.52,25.0,INTERMEDIATE,25.0,ALB,Williams,Canadian Grand Prix,9,24.569911504424784,17.797345132743363
111.701,26.0,INTERMEDIATE,1.0,ALB,Williams,Canadian Grand Prix,9,24.569911504424784,17.797345132743363
103.92,27.0,INTERMEDIATE,2.0,ALB,Williams,Canadian Grand Prix,9,24.569911504424784,17.797345132743363
104.477,28.0,INTERMEDIATE,3.0,ALB,Williams,Canadian Grand Prix,9,24.569911504424784,17.797345132743363
125.011,29.0,INTERMEDIATE,4.0,ALB,Williams,Canadian Grand Prix,9,24.569911504424784,17.797345132743363
89.23,30.0,INTERMEDIATE,5.0,ALB,Williams,Canadian Grand Prix,9,24.569911504424784,17.797345132743363
90.375,31.0,INTERMEDIATE,6.0,ALB,Williams,Canadian Grand Prix,9,24.569911504424784,17.797345132743363
91.152,32.0,INTERMEDIATE,7.0,ALB,Williams,Canadian Grand Prix,9,24.569911504424784,17.797345132743363
90.349,33.0,INTERMEDIATE,8.0,ALB,Williams,Canadian Grand Prix,9,24.569911504424784,17.797345132743363
89.966,34.0,INTERMEDIATE,9.0,ALB,Williams,Canadian Grand Prix,9,24.569911504424784,17.797345132743363
88.754,35.0,INTERMEDIATE,10.0,ALB,Williams,Canadian Grand Prix,9,24.569911504424784,17.797345132743363
88.014,36.0,INTERMEDIATE,11.0,ALB,Williams,Canadian Grand Prix,9,24.569911504424784,17.797345132743363
87.411,37.0,INTERMEDIATE,12.0,ALB,Williams,Canadian Grand Prix,9,24.569911504424784,17.797345132743363
86.977,38.0,INTERMEDIATE,13.0,ALB,Williams,Canadian Grand Prix,9,24.569911504424784,17.797345132743363
86.457,39.0,INTERMEDIATE,14.0,ALB,Williams,Canadian Grand Prix,9,24.569911504424784,17.797345132743363
85.607,40.0,INTERMEDIATE,15.0,ALB,Williams,Canadian Grand Prix,9,24.569911504424784,17.797345132743363
85.222,41.0,INTERMEDIATE,16.0,ALB,Williams,Canadian Grand Prix,9,24.569911504424784,17.797345132743363
85.693,42.0,INTERMEDIATE,17.0,ALB,Williams,Canadian Grand Prix,9,24.569911504424784,17.797345132743363
86.284,43.0,INTERMEDIATE,18.0,ALB,Williams,Canadian Grand Prix,9,24.569911504424784,17.797345132743363
103.196,44.0,INTERMEDIATE,19.0,ALB,Williams,Canadian Grand Prix,9,24.569911504424784,17.797345132743363
91.836,45.0,MEDIUM,1.0,ALB,Williams,Canadian Grand Prix,9,24.569911504424784,17.797345132743363
84.215,46.0,MEDIUM,2.0,ALB,Williams,Canadian Grand Prix,9,24.569911504424784,17.797345132743363
83.231,47.0,MEDIUM,3.0,ALB,Williams,Canadian Grand Prix,9,24.569911504424784,17.797345132743363
81.247,48.0,MEDIUM,4.0,ALB,Williams,Canadian Grand Prix,9,24.569911504424784,17.797345132743363
80.712,49.0,MEDIUM,5.0,ALB,Williams,Canadian Grand Prix,9,24.569911504424784,17.797345132743363
79.939,50.0,MEDIUM,6.0,ALB,Williams,Canadian Grand Prix,9,24.569911504424784,17.797345132743363
79.359,51.0,MEDIUM,7.0,ALB,Williams,Canadian Grand Prix,9,24.569911504424784,17.797345132743363
82.184,52.0,MEDIUM,8.0,ALB,Williams,Canadian Grand Prix,9,24.569911504424784,17.797345132743363
101.41,3.0,INTERMEDIATE,3.0,ZHO,Kick Sauber,Canadian Grand Prix,9,24.569911504424784,17.797345132743363
99.785,4.0,INTERMEDIATE,4.0,ZHO,Kick Sauber,Canadian Grand Prix,9,24.569911504424784,17.797345132743363
98.327,5.0,INTERMEDIATE,5.0,ZHO,Kick Sauber,Canadian Grand Prix,9,24.569911504424784,17.797345132743363
97.528,6.0,INTERMEDIATE,6.0,ZHO,Kick Sauber,Canadian Grand Prix,9,24.569911504424784,17.797345132743363
95.318,7.0,INTERMEDIATE,7.0,ZHO,Kick Sauber,Canadian Grand Prix,9,24.569911504424784,17.797345132743363
93.889,8.0,INTERMEDIATE,8.0,ZHO,Kick Sauber,Canadian Grand Prix,9,24.569911504424784,17.797345132743363
93.064,9.0,INTERMEDIATE,9.0,ZHO,Kick Sauber,Canadian Grand Prix,9,24.569911504424784,17.797345132743363
92.906,10.0,INTERMEDIATE,10.0,ZHO,Kick Sauber,Canadian Grand Prix,9,24.569911504424784,17.797345132743363
91.991,11.0,INTERMEDIATE,11.0,ZHO,Kick Sauber,Canadian Grand Prix,9,24.569911504424784,17.797345132743363
90.817,12.0,INTERMEDIATE,12.0,ZHO,Kick Sauber,Canadian Grand Prix,9,24.569911504424784,17.797345132743363
91.764,13.0,INTERMEDIATE,13.0,ZHO,Kick Sauber,Canadian Grand Prix,9,24.569911504424784,17.797345132743363
90.422,14.0,INTERMEDIATE,14.0,ZHO,Kick Sauber,Canadian Grand Prix,9,24.569911504424784,17.797345132743363
90.551,15.0,INTERMEDIATE,15.0,ZHO,Kick Sauber,Canadian Grand Prix,9,24.569911504424784,17.797345132743363
89.69,16.0,INTERMEDIATE,16.0,ZHO,Kick Sauber,Canadian Grand Prix,9,24.569911504424784,17.797345132743363
88.591,17.0,INTERMEDIATE,17.0,ZHO,Kick Sauber,Canadian Grand Prix,9,24.569911504424784,17.797345132743363
87.715,18.0,INTERMEDIATE,18.0,ZHO,Kick Sauber,Canadian Grand Prix,9,24.569911504424784,17.797345132743363
88.23,19.0,INTERMEDIATE,19.0,ZHO,Kick Sauber,Canadian Grand Prix,9,24.569911504424784,17.797345132743363
89.249,20.0,INTERMEDIATE,20.0,ZHO,Kick Sauber,Canadian Grand Prix,9,24.569911504424784,17.797345132743363
88.014,21.0,INTERMEDIATE,21.0,ZHO,Kick Sauber,Canadian Grand Prix,9,24.569911504424784,17.797345132743363
88.028,22.0,INTERMEDIATE,22.0,ZHO,Kick Sauber,Canadian Grand Prix,9,24.569911504424784,17.797345132743363
89.086,23.0,INTERMEDIATE,23.0,ZHO,Kick Sauber,Canadian Grand Prix,9,24.569911504424784,17.797345132743363
111.792,24.0,INTERMEDIATE,24.0,ZHO,Kick Sauber,Canadian Grand Prix,9,24.569911504424784,17.797345132743363
113.347,25.0,INTERMEDIATE,1.0,ZHO,Kick Sauber,Canadian Grand Prix,9,24.569911504424784,17.797345132743363
103.444,26.0,INTERMEDIATE,2.0,ZHO,Kick Sauber,Canadian Grand Prix,9,24.569911504424784,17.797345132743363
98.459,27.0,INTERMEDIATE,3.0,ZHO,Kick Sauber,Canadian Grand Prix,9,24.569911504424784,17.797345132743363
97.486,28.0,INTERMEDIATE,4.0,ZHO,Kick Sauber,Canadian Grand Prix,9,24.569911504424784,17.797345132743363
107.471,29.0,INTERMEDIATE,5.0,ZHO,Kick Sauber,Canadian Grand Prix,9,24.569911504424784,17.797345132743363
89.176,30.0,INTERMEDIATE,6.0,ZHO,Kick Sauber,Canadian Grand Prix,9,24.569911504424784,17.797345132743363
93.635,31.0,INTERMEDIATE,7.0,ZHO,Kick Sauber,Canadian Grand Prix,9,24.569911504424784,17.797345132743363
91.705,32.0,INTERMEDIATE,8.0,ZHO,Kick Sauber,Canadian Grand Prix,9,24.569911504424784,17.797345132743363
91.437,33.0,INTERMEDIATE,9.0,ZHO,Kick Sauber,Canadian Grand Prix,9,24.569911504424784,17.797345132743363
89.049,34.0,INTERMEDIATE,10.0,ZHO,Kick Sauber,Canadian Grand Prix,9,24.569911504424784,17.797345132743363
89.16,35.0,INTERMEDIATE,11.0,ZHO,Kick Sauber,Canadian Grand Prix,9,24.569911504424784,17.797345132743363
87.649,36.0,INTERMEDIATE,12.0,ZHO,Kick Sauber,Canadian Grand Prix,9,24.569911504424784,17.797345132743363
88.11,37.0,INTERMEDIATE,13.0,ZHO,Kick Sauber,Canadian Grand Prix,9,24.569911504424784,17.797345132743363
87.928,38.0,INTERMEDIATE,14.0,ZHO,Kick Sauber,Canadian Grand Prix,9,24.569911504424784,17.797345132743363
87.877,39.0,INTERMEDIATE,15.0,ZHO,Kick Sauber,Canadian Grand Prix,9,24.569911504424784,17.797345132743363
87.729,40.0,INTERMEDIATE,16.0,ZHO,Kick Sauber,Canadian Grand Prix,9,24.569911504424784,17.797345132743363
87.373,41.0,INTERMEDIATE,17.0,ZHO,Kick Sauber,Canadian Grand Prix,9,24.569911504424784,17.797345132743363
87.01,42.0,INTERMEDIATE,18.0,ZHO,Kick Sauber,Canadian Grand Prix,9,24.569911504424784,17.797345132743363
87.246,43.0,INTERMEDIATE,19.0,ZHO,Kick Sauber,Canadian Grand Prix,9,24.569911504424784,17.797345132743363
105.189,45.0,MEDIUM,1.0,ZHO,Kick Sauber,Canadian Grand Prix,9,24.569911504424784,17.797345132743363
96.767,46.0,MEDIUM,2.0,ZHO,Kick Sauber,Canadian Grand Prix,9,24.569911504424784,17.797345132743363
92.588,47.0,MEDIUM,3.0,ZHO,Kick Sauber,Canadian Grand Prix,9,24.569911504424784,17.797345132743363
86.473,48.0,MEDIUM,4.0,ZHO,Kick Sauber,Canadian Grand Prix,9,24.569911504424784,17.797345132743363
84.909,49.0,MEDIUM,5.0,ZHO,Kick Sauber,Canadian Grand Prix,9,24.569911504424784,17.797345132743363
82.924,50.0,MEDIUM,6.0,ZHO,Kick Sauber,Canadian Grand Prix,9,24.569911504424784,17.797345132743363
82.032,51.0,MEDIUM,7.0,ZHO,Kick Sauber,Canadian Grand Prix,9,24.569911504424784,17.797345132743363
120.698,52.0,MEDIUM,8.0,ZHO,Kick Sauber,Canadian Grand Prix,9,24.569911504424784,17.797345132743363
121.804,53.0,MEDIUM,1.0,ZHO,Kick Sauber,Canadian Grand Prix,9,24.569911504424784,17.797345132743363
125.152,54.0,MEDIUM,2.0,ZHO,Kick Sauber,Canadian Grand Prix,9,24.569911504424784,17.797345132743363
96.313,55.0,MEDIUM,3.0,ZHO,Kick Sauber,Canadian Grand Prix,9,24.569911504424784,17.797345132743363
87.004,56.0,MEDIUM,4.0,ZHO,Kick Sauber,Canadian Grand Prix,9,24.569911504424784,17.797345132743363
83.316,57.0,MEDIUM,5.0,ZHO,Kick Sauber,Canadian Grand Prix,9,24.569911504424784,17.797345132743363
80.998,58.0,MEDIUM,6.0,ZHO,Kick Sauber,Canadian Grand Prix,9,24.569911504424784,17.797345132743363
80.26,59.0,MEDIUM,7.0,ZHO,Kick Sauber,Canadian Grand Prix,9,24.569911504424784,17.797345132743363
79.699,60.0,MEDIUM,8.0,ZHO,Kick Sauber,Canadian Grand Prix,9,24.569911504424784,17.797345132743363
79.574,61.0,MEDIUM,9.0,ZHO,Kick Sauber,Canadian Grand Prix,9,24.569911504424784,17.797345132743363
79.003,62.0,MEDIUM,10.0,ZHO,Kick Sauber,Canadian Grand Prix,9,24.569911504424784,17.797345132743363
78.754,63.0,MEDIUM,11.0,ZHO,Kick Sauber,Canadian Grand Prix,9,24.569911504424784,17.797345132743363
78.734,64.0,MEDIUM,12.0,ZHO,Kick Sauber,Canadian Grand Prix,9,24.569911504424784,17.797345132743363
80.871,65.0,MEDIUM,13.0,ZHO,Kick Sauber,Canadian Grand Prix,9,24.569911504424784,17.797345132743363
78.762,66.0,MEDIUM,14.0,ZHO,Kick Sauber,Canadian Grand Prix,9,24.569911504424784,17.797345132743363
78.258,67.0,MEDIUM,15.0,ZHO,Kick Sauber,Canadian Grand Prix,9,24.569911504424784,17.797345132743363
77.325,68.0,MEDIUM,16.0,ZHO,Kick Sauber,Canadian Grand Prix,9,24.569911504424784,17.797345132743363
77.62,69.0,MEDIUM,17.0,ZHO,Kick Sauber,Canadian Grand Prix,9,24.569911504424784,17.797345132743363
96.651,3.0,WET,3.0,HUL,Haas F1 Team,Canadian Grand Prix,9,24.569911504424784,17.797345132743363
95.053,4.0,WET,4.0,HUL,Haas F1 Team,Canadian Grand Prix,9,24.569911504424784,17.797345132743363
96.104,5.0,WET,5.0,HUL,Haas F1 Team,Canadian Grand Prix,9,24.569911504424784,17.797345132743363
96.178,6.0,WET,6.0,HUL,Haas F1 Team,Canadian Grand Prix,9,24.569911504424784,17.797345132743363
96.158,7.0,WET,7.0,HUL,Haas F1 Team,Canadian Grand Prix,9,24.569911504424784,17.797345132743363
94.17,8.0,WET,8.0,HUL,Haas F1 Team,Canadian Grand Prix,9,24.569911504424784,17.797345132743363
94.267,9.0,WET,9.0,HUL,Haas F1 Team,Canadian Grand Prix,9,24.569911504424784,17.797345132743363
94.671,10.0,WET,10.0,HUL,Haas F1 Team,Canadian Grand Prix,9,24.569911504424784,17.797345132743363
94.672,11.0,WET,11.0,HUL,Haas F1 Team,Canadian Grand Prix,9,24.569911504424784,17.797345132743363
112.143,12.0,WET,12.0,HUL,Haas F1 Team,Canadian Grand Prix,9,24.569911504424784,17.797345132743363
94.271,13.0,INTERMEDIATE,1.0,HUL,Haas F1 Team,Canadian Grand Prix,9,24.569911504424784,17.797345132743363
88.912,14.0,INTERMEDIATE,2.0,HUL,Haas F1 Team,Canadian Grand Prix,9,24.569911504424784,17.797345132743363
89.244,15.0,INTERMEDIATE,3.0,HUL,Haas F1 Team,Canadian Grand Prix,9,24.569911504424784,17.797345132743363
89.141,16.0,INTERMEDIATE,4.0,HUL,Haas F1 Team,Canadian Grand Prix,9,24.569911504424784,17.797345132743363
88.49,17.0,INTERMEDIATE,5.0,HUL,Haas F1 Team,Canadian Grand Prix,9,24.569911504424784,17.797345132743363
87.342,18.0,INTERMEDIATE,6.0,HUL,Haas F1 Team,Canadian Grand Prix,9,24.569911504424784,17.797345132743363
87.468,19.0,INTERMEDIATE,7.0,HUL,Haas F1 Team,Canadian Grand Prix,9,24.569911504424784,17.797345132743363
87.628,20.0,INTERMEDIATE,8.0,HUL,Haas F1 Team,Canadian Grand Prix,9,24.569911504424784,17.797345132743363
87.075,21.0,INTERMEDIATE,9.0,HUL,Haas F1 Team,Canadian Grand Prix,9,24.569911504424784,17.797345132743363
86.395,22.0,INTERMEDIATE,10.0,HUL,Haas F1 Team,Canadian Grand Prix,9,24.569911504424784,17.797345132743363
86.137,23.0,INTERMEDIATE,11.0,HUL,Haas F1 Team,Canadian Grand Prix,9,24.569911504424784,17.797345132743363
92.444,24.0,INTERMEDIATE,12.0,HUL,Haas F1 Team,Canadian Grand Prix,9,24.569911504424784,17.797345132743363
123.974,25.0,INTERMEDIATE,13.0,HUL,Haas F1 Team,Canadian Grand Prix,9,24.569911504424784,17.797345132743363
110.657,26.0,INTERMEDIATE,1.0,HUL,Haas F1 Team,Canadian Grand Prix,9,24.569911504424784,17.797345132743363
96.646,27.0,INTERMEDIATE,2.0,HUL,Haas F1 Team,Canadian Grand Prix,9,24.569911504424784,17.797345132743363
99.723,28.0,INTERMEDIATE,3.0,HUL,Haas F1 Team,Canadian Grand Prix,9,24.569911504424784,17.797345132743363
114.67,29.0,INTERMEDIATE,4.0,HUL,Haas F1 Team,Canadian Grand Prix,9,24.569911504424784,17.797345132743363
88.818,30.0,INTERMEDIATE,5.0,HUL,Haas F1 Team,Canadian Grand Prix,9,24.569911504424784,17.797345132743363
95.98,31.0,INTERMEDIATE,6.0,HUL,Haas F1 Team,Canadian Grand Prix,9,24.569911504424784,17.797345132743363
91.076,32.0,INTERMEDIATE,7.0,HUL,Haas F1 Team,Canadian Grand Prix,9,24.569911504424784,17.797345132743363
91.331,33.0,INTERMEDIATE,8.0,HUL,Haas F1 Team,Canadian Grand Prix,9,24.569911504424784,17.797345132743363
89.317,34.0,INTERMEDIATE,9.0,HUL,Haas F1 Team,Canadian Grand Prix,9,24.569911504424784,17.797345132743363
88.716,35.0,INTERMEDIATE,10.0,HUL,Haas F1 Team,Canadian Grand Prix,9,24.569911504424784,17.797345132743363
87.583,36.0,INTERMEDIATE,11.0,HUL,Haas F1 Team,Canadian Grand Prix,9,24.569911504424784,17.797345132743363
86.971,37.0,INTERMEDIATE,12.0,HUL,Haas F1 Team,Canadian Grand Prix,9,24.569911504424784,17.797345132743363
86.001,38.0,INTERMEDIATE,13.0,HUL,Haas F1 Team,Canadian Grand Prix,9,24.569911504424784,17.797345132743363
86.349,39.0,INTERMEDIATE,14.0,HUL,Haas F1 Team,Canadian Grand Prix,9,24.569911504424784,17.797345132743363
87.576,40.0,INTERMEDIATE,15.0,HUL,Haas F1 Team,Canadian Grand Prix,9,24.569911504424784,17.797345132743363
85.789,41.0,INTERMEDIATE,16.0,HUL,Haas F1 Team,Canadian Grand Prix,9,24.569911504424784,17.797345132743363
85.838,42.0,INTERMEDIATE,17.0,HUL,Haas F1 Team,Canadian Grand Prix,9,24.569911504424784,17.797345132743363
86.465,43.0,INTERMEDIATE,18.0,HUL,Haas F1 Team,Canadian Grand Prix,9,24.569911504424784,17.797345132743363
102.199,44.0,INTERMEDIATE,19.0,HUL,Haas F1 Team,Canadian Grand Prix,9,24.569911504424784,17.797345132743363
91.09,45.0,MEDIUM,1.0,HUL,Haas F1 Team,Canadian Grand Prix,9,24.569911504424784,17.797345132743363
83.459,46.0,MEDIUM,2.0,HUL,Haas F1 Team,Canadian Grand Prix,9,24.569911504424784,17.797345132743363
81.928,47.0,MEDIUM,3.0,HUL,Haas F1 Team,Canadian Grand Prix,9,24.569911504424784,17.797345132743363
80.989,48.0,MEDIUM,4.0,HUL,Haas F1 Team,Canadian Grand Prix,9,24.569911504424784,17.797345132743363
80.943,49.0,MEDIUM,5.0,HUL,Haas F1 Team,Canadian Grand Prix,9,24.569911504424784,17.797345132743363
79.892,50.0,MEDIUM,6.0,HUL,Haas F1 Team,Canadian Grand Prix,9,24.569911504424784,17.797345132743363
79.655,51.0,MEDIUM,7.0,HUL,Haas F1 Team,Canadian Grand Prix,9,24.569911504424784,17.797345132743363
80.63,52.0,MEDIUM,8.0,HUL,Haas F1 Team,Canadian Grand Prix,9,24.569911504424784,17.797345132743363
93.269,53.0,MEDIUM,9.0,HUL,Haas F1 Team,Canadian Grand Prix,9,24.569911504424784,17.797345132743363
102.03,54.0,MEDIUM,10.0,HUL,Haas F1 Team,Canadian Grand Prix,9,24.569911504424784,17.797345132743363
94.557,55.0,MEDIUM,11.0,HUL,Haas F1 Team,Canadian Grand Prix,9,24.569911504424784,17.797345132743363
114.698,56.0,MEDIUM,12.0,HUL,Haas F1 Team,Canadian Grand Prix,9,24.569911504424784,17.797345132743363
113.609,57.0,MEDIUM,13.0,HUL,Haas F1 Team,Canadian Grand Prix,9,24.569911504424784,17.797345132743363
127.632,58.0,MEDIUM,14.0,HUL,Haas F1 Team,Canadian Grand Prix,9,24.569911504424784,17.797345132743363
81.788,59.0,MEDIUM,15.0,HUL,Haas F1 Team,Canadian Grand Prix,9,24.569911504424784,17.797345132743363
78.283,60.0,MEDIUM,16.0,HUL,Haas F1 Team,Canadian Grand Prix,9,24.569911504424784,17.797345132743363
78.547,61.0,MEDIUM,17.0,HUL,Haas F1 Team,Canadian Grand Prix,9,24.569911504424784,17.797345132743363
78.779,62.0,MEDIUM,18.0,HUL,Haas F1 Team,Canadian Grand Prix,9,24.569911504424784,17.797345132743363
78.039,63.0,MEDIUM,19.0,HUL,Haas F1 Team,Canadian Grand Prix,9,24.569911504424784,17.797345132743363
77.484,64.0,MEDIUM,20.0,HUL,Haas F1 Team,Canadian Grand Prix,9,24.569911504424784,17.797345132743363
77.78,65.0,MEDIUM,21.0,HUL,Haas F1 Team,Canadian Grand Prix,9,24.569911504424784,17.797345132743363
80.926,66.0,MEDIUM,22.0,HUL,Haas F1 Team,Canadian Grand Prix,9,24.569911504424784,17.797345132743363
76.683,67.0,MEDIUM,23.0,HUL,Haas F1 Team,Canadian Grand Prix,9,24.569911504424784,17.797345132743363
77.028,68.0,MEDIUM,24.0,HUL,Haas F1 Team,Canadian Grand Prix,9,24.569911504424784,17.797345132743363
76.789,69.0,MEDIUM,25.0,HUL,Haas F1 Team,Canadian Grand Prix,9,24.569911504424784,17.797345132743363
77.176,70.0,MEDIUM,26.0,HUL,Haas F1 Team,Canadian Grand Prix,9,24.569911504424784,17.797345132743363
100.559,3.0,INTERMEDIATE,3.0,RIC,RB,Canadian Grand Prix,9,24.569911504424784,17.797345132743363
97.504,4.0,INTERMEDIATE,4.0,RIC,RB,Canadian Grand Prix,9,24.569911504424784,17.797345132743363
97.388,5.0,INTERMEDIATE,5.0,RIC,RB,Canadian Grand Prix,9,24.569911504424784,17.797345132743363
96.684,6.0,INTERMEDIATE,6.0,RIC,RB,Canadian Grand Prix,9,24.569911504424784,17.797345132743363
93.997,7.0,INTERMEDIATE,7.0,RIC,RB,Canadian Grand Prix,9,24.569911504424784,17.797345132743363
93.341,8.0,INTERMEDIATE,8.0,RIC,RB,Canadian Grand Prix,9,24.569911504424784,17.797345132743363
92.518,9.0,INTERMEDIATE,9.0,RIC,RB,Canadian Grand Prix,9,24.569911504424784,17.797345132743363
93.382,10.0,INTERMEDIATE,10.0,RIC,RB,Canadian Grand Prix,9,24.569911504424784,17.797345132743363
93.504,11.0,INTERMEDIATE,11.0,RIC,RB,Canadian Grand Prix,9,24.569911504424784,17.797345132743363
90.514,12.0,INTERMEDIATE,12.0,RIC,RB,Canadian Grand Prix,9,24.569911504424784,17.797345132743363
90.251,13.0,INTERMEDIATE,13.0,RIC,RB,Canadian Grand Prix,9,24.569911504424784,17.797345132743363
88.964,14.0,INTERMEDIATE,14.0,RIC,RB,Canadian Grand Prix,9,24.569911504424784,17.797345132743363
88.743,15.0,INTERMEDIATE,15.0,RIC,RB,Canadian Grand Prix,9,24.569911504424784,17.797345132743363
87.883,16.0,INTERMEDIATE,16.0,RIC,RB,Canadian Grand Prix,9,24.569911504424784,17.797345132743363
87.787,17.0,INTERMEDIATE,17.0,RIC,RB,Canadian Grand Prix,9,24.569911504424784,17.797345132743363
86.959,18.0,INTERMEDIATE,18.0,RIC,RB,Canadian Grand Prix,9,24.569911504424784,17.797345132743363
86.679,19.0,INTERMEDIATE,19.0,RIC,RB,Canadian Grand Prix,9,24.569911504424784,17.797345132743363
86.554,20.0,INTERMEDIATE,20.0,RIC,RB,Canadian Grand Prix,9,24.569911504424784,17.797345132743363
86.135,21.0,INTERMEDIATE,21.0,RIC,RB,Canadian Grand Prix,9,24.569911504424784,17.797345132743363
85.962,22.0,INTERMEDIATE,22.0,RIC,RB,Canadian Grand Prix,9,24.569911504424784,17.797345132743363
86.684,23.0,INTERMEDIATE,23.0,RIC,RB,Canadian Grand Prix,9,24.569911504424784,17.797345132743363
86.226,24.0,INTERMEDIATE,24.0,RIC,RB,Canadian Grand Prix,9,24.569911504424784,17.797345132743363
110.163,25.0,INTERMEDIATE,25.0,RIC,RB,Canadian Grand Prix,9,24.569911504424784,17.797345132743363
104.716,27.0,INTERMEDIATE,1.0,RIC,RB,Canadian Grand Prix,9,24.569911504424784,17.797345132743363
106.151,28.0,INTERMEDIATE,2.0,RIC,RB,Canadian Grand Prix,9,24.569911504424784,17.797345132743363
126.18,29.0,INTERMEDIATE,3.0,RIC,RB,Canadian Grand Prix,9,24.569911504424784,17.797345132743363
90.655,30.0,INTERMEDIATE,4.0,RIC,RB,Canadian Grand Prix,9,24.569911504424784,17.797345132743363
92.15,31.0,INTERMEDIATE,5.0,RIC,RB,Canadian Grand Prix,9,24.569911504424784,17.797345132743363
91.669,32.0,INTERMEDIATE,6.0,RIC,RB,Canadian Grand Prix,9,24.569911504424784,17.797345132743363
89.874,33.0,INTERMEDIATE,7.0,RIC,RB,Canadian Grand Prix,9,24.569911504424784,17.797345132743363
89.15,34.0,INTERMEDIATE,8.0,RIC,RB,Canadian Grand Prix,9,24.569911504424784,17.797345132743363
88.634,35.0,INTERMEDIATE,9.0,RIC,RB,Canadian Grand Prix,9,24.569911504424784,17.797345132743363
88.337,36.0,INTERMEDIATE,10.0,RIC,RB,Canadian Grand Prix,9,24.569911504424784,17.797345132743363
86.916,37.0,INTERMEDIATE,11.0,RIC,RB,Canadian Grand Prix,9,24.569911504424784,17.797345132743363
86.647,38.0,INTERMEDIATE,12.0,RIC,RB,Canadian Grand Prix,9,24.569911504424784,17.797345132743363
86.446,39.0,INTERMEDIATE,13.0,RIC,RB,Canadian Grand Prix,9,24.569911504424784,17.797345132743363
86.329,40.0,INTERMEDIATE,14.0,RIC,RB,Canadian Grand Prix,9,24.569911504424784,17.797345132743363
85.782,41.0,INTERMEDIATE,15.0,RIC,RB,Canadian Grand Prix,9,24.569911504424784,17.797345132743363
85.748,42.0,INTERMEDIATE,16.0,RIC,RB,Canadian Grand Prix,9,24.569911504424784,17.797345132743363
101.557,43.0,INTERMEDIATE,17.0,RIC,RB,Canadian Grand Prix,9,24.569911504424784,17.797345132743363
93.366,44.0,MEDIUM,2.0,RIC,RB,Canadian Grand Prix,9,24.569911504424784,17.797345132743363
84.267,45.0,MEDIUM,3.0,RIC,RB,Canadian Grand Prix,9,24.569911504424784,17.797345132743363
83.788,46.0,MEDIUM,4.0,RIC,RB,Canadian Grand Prix,9,24.569911504424784,17.797345132743363
83.86,47.0,MEDIUM,5.0,RIC,RB,Canadian Grand Prix,9,24.569911504424784,17.797345132743363
84.303,48.0,MEDIUM,6.0,RIC,RB,Canadian Grand Prix,9,24.569911504424784,17.797345132743363
81.04,49.0,MEDIUM,7.0,RIC,RB,Canadian Grand Prix,9,24.569911504424784,17.797345132743363
79.638,50.0,MEDIUM,8.0,RIC,RB,Canadian Grand Prix,9,24.569911504424784,17.797345132743363
79.014,51.0,MEDIUM,9.0,RIC,RB,Canadian Grand Prix,9,24.569911504424784,17.797345132743363
78.829,52.0,MEDIUM,10.0,RIC,RB,Canadian Grand Prix,9,24.569911504424784,17.797345132743363
95.907,53.0,MEDIUM,11.0,RIC,RB,Canadian Grand Prix,9,24.569911504424784,17.797345132743363
101.111,54.0,MEDIUM,12.0,RIC,RB,Canadian Grand Prix,9,24.569911504424784,17.797345132743363
93.794,55.0,MEDIUM,13.0,RIC,RB,Canadian Grand Prix,9,24.569911504424784,17.797345132743363
115.239,56.0,MEDIUM,14.0,RIC,RB,Canadian Grand Prix,9,24.569911504424784,17.797345132743363
113.596,57.0,MEDIUM,15.0,RIC,RB,Canadian Grand Prix,9,24.569911504424784,17.797345132743363
129.092,58.0,MEDIUM,16.0,RIC,RB,Canadian Grand Prix,9,24.569911504424784,17.797345132743363
81.225,59.0,MEDIUM,17.0,RIC,RB,Canadian Grand Prix,9,24.569911504424784,17.797345132743363
78.796,60.0,MEDIUM,18.0,RIC,RB,Canadian Grand Prix,9,24.569911504424784,17.797345132743363
79.187,61.0,MEDIUM,19.0,RIC,RB,Canadian Grand Prix,9,24.569911504424784,17.797345132743363
78.351,62.0,MEDIUM,20.0,RIC,RB,Canadian Grand Prix,9,24.569911504424784,17.797345132743363
77.877,63.0,MEDIUM,21.0,RIC,RB,Canadian Grand Prix,9,24.569911504424784,17.797345132743363
77.868,64.0,MEDIUM,22.0,RIC,RB,Canadian Grand Prix,9,24.569911504424784,17.797345132743363
77.791,65.0,MEDIUM,23.0,RIC,RB,Canadian Grand Prix,9,24.569911504424784,17.797345132743363
78.056,66.0,MEDIUM,24.0,RIC,RB,Canadian Grand Prix,9,24.569911504424784,17.797345132743363
77.192,67.0,MEDIUM,25.0,RIC,RB,Canadian Grand Prix,9,24.569911504424784,17.797345132743363
77.076,68.0,MEDIUM,26.0,RIC,RB,Canadian Grand Prix,9,24.569911504424784,17.797345132743363
77.234,69.0,MEDIUM,27.0,RIC,RB,Canadian Grand Prix,9,24.569911504424784,17.797345132743363
77.709,70.0,MEDIUM,28.0,RIC,RB,Canadian Grand Prix,9,24.569911504424784,17.797345132743363
100.159,3.0,INTERMEDIATE,3.0,OCO,Alpine,Canadian Grand Prix,9,24.569911504424784,17.797345132743363
99.746,4.0,INTERMEDIATE,4.0,OCO,Alpine,Canadian Grand Prix,9,24.569911504424784,17.797345132743363
98.507,5.0,INTERMEDIATE,5.0,OCO,Alpine,Canadian Grand Prix,9,24.569911504424784,17.797345132743363
96.501,6.0,INTERMEDIATE,6.0,OCO,Alpine,Canadian Grand Prix,9,24.569911504424784,17.797345132743363
93.72,7.0,INTERMEDIATE,7.0,OCO,Alpine,Canadian Grand Prix,9,24.569911504424784,17.797345132743363
93.301,8.0,INTERMEDIATE,8.0,OCO,Alpine,Canadian Grand Prix,9,24.569911504424784,17.797345132743363
92.887,9.0,INTERMEDIATE,9.0,OCO,Alpine,Canadian Grand Prix,9,24.569911504424784,17.797345132743363
91.432,10.0,INTERMEDIATE,10.0,OCO,Alpine,Canadian Grand Prix,9,24.569911504424784,17.797345132743363
90.896,11.0,INTERMEDIATE,11.0,OCO,Alpine,Canadian Grand Prix,9,24.569911504424784,17.797345132743363
92.115,12.0,INTERMEDIATE,12.0,OCO,Alpine,Canadian Grand Prix,9,24.569911504424784,17.797345132743363
91.244,13.0,INTERMEDIATE,13.0,OCO,Alpine,Canadian Grand Prix,9,24.569911504424784,17.797345132743363
90.081,14.0,INTERMEDIATE,14.0,OCO,Alpine,Canadian Grand Prix,9,24.569911504424784,17.797345132743363
89.52,15.0,INTERMEDIATE,15.0,OCO,Alpine,Canadian Grand Prix,9,24.569911504424784,17.797345132743363
88.212,16.0,INTERMEDIATE,16.0,OCO,Alpine,Canadian Grand Prix,9,24.569911504424784,17.797345132743363
88.208,17.0,INTERMEDIATE,17.0,OCO,Alpine,Canadian Grand Prix,9,24.569911504424784,17.797345132743363
87.402,18.0,INTERMEDIATE,18.0,OCO,Alpine,Canadian Grand Prix,9,24.569911504424784,17.797345132743363
87.561,19.0,INTERMEDIATE,19.0,OCO,Alpine,Canadian Grand Prix,9,24.569911504424784,17.797345132743363
87.138,20.0,INTERMEDIATE,20.0,OCO,Alpine,Canadian Grand Prix,9,24.569911504424784,17.797345132743363
87.829,21.0,INTERMEDIATE,21.0,OCO,Alpine,Canadian Grand Prix,9,24.569911504424784,17.797345132743363
86.654,22.0,INTERMEDIATE,22.0,OCO,Alpine,Canadian Grand Prix,9,24.569911504424784,17.797345132743363
86.736,23.0,INTERMEDIATE,23.0,OCO,Alpine,Canadian Grand Prix,9,24.569911504424784,17.797345132743363
87.201,24.0,INTERMEDIATE,24.0,OCO,Alpine,Canadian Grand Prix,9,24.569911504424784,17.797345132743363
112.693,25.0,INTERMEDIATE,25.0,OCO,Alpine,Canadian Grand Prix,9,24.569911504424784,17.797345132743363
111.937,26.0,INTERMEDIATE,26.0,OCO,Alpine,Canadian Grand Prix,9,24.569911504424784,17.797345132743363
98.353,27.0,INTERMEDIATE,27.0,OCO,Alpine,Canadian Grand Prix,9,24.569911504424784,17.797345132743363
111.378,28.0,INTERMEDIATE,28.0,OCO,Alpine,Canadian Grand Prix,9,24.569911504424784,17.797345132743363
127.566,29.0,INTERMEDIATE,29.0,OCO,Alpine,Canadian Grand Prix,9,24.569911504424784,17.797345132743363
91.187,30.0,INTERMEDIATE,30.0,OCO,Alpine,Canadian Grand Prix,9,24.569911504424784,17.797345132743363
91.377,31.0,INTERMEDIATE,31.0,OCO,Alpine,Canadian Grand Prix,9,24.569911504424784,17.797345132743363
91.386,32.0,INTERMEDIATE,32.0,OCO,Alpine,Canadian Grand Prix,9,24.569911504424784,17.797345132743363
90.147,33.0,INTERMEDIATE,33.0,OCO,Alpine,Canadian Grand Prix,9,24.569911504424784,17.797345132743363
88.896,34.0,INTERMEDIATE,34.0,OCO,Alpine,Canadian Grand Prix,9,24.569911504424784,17.797345132743363
88.819,35.0,INTERMEDIATE,35.0,OCO,Alpine,Canadian Grand Prix,9,24.569911504424784,17.797345132743363
87.907,36.0,INTERMEDIATE,36.0,OCO,Alpine,Canadian Grand Prix,9,24.569911504424784,17.797345132743363
87.67,37.0,INTERMEDIATE,37.0,OCO,Alpine,Canadian Grand Prix,9,24.569911504424784,17.797345132743363
86.721,38.0,INTERMEDIATE,38.0,OCO,Alpine,Canadian Grand Prix,9,24.569911504424784,17.797345132743363
86.213,39.0,INTERMEDIATE,39.0,OCO,Alpine,Canadian Grand Prix,9,24.569911504424784,17.797345132743363
85.435,40.0,INTERMEDIATE,40.0,OCO,Alpine,Canadian Grand Prix,9,24.569911504424784,17.797345132743363
85.547,41.0,INTERMEDIATE,41.0,OCO,Alpine,Canadian Grand Prix,9,24.569911504424784,17.797345132743363
85.187,42.0,INTERMEDIATE,42.0,OCO,Alpine,Canadian Grand Prix,9,24.569911504424784,17.797345132743363
84.927,43.0,INTERMEDIATE,43.0,OCO,Alpine,Canadian Grand Prix,9,24.569911504424784,17.797345132743363
101.451,44.0,INTERMEDIATE,44.0,OCO,Alpine,Canadian Grand Prix,9,24.569911504424784,17.797345132743363
93.259,45.0,MEDIUM,1.0,OCO,Alpine,Canadian Grand Prix,9,24.569911504424784,17.797345132743363
85.047,46.0,MEDIUM,2.0,OCO,Alpine,Canadian Grand Prix,9,24.569911504424784,17.797345132743363
82.874,47.0,MEDIUM,3.0,OCO,Alpine,Canadian Grand Prix,9,24.569911504424784,17.797345132743363
81.453,48.0,MEDIUM,4.0,OCO,Alpine,Canadian Grand Prix,9,24.569911504424784,17.797345132743363
80.768,49.0,MEDIUM,5.0,OCO,Alpine,Canadian Grand Prix,9,24.569911504424784,17.797345132743363
79.789,50.0,MEDIUM,6.0,OCO,Alpine,Canadian Grand Prix,9,24.569911504424784,17.797345132743363
79.399,51.0,MEDIUM,7.0,OCO,Alpine,Canadian Grand Prix,9,24.569911504424784,17.797345132743363
81.816,52.0,MEDIUM,8.0,OCO,Alpine,Canadian Grand Prix,9,24.569911504424784,17.797345132743363
91.331,53.0,MEDIUM,9.0,OCO,Alpine,Canadian Grand Prix,9,24.569911504424784,17.797345132743363
102.299,54.0,MEDIUM,10.0,OCO,Alpine,Canadian Grand Prix,9,24.569911504424784,17.797345132743363
95.307,55.0,MEDIUM,11.0,OCO,Alpine,Canadian Grand Prix,9,24.569911504424784,17.797345132743363
116.628,56.0,MEDIUM,12.0,OCO,Alpine,Canadian Grand Prix,9,24.569911504424784,17.797345132743363
114.304,57.0,MEDIUM,13.0,OCO,Alpine,Canadian Grand Prix,9,24.569911504424784,17.797345132743363
129.772,58.0,MEDIUM,14.0,OCO,Alpine,Canadian Grand Prix,9,24.569911504424784,17.797345132743363
81.087,59.0,MEDIUM,15.0,OCO,Alpine,Canadian Grand Prix,9,24.569911504424784,17.797345132743363
78.608,60.0,MEDIUM,16.0,OCO,Alpine,Canadian Grand Prix,9,24.569911504424784,17.797345132743363
79.077,61.0,MEDIUM,17.0,OCO,Alpine,Canadian Grand Prix,9,24.569911504424784,17.797345132743363
78.377,62.0,MEDIUM,18.0,OCO,Alpine,Canadian Grand Prix,9,24.569911504424784,17.797345132743363
77.902,63.0,MEDIUM,19.0,OCO,Alpine,Canadian Grand Prix,9,24.569911504424784,17.797345132743363
77.857,64.0,MEDIUM,20.0,OCO,Alpine,Canadian Grand Prix,9,24.569911504424784,17.797345132743363
77.865,65.0,MEDIUM,21.0,OCO,Alpine,Canadian Grand Prix,9,24.569911504424784,17.797345132743363
78.377,66.0,MEDIUM,22.0,OCO,Alpine,Canadian Grand Prix,9,24.569911504424784,17.797345132743363
78.275,67.0,MEDIUM,23.0,OCO,Alpine,Canadian Grand Prix,9,24.569911504424784,17.797345132743363
77.754,68.0,MEDIUM,24.0,OCO,Alpine,Canadian Grand Prix,9,24.569911504424784,17.797345132743363
78.293,69.0,MEDIUM,25.0,OCO,Alpine,Canadian Grand Prix,9,24.569911504424784,17.797345132743363
77.012,70.0,MEDIUM,26.0,OCO,Alpine,Canadian Grand Prix,9,24.569911504424784,17.797345132743363
96.569,3.0,INTERMEDIATE,3.0,NOR,McLaren,Canadian Grand Prix,9,24.569911504424784,17.797345132743363
95.138,4.0,INTERMEDIATE,4.0,NOR,McLaren,Canadian Grand Prix,9,24.569911504424784,17.797345132743363
94.885,5.0,INTERMEDIATE,5.0,NOR,McLaren,Canadian Grand Prix,9,24.569911504424784,17.797345132743363
95.037,6.0,INTERMEDIATE,6.0,NOR,McLaren,Canadian Grand Prix,9,24.569911504424784,17.797345132743363
92.547,7.0,INTERMEDIATE,7.0,NOR,McLaren,Canadian Grand Prix,9,24.569911504424784,17.797345132743363
91.299,8.0,INTERMEDIATE,8.0,NOR,McLaren,Canadian Grand Prix,9,24.569911504424784,17.797345132743363
89.86,9.0,INTERMEDIATE,9.0,NOR,McLaren,Canadian Grand Prix,9,24.569911504424784,17.797345132743363
90.86,10.0,INTERMEDIATE,10.0,NOR,McLaren,Canadian Grand Prix,9,24.569911504424784,17.797345132743363
88.032,11.0,INTERMEDIATE,11.0,NOR,McLaren,Canadian Grand Prix,9,24.569911504424784,17.797345132743363
88.568,12.0,INTERMEDIATE,12.0,NOR,McLaren,Canadian Grand Prix,9,24.569911504424784,17.797345132743363
88.181,13.0,INTERMEDIATE,13.0,NOR,McLaren,Canadian Grand Prix,9,24.569911504424784,17.797345132743363
86.857,14.0,INTERMEDIATE,14.0,NOR,McLaren,Canadian Grand Prix,9,24.569911504424784,17.797345132743363
87.634,15.0,INTERMEDIATE,15.0,NOR,McLaren,Canadian Grand Prix,9,24.569911504424784,17.797345132743363
86.553,16.0,INTERMEDIATE,16.0,NOR,McLaren,Canadian Grand Prix,9,24.569911504424784,17.797345132743363
87.702,17.0,INTERMEDIATE,17.0,NOR,McLaren,Canadian Grand Prix,9,24.569911504424784,17.797345132743363
86.232,18.0,INTERMEDIATE,18.0,NOR,McLaren,Canadian Grand Prix,9,24.569911504424784,17.797345132743363
85.777,19.0,INTERMEDIATE,19.0,NOR,McLaren,Canadian Grand Prix,9,24.569911504424784,17.797345132743363
85.473,20.0,INTERMEDIATE,20.0,NOR,McLaren,Canadian Grand Prix,9,24.569911504424784,17.797345132743363
85.192,21.0,INTERMEDIATE,21.0,NOR,McLaren,Canadian Grand Prix,9,24.569911504424784,17.797345132743363
84.429,22.0,INTERMEDIATE,22.0,NOR,McLaren,Canadian Grand Prix,9,24.569911504424784,17.797345132743363
85.246,23.0,INTERMEDIATE,23.0,NOR,McLaren,Canadian Grand Prix,9,24.569911504424784,17.797345132743363
84.743,24.0,INTERMEDIATE,24.0,NOR,McLaren,Canadian Grand Prix,9,24.569911504424784,17.797345132743363
91.4,25.0,INTERMEDIATE,25.0,NOR,McLaren,Canadian Grand Prix,9,24.569911504424784,17.797345132743363
127.807,28.0,INTERMEDIATE,2.0,NOR,McLaren,Canadian Grand Prix,9,24.569911504424784,17.797345132743363
87.062,30.0,INTERMEDIATE,4.0,NOR,McLaren,Canadian Grand Prix,9,24.569911504424784,17.797345132743363
90.169,31.0,INTERMEDIATE,5.0,NOR,McLaren,Canadian Grand Prix,9,24.569911504424784,17.797345132743363
90.563,32.0,INTERMEDIATE,6.0,NOR,McLaren,Canadian Grand Prix,9,24.569911504424784,17.797345132743363
89.003,33.0,INTERMEDIATE,7.0,NOR,McLaren,Canadian Grand Prix,9,24.569911504424784,17.797345132743363
88.097,34.0,INTERMEDIATE,8.0,NOR,McLaren,Canadian Grand Prix,9,24.569911504424784,17.797345132743363
87.307,35.0,INTERMEDIATE,9.0,NOR,McLaren,Canadian Grand Prix,9,24.569911504424784,17.797345132743363
86.37,36.0,INTERMEDIATE,10.0,NOR,McLaren,Canadian Grand Prix,9,24.569911504424784,17.797345132743363
86.174,37.0,INTERMEDIATE,11.0,NOR,McLaren,Canadian Grand Prix,9,24.569911504424784,17.797345132743363
85.708,38.0,INTERMEDIATE,12.0,NOR,McLaren,Canadian Grand Prix,9,24.569911504424784,17.797345132743363
85.412,39.0,INTERMEDIATE,13.0,NOR,McLaren,Canadian Grand Prix,9,24.569911504424784,17.797345132743363
84.203,40.0,INTERMEDIATE,14.0,NOR,McLaren,Canadian Grand Prix,9,24.569911504424784,17.797345132743363
83.927,41.0,INTERMEDIATE,15.0,NOR,McLaren,Canadian Grand Prix,9,24.569911504424784,17.797345132743363
84.928,42.0,INTERMEDIATE,16.0,NOR,McLaren,Canadian Grand Prix,9,24.569911504424784,17.797345132743363
83.671,43.0,INTERMEDIATE,17.0,NOR,McLaren,Canadian Grand Prix,9,24.569911504424784,17.797345132743363
84.247,44.0,INTERMEDIATE,18.0,NOR,McLaren,Canadian Grand Prix,9,24.569911504424784,17.797345132743363
83.569,45.0,INTERMEDIATE,19.0,NOR,McLaren,Canadian Grand Prix,9,24.569911504424784,17.797345132743363
83.272,46.0,INTERMEDIATE,20.0,NOR,McLaren,Canadian Grand Prix,9,24.569911504424784,17.797345132743363
99.824,47.0,INTERMEDIATE,21.0,NOR,McLaren,Canadian Grand Prix,9,24.569911504424784,17.797345132743363
88.096,48.0,MEDIUM,1.0,NOR,McLaren,Canadian Grand Prix,9,24.569911504424784,17.797345132743363
80.65,49.0,MEDIUM,2.0,NOR,McLaren,Canadian Grand Prix,9,24.569911504424784,17.797345132743363
78.193,50.0,MEDIUM,3.0,NOR,McLaren,Canadian Grand Prix,9,24.569911504424784,17.797345132743363
79.049,51.0,MEDIUM,4.0,NOR,McLaren,Canadian Grand Prix,9,24.569911504424784,17.797345132743363
77.631,52.0,MEDIUM,5.0,NOR,McLaren,Canadian Grand Prix,9,24.569911504424784,17.797345132743363
77.491,53.0,MEDIUM,6.0,NOR,McLaren,Canadian Grand Prix,9,24.569911504424784,17.797345132743363
101.021,54.0,MEDIUM,7.0,NOR,McLaren,Canadian Grand Prix,9,24.569911504424784,17.797345132743363
124.823,55.0,MEDIUM,8.0,NOR,McLaren,Canadian Grand Prix,9,24.569911504424784,17.797345132743363
124.066,56.0,MEDIUM,9.0,NOR,McLaren,Canadian Grand Prix,9,24.569911504424784,17.797345132743363
116.997,57.0,MEDIUM,10.0,NOR,McLaren,Canadian Grand Prix,9,24.569911504424784,17.797345132743363
79.368,59.0,MEDIUM,12.0,NOR,McLaren,Canadian Grand Prix,9,24.569911504424784,17.797345132743363
77.236,60.0,MEDIUM,13.0,NOR,McLaren,Canadian Grand Prix,9,24.569911504424784,17.797345132743363
76.92,61.0,MEDIUM,14.0,NOR,McLaren,Canadian Grand Prix,9,24.569911504424784,17.797345132743363
76.524,62.0,MEDIUM,15.0,NOR,McLaren,Canadian Grand Prix,9,24.569911504424784,17.797345132743363
76.38,63.0,MEDIUM,16.0,NOR,McLaren,Canadian Grand Prix,9,24.569911504424784,17.797345132743363
76.256,64.0,MEDIUM,17.0,NOR,McLaren,Canadian Grand Prix,9,24.569911504424784,17.797345132743363
76.173,65.0,MEDIUM,18.0,NOR,McLaren,Canadian Grand Prix,9,24.569911504424784,17.797345132743363
75.764,66.0,MEDIUM,19.0,NOR,McLaren,Canadian Grand Prix,9,24.569911504424784,17.797345132743363
75.558,67.0,MEDIUM,20.0,NOR,McLaren,Canadian Grand Prix,9,24.569911504424784,17.797345132743363
75.932,68.0,MEDIUM,21.0,NOR,McLaren,Canadian Grand Prix,9,24.569911504424784,17.797345132743363
76.075,69.0,MEDIUM,22.0,NOR,McLaren,Canadian Grand Prix,9,24.569911504424784,17.797345132743363
76.19,70.0,MEDIUM,23.0,NOR,McLaren,Canadian Grand Prix,9,24.569911504424784,17.797345132743363
98.714,3.0,INTERMEDIATE,3.0,HAM,Mercedes,Canadian Grand Prix,9,24.569911504424784,17.797345132743363
96.666,4.0,INTERMEDIATE,4.0,HAM,Mercedes,Canadian Grand Prix,9,24.569911504424784,17.797345132743363
95.905,5.0,INTERMEDIATE,5.0,HAM,Mercedes,Canadian Grand Prix,9,24.569911504424784,17.797345132743363
95.664,6.0,INTERMEDIATE,6.0,HAM,Mercedes,Canadian Grand Prix,9,24.569911504424784,17.797345132743363
95.866,7.0,INTERMEDIATE,7.0,HAM,Mercedes,Canadian Grand Prix,9,24.569911504424784,17.797345132743363
92.524,8.0,INTERMEDIATE,8.0,HAM,Mercedes,Canadian Grand Prix,9,24.569911504424784,17.797345132743363
91.01,9.0,INTERMEDIATE,9.0,HAM,Mercedes,Canadian Grand Prix,9,24.569911504424784,17.797345132743363
90.417,10.0,INTERMEDIATE,10.0,HAM,Mercedes,Canadian Grand Prix,9,24.569911504424784,17.797345132743363
88.956,11.0,INTERMEDIATE,11.0,HAM,Mercedes,Canadian Grand Prix,9,24.569911504424784,17.797345132743363
88.896,12.0,INTERMEDIATE,12.0,HAM,Mercedes,Canadian Grand Prix,9,24.569911504424784,17.797345132743363
88.683,13.0,INTERMEDIATE,13.0,HAM,Mercedes,Canadian Grand Prix,9,24.569911504424784,17.797345132743363
89.493,14.0,INTERMEDIATE,14.0,HAM,Mercedes,Canadian Grand Prix,9,24.569911504424784,17.797345132743363
87.823,15.0,INTERMEDIATE,15.0,HAM,Mercedes,Canadian Grand Prix,9,24.569911504424784,17.797345132743363
86.732,16.0,INTERMEDIATE,16.0,HAM,Mercedes,Canadian Grand Prix,9,24.569911504424784,17.797345132743363
87.426,17.0,INTERMEDIATE,17.0,HAM,Mercedes,Canadian Grand Prix,9,24.569911504424784,17.797345132743363
86.013,18.0,INTERMEDIATE,18.0,HAM,Mercedes,Canadian Grand Prix,9,24.569911504424784,17.797345132743363
86.817,19.0,INTERMEDIATE,19.0,HAM,Mercedes,Canadian Grand Prix,9,24.569911504424784,17.797345132743363
85.298,20.0,INTERMEDIATE,20.0,HAM,Mercedes,Canadian Grand Prix,9,24.569911504424784,17.797345132743363
85.593,21.0,INTERMEDIATE,21.0,HAM,Mercedes,Canadian Grand Prix,9,24.569911504424784,17.797345132743363
85.438,22.0,INTERMEDIATE,22.0,HAM,Mercedes,Canadian Grand Prix,9,24.569911504424784,17.797345132743363
86.533,23.0,INTERMEDIATE,23.0,HAM,Mercedes,Canadian Grand Prix,9,24.569911504424784,17.797345132743363
86.331,24.0,INTERMEDIATE,24.0,HAM,Mercedes,Canadian Grand Prix,9,24.569911504424784,17.797345132743363
117.109,25.0,INTERMEDIATE,25.0,HAM,Mercedes,Canadian Grand Prix,9,24.569911504424784,17.797345132743363
114.962,26.0,INTERMEDIATE,1.0,HAM,Mercedes,Canadian Grand Prix,9,24.569911504424784,17.797345132743363
109.202,27.0,INTERMEDIATE,2.0,HAM,Mercedes,Canadian Grand Prix,9,24.569911504424784,17.797345132743363
127.651,28.0,INTERMEDIATE,3.0,HAM,Mercedes,Canadian Grand Prix,9,24.569911504424784,17.797345132743363
87.745,30.0,INTERMEDIATE,5.0,HAM,Mercedes,Canadian Grand Prix,9,24.569911504424784,17.797345132743363
90.533,31.0,INTERMEDIATE,6.0,HAM,Mercedes,Canadian Grand Prix,9,24.569911504424784,17.797345132743363
91.549,32.0,INTERMEDIATE,7.0,HAM,Mercedes,Canadian Grand Prix,9,24.569911504424784,17.797345132743363
88.936,33.0,INTERMEDIATE,8.0,HAM,Mercedes,Canadian Grand Prix,9,24.569911504424784,17.797345132743363
87.36,34.0,INTERMEDIATE,9.0,HAM,Mercedes,Canadian Grand Prix,9,24.569911504424784,17.797345132743363
86.93,35.0,INTERMEDIATE,10.0,HAM,Mercedes,Canadian Grand Prix,9,24.569911504424784,17.797345132743363
86.369,36.0,INTERMEDIATE,11.0,HAM,Mercedes,Canadian Grand Prix,9,24.569911504424784,17.797345132743363
86.863,37.0,INTERMEDIATE,12.0,HAM,Mercedes,Canadian Grand Prix,9,24.569911504424784,17.797345132743363
85.419,38.0,INTERMEDIATE,13.0,HAM,Mercedes,Canadian Grand Prix,9,24.569911504424784,17.797345132743363
84.911,39.0,INTERMEDIATE,14.0,HAM,Mercedes,Canadian Grand Prix,9,24.569911504424784,17.797345132743363
83.88,40.0,INTERMEDIATE,15.0,HAM,Mercedes,Canadian Grand Prix,9,24.569911504424784,17.797345132743363
84.372,41.0,INTERMEDIATE,16.0,HAM,Mercedes,Canadian Grand Prix,9,24.569911504424784,17.797345132743363
84.413,42.0,INTERMEDIATE,17.0,HAM,Mercedes,Canadian Grand Prix,9,24.569911504424784,17.797345132743363
101.297,43.0,INTERMEDIATE,18.0,HAM,Mercedes,Canadian Grand Prix,9,24.569911504424784,17.797345132743363
93.415,44.0,MEDIUM,1.0,HAM,Mercedes,Canadian Grand Prix,9,24.569911504424784,17.797345132743363
83.763,45.0,MEDIUM,2.0,HAM,Mercedes,Canadian Grand Prix,9,24.569911504424784,17.797345132743363
87.257,46.0,MEDIUM,3.0,HAM,Mercedes,Canadian Grand Prix,9,24.569911504424784,17.797345132743363
81.327,47.0,MEDIUM,4.0,HAM,Mercedes,Canadian Grand Prix,9,24.569911504424784,17.797345132743363
79.502,48.0,MEDIUM,5.0,HAM,Mercedes,Canadian Grand Prix,9,24.569911504424784,17.797345132743363
83.219,49.0,MEDIUM,6.0,HAM,Mercedes,Canadian Grand Prix,9,24.569911504424784,17.797345132743363
78.414,50.0,MEDIUM,7.0,HAM,Mercedes,Canadian Grand Prix,9,24.569911504424784,17.797345132743363
78.018,51.0,MEDIUM,8.0,HAM,Mercedes,Canadian Grand Prix,9,24.569911504424784,17.797345132743363
77.75,52.0,MEDIUM,9.0,HAM,Mercedes,Canadian Grand Prix,9,24.569911504424784,17.797345132743363
77.435,53.0,MEDIUM,10.0,HAM,Mercedes,Canadian Grand Prix,9,24.569911504424784,17.797345132743363
122.455,54.0,MEDIUM,11.0,HAM,Mercedes,Canadian Grand Prix,9,24.569911504424784,17.797345132743363
106.626,55.0,HARD,1.0,HAM,Mercedes,Canadian Grand Prix,9,24.569911504424784,17.797345132743363
121.618,56.0,HARD,2.0,HAM,Mercedes,Canadian Grand Prix,9,24.569911504424784,17.797345132743363
112.216,57.0,HARD,3.0,HAM,Mercedes,Canadian Grand Prix,9,24.569911504424784,17.797345132743363
80.267,59.0,HARD,5.0,HAM,Mercedes,Canadian Grand Prix,9,24.569911504424784,17.797345132743363
77.666,60.0,HARD,6.0,HAM,Mercedes,Canadian Grand Prix,9,24.569911504424784,17.797345132743363
76.96,61.0,HARD,7.0,HAM,Mercedes,Canadian Grand Prix,9,24.569911504424784,17.797345132743363
76.448,62.0,HARD,8.0,HAM,Mercedes,Canadian Grand Prix,9,24.569911504424784,17.797345132743363
76.657,63.0,HARD,9.0,HAM,Mercedes,Canadian Grand Prix,9,24.569911504424784,17.797345132743363
76.196,64.0,HARD,10.0,HAM,Mercedes,Canadian Grand Prix,9,24.569911504424784,17.797345132743363
75.074,65.0,HARD,11.0,HAM,Mercedes,Canadian Grand Prix,9,24.569911504424784,17.797345132743363
75.89,66.0,HARD,12.0,HAM,Mercedes,Canadian Grand Prix,9,24.569911504424784,17.797345132743363
75.922,67.0,HARD,13.0,HAM,Mercedes,Canadian Grand Prix,9,24.569911504424784,17.797345132743363
75.963,68.0,HARD,14.0,HAM,Mercedes,Canadian Grand Prix,9,24.569911504424784,17.797345132743363
76.065,69.0,HARD,15.0,HAM,Mercedes,Canadian Grand Prix,9,24.569911504424784,17.797345132743363
74.856,70.0,HARD,16.0,HAM,Mercedes,Canadian Grand Prix,9,24.569911504424784,17.797345132743363
100.477,3.0,INTERMEDIATE,3.0,SAI,Ferrari,Canadian Grand Prix,9,24.569911504424784,17.797345132743363
97.631,4.0,INTERMEDIATE,4.0,SAI,Ferrari,Canadian Grand Prix,9,24.569911504424784,17.797345132743363
97.379,5.0,INTERMEDIATE,5.0,SAI,Ferrari,Canadian Grand Prix,9,24.569911504424784,17.797345132743363
95.749,6.0,INTERMEDIATE,6.0,SAI,Ferrari,Canadian Grand Prix,9,24.569911504424784,17.797345132743363
93.725,7.0,INTERMEDIATE,7.0,SAI,Ferrari,Canadian Grand Prix,9,24.569911504424784,17.797345132743363
93.103,8.0,INTERMEDIATE,8.0,SAI,Ferrari,Canadian Grand Prix,9,24.569911504424784,17.797345132743363
92.154,9.0,INTERMEDIATE,9.0,SAI,Ferrari,Canadian Grand Prix,9,24.569911504424784,17.797345132743363
91.554,10.0,INTERMEDIATE,10.0,SAI,Ferrari,Canadian Grand Prix,9,24.569911504424784,17.797345132743363
93.036,11.0,INTERMEDIATE,11.0,SAI,Ferrari,Canadian Grand Prix,9,24.569911504424784,17.797345132743363
93.73,12.0,INTERMEDIATE,12.0,SAI,Ferrari,Canadian Grand Prix,9,24.569911504424784,17.797345132743363
90.677,13.0,INTERMEDIATE,13.0,SAI,Ferrari,Canadian Grand Prix,9,24.569911504424784,17.797345132743363
89.892,14.0,INTERMEDIATE,14.0,SAI,Ferrari,Canadian Grand Prix,9,24.569911504424784,17.797345132743363
89.088,15.0,INTERMEDIATE,15.0,SAI,Ferrari,Canadian Grand Prix,9,24.569911504424784,17.797345132743363
88.98,16.0,INTERMEDIATE,16.0,SAI,Ferrari,Canadian Grand Prix,9,24.569911504424784,17.797345132743363
87.583,17.0,INTERMEDIATE,17.0,SAI,Ferrari,Canadian Grand Prix,9,24.569911504424784,17.797345132743363
87.479,18.0,INTERMEDIATE,18.0,SAI,Ferrari,Canadian Grand Prix,9,24.569911504424784,17.797345132743363
86.898,19.0,INTERMEDIATE,19.0,SAI,Ferrari,Canadian Grand Prix,9,24.569911504424784,17.797345132743363
87.228,20.0,INTERMEDIATE,20.0,SAI,Ferrari,Canadian Grand Prix,9,24.569911504424784,17.797345132743363
88.099,21.0,INTERMEDIATE,21.0,SAI,Ferrari,Canadian Grand Prix,9,24.569911504424784,17.797345132743363
86.895,22.0,INTERMEDIATE,22.0,SAI,Ferrari,Canadian Grand Prix,9,24.569911504424784,17.797345132743363
86.839,23.0,INTERMEDIATE,23.0,SAI,Ferrari,Canadian Grand Prix,9,24.569911504424784,17.797345132743363
86.527,24.0,INTERMEDIATE,24.0,SAI,Ferrari,Canadian Grand Prix,9,24.569911504424784,17.797345132743363
110.841,26.0,INTERMEDIATE,1.0,SAI,Ferrari,Canadian Grand Prix,9,24.569911504424784,17.797345132743363
102.962,27.0,INTERMEDIATE,2.0,SAI,Ferrari,Canadian Grand Prix,9,24.569911504424784,17.797345132743363
103.654,28.0,INTERMEDIATE,3.0,SAI,Ferrari,Canadian Grand Prix,9,24.569911504424784,17.797345132743363
118.457,29.0,INTERMEDIATE,4.0,SAI,Ferrari,Canadian Grand Prix,9,24.569911504424784,17.797345132743363
90.223,30.0,INTERMEDIATE,5.0,SAI,Ferrari,Canadian Grand Prix,9,24.569911504424784,17.797345132743363
92.345,31.0,INTERMEDIATE,6.0,SAI,Ferrari,Canadian Grand Prix,9,24.569911504424784,17.797345132743363
91.832,32.0,INTERMEDIATE,7.0,SAI,Ferrari,Canadian Grand Prix,9,24.569911504424784,17.797345132743363
90.702,33.0,INTERMEDIATE,8.0,SAI,Ferrari,Canadian Grand Prix,9,24.569911504424784,17.797345132743363
88.45,34.0,INTERMEDIATE,9.0,SAI,Ferrari,Canadian Grand Prix,9,24.569911504424784,17.797345132743363
88.699,35.0,INTERMEDIATE,10.0,SAI,Ferrari,Canadian Grand Prix,9,24.569911504424784,17.797345132743363
87.905,36.0,INTERMEDIATE,11.0,SAI,Ferrari,Canadian Grand Prix,9,24.569911504424784,17.797345132743363
87.295,37.0,INTERMEDIATE,12.0,SAI,Ferrari,Canadian Grand Prix,9,24.569911504424784,17.797345132743363
86.824,38.0,INTERMEDIATE,13.0,SAI,Ferrari,Canadian Grand Prix,9,24.569911504424784,17.797345132743363
87.238,39.0,INTERMEDIATE,14.0,SAI,Ferrari,Canadian Grand Prix,9,24.569911504424784,17.797345132743363
86.208,40.0,INTERMEDIATE,15.0,SAI,Ferrari,Canadian Grand Prix,9,24.569911504424784,17.797345132743363
85.875,41.0,INTERMEDIATE,16.0,SAI,Ferrari,Canadian Grand Prix,9,24.569911504424784,17.797345132743363
85.861,42.0,INTERMEDIATE,17.0,SAI,Ferrari,Canadian Grand Prix,9,24.569911504424784,17.797345132743363
101.456,43.0,INTERMEDIATE,18.0,SAI,Ferrari,Canadian Grand Prix,9,24.569911504424784,17.797345132743363
93.472,44.0,MEDIUM,1.0,SAI,Ferrari,Canadian Grand Prix,9,24.569911504424784,17.797345132743363
84.895,45.0,MEDIUM,2.0,SAI,Ferrari,Canadian Grand Prix,9,24.569911504424784,17.797345132743363
82.795,46.0,MEDIUM,3.0,SAI,Ferrari,Canadian Grand Prix,9,24.569911504424784,17.797345132743363
81.38,47.0,MEDIUM,4.0,SAI,Ferrari,Canadian Grand Prix,9,24.569911504424784,17.797345132743363
81.875,48.0,MEDIUM,5.0,SAI,Ferrari,Canadian Grand Prix,9,24.569911504424784,17.797345132743363
80.062,49.0,MEDIUM,6.0,SAI,Ferrari,Canadian Grand Prix,9,24.569911504424784,17.797345132743363
80.352,50.0,MEDIUM,7.0,SAI,Ferrari,Canadian Grand Prix,9,24.569911504424784,17.797345132743363
78.957,51.0,MEDIUM,8.0,SAI,Ferrari,Canadian Grand Prix,9,24.569911504424784,17.797345132743363
81.243,52.0,MEDIUM,9.0,SAI,Ferrari,Canadian Grand Prix,9,24.569911504424784,17.797345132743363
96.396,3.0,INTERMEDIATE,3.0,RUS,Mercedes,Canadian Grand Prix,9,24.569911504424784,17.797345132743363
94.585,4.0,INTERMEDIATE,4.0,RUS,Mercedes,Canadian Grand Prix,9,24.569911504424784,17.797345132743363
94.094,5.0,INTERMEDIATE,5.0,RUS,Mercedes,Canadian Grand Prix,9,24.569911504424784,17.797345132743363
92.899,6.0,INTERMEDIATE,6.0,RUS,Mercedes,Canadian Grand Prix,9,24.569911504424784,17.797345132743363
90.974,7.0,INTERMEDIATE,7.0,RUS,Mercedes,Canadian Grand Prix,9,24.569911504424784,17.797345132743363
91.467,8.0,INTERMEDIATE,8.0,RUS,Mercedes,Canadian Grand Prix,9,24.569911504424784,17.797345132743363
90.401,9.0,INTERMEDIATE,9.0,RUS,Mercedes,Canadian Grand Prix,9,24.569911504424784,17.797345132743363
89.79,10.0,INTERMEDIATE,10.0,RUS,Mercedes,Canadian Grand Prix,9,24.569911504424784,17.797345132743363
89.741,11.0,INTERMEDIATE,11.0,RUS,Mercedes,Canadian Grand Prix,9,24.569911504424784,17.797345132743363
89.445,12.0,INTERMEDIATE,12.0,RUS,Mercedes,Canadian Grand Prix,9,24.569911504424784,17.797345132743363
88.582,13.0,INTERMEDIATE,13.0,RUS,Mercedes,Canadian Grand Prix,9,24.569911504424784,17.797345132743363
88.778,14.0,INTERMEDIATE,14.0,RUS,Mercedes,Canadian Grand Prix,9,24.569911504424784,17.797345132743363
88.705,15.0,INTERMEDIATE,15.0,RUS,Mercedes,Canadian Grand Prix,9,24.569911504424784,17.797345132743363
87.491,16.0,INTERMEDIATE,16.0,RUS,Mercedes,Canadian Grand Prix,9,24.569911504424784,17.797345132743363
87.601,17.0,INTERMEDIATE,17.0,RUS,Mercedes,Canadian Grand Prix,9,24.569911504424784,17.797345132743363
87.357,18.0,INTERMEDIATE,18.0,RUS,Mercedes,Canadian Grand Prix,9,24.569911504424784,17.797345132743363
86.526,19.0,INTERMEDIATE,19.0,RUS,Mercedes,Canadian Grand Prix,9,24.569911504424784,17.797345132743363
86.014,20.0,INTERMEDIATE,20.0,RUS,Mercedes,Canadian Grand Prix,9,24.569911504424784,17.797345132743363
88.455,21.0,INTERMEDIATE,21.0,RUS,Mercedes,Canadian Grand Prix,9,24.569911504424784,17.797345132743363
87.579,22.0,INTERMEDIATE,22.0,RUS,Mercedes,Canadian Grand Prix,9,24.569911504424784,17.797345132743363
86.894,23.0,INTERMEDIATE,23.0,RUS,Mercedes,Canadian Grand Prix,9,24.569911504424784,17.797345132743363
86.76,24.0,INTERMEDIATE,24.0,RUS,Mercedes,Canadian Grand Prix,9,24.569911504424784,17.797345132743363
112.822,25.0,INTERMEDIATE,25.0,RUS,Mercedes,Canadian Grand Prix,9,24.569911504424784,17.797345132743363
111.667,26.0,INTERMEDIATE,1.0,RUS,Mercedes,Canadian Grand Prix,9,24.569911504424784,17.797345132743363
129.015,27.0,INTERMEDIATE,2.0,RUS,Mercedes,Canadian Grand Prix,9,24.569911504424784,17.797345132743363
129.034,28.0,INTERMEDIATE,3.0,RUS,Mercedes,Canadian Grand Prix,9,24.569911504424784,17.797345132743363
86.524,30.0,INTERMEDIATE,5.0,RUS,Mercedes,Canadian Grand Prix,9,24.569911504424784,17.797345132743363
89.841,31.0,INTERMEDIATE,6.0,RUS,Mercedes,Canadian Grand Prix,9,24.569911504424784,17.797345132743363
90.484,32.0,INTERMEDIATE,7.0,RUS,Mercedes,Canadian Grand Prix,9,24.569911504424784,17.797345132743363
89.317,33.0,INTERMEDIATE,8.0,RUS,Mercedes,Canadian Grand Prix,9,24.569911504424784,17.797345132743363
87.683,34.0,INTERMEDIATE,9.0,RUS,Mercedes,Canadian Grand Prix,9,24.569911504424784,17.797345132743363
87.325,35.0,INTERMEDIATE,10.0,RUS,Mercedes,Canadian Grand Prix,9,24.569911504424784,17.797345132743363
86.649,36.0,INTERMEDIATE,11.0,RUS,Mercedes,Canadian Grand Prix,9,24.569911504424784,17.797345132743363
86.242,37.0,INTERMEDIATE,12.0,RUS,Mercedes,Canadian Grand Prix,9,24.569911504424784,17.797345132743363
85.494,38.0,INTERMEDIATE,13.0,RUS,Mercedes,Canadian Grand Prix,9,24.569911504424784,17.797345132743363
85.417,39.0,INTERMEDIATE,14.0,RUS,Mercedes,Canadian Grand Prix,9,24.569911504424784,17.797345132743363
84.556,40.0,INTERMEDIATE,15.0,RUS,Mercedes,Canadian Grand Prix,9,24.569911504424784,17.797345132743363
83.783,41.0,INTERMEDIATE,16.0,RUS,Mercedes,Canadian Grand Prix,9,24.569911504424784,17.797345132743363
85.692,42.0,INTERMEDIATE,17.0,RUS,Mercedes,Canadian Grand Prix,9,24.569911504424784,17.797345132743363
83.694,43.0,INTERMEDIATE,18.0,RUS,Mercedes,Canadian Grand Prix,9,24.569911504424784,17.797345132743363
84.325,44.0,INTERMEDIATE,19.0,RUS,Mercedes,Canadian Grand Prix,9,24.569911504424784,17.797345132743363
101.273,45.0,INTERMEDIATE,20.0,RUS,Mercedes,Canadian Grand Prix,9,24.569911504424784,17.797345132743363
90.477,46.0,HARD,1.0,RUS,Mercedes,Canadian Grand Prix,9,24.569911504424784,17.797345132743363
82.977,47.0,HARD,2.0,RUS,Mercedes,Canadian Grand Prix,9,24.569911504424784,17.797345132743363
81.029,48.0,HARD,3.0,RUS,Mercedes,Canadian Grand Prix,9,24.569911504424784,17.797345132743363
79.359,49.0,HARD,4.0,RUS,Mercedes,Canadian Grand Prix,9,24.569911504424784,17.797345132743363
78.145,50.0,HARD,5.0,RUS,Mercedes,Canadian Grand Prix,9,24.569911504424784,17.797345132743363
80.258,51.0,HARD,6.0,RUS,Mercedes,Canadian Grand Prix,9,24.569911504424784,17.797345132743363
78.456,52.0,HARD,7.0,RUS,Mercedes,Canadian Grand Prix,9,24.569911504424784,17.797345132743363
78.191,53.0,HARD,8.0,RUS,Mercedes,Canadian Grand Prix,9,24.569911504424784,17.797345132743363
121.423,54.0,HARD,9.0,RUS,Mercedes,Canadian Grand Prix,9,24.569911504424784,17.797345132743363
108.566,55.0,MEDIUM,1.0,RUS,Mercedes,Canadian Grand Prix,9,24.569911504424784,17.797345132743363
123.083,56.0,MEDIUM,2.0,RUS,Mercedes,Canadian Grand Prix,9,24.569911504424784,17.797345132743363
114.47,57.0,MEDIUM,3.0,RUS,Mercedes,Canadian Grand Prix,9,24.569911504424784,17.797345132743363
79.943,59.0,MEDIUM,5.0,RUS,Mercedes,Canadian Grand Prix,9,24.569911504424784,17.797345132743363
77.103,60.0,MEDIUM,6.0,RUS,Mercedes,Canadian Grand Prix,9,24.569911504424784,17.797345132743363
76.786,61.0,MEDIUM,7.0,RUS,Mercedes,Canadian Grand Prix,9,24.569911504424784,17.797345132743363
76.782,62.0,MEDIUM,8.0,RUS,Mercedes,Canadian Grand Prix,9,24.569911504424784,17.797345132743363
78.447,63.0,MEDIUM,9.0,RUS,Mercedes,Canadian Grand Prix,9,24.569911504424784,17.797345132743363
76.234,64.0,MEDIUM,10.0,RUS,Mercedes,Canadian Grand Prix,9,24.569911504424784,17.797345132743363
75.63,65.0,MEDIUM,11.0,RUS,Mercedes,Canadian Grand Prix,9,24.569911504424784,17.797345132743363
75.903,66.0,MEDIUM,12.0,RUS,Mercedes,Canadian Grand Prix,9,24.569911504424784,17.797345132743363
75.363,67.0,MEDIUM,13.0,RUS,Mercedes,Canadian Grand Prix,9,24.569911504424784,17.797345132743363
75.439,68.0,MEDIUM,14.0,RUS,Mercedes,Canadian Grand Prix,9,24.569911504424784,17.797345132743363
75.479,69.0,MEDIUM,15.0,RUS,Mercedes,Canadian Grand Prix,9,24.569911504424784,17.797345132743363
74.895,70.0,MEDIUM,16.0,RUS,Mercedes,Canadian Grand Prix,9,24.569911504424784,17.797345132743363
100.755,3.0,INTERMEDIATE,3.0,BOT,Kick Sauber,Canadian Grand Prix,9,24.569911504424784,17.797345132743363
98.608,4.0,INTERMEDIATE,4.0,BOT,Kick Sauber,Canadian Grand Prix,9,24.569911504424784,17.797345132743363
98.637,5.0,INTERMEDIATE,5.0,BOT,Kick Sauber,Canadian Grand Prix,9,24.569911504424784,17.797345132743363
97.036,6.0,INTERMEDIATE,6.0,BOT,Kick Sauber,Canadian Grand Prix,9,24.569911504424784,17.797345132743363
95.655,7.0,INTERMEDIATE,7.0,BOT,Kick Sauber,Canadian Grand Prix,9,24.569911504424784,17.797345132743363
93.68,8.0,INTERMEDIATE,8.0,BOT,Kick Sauber,Canadian Grand Prix,9,24.569911504424784,17.797345132743363
92.461,9.0,INTERMEDIATE,9.0,BOT,Kick Sauber,Canadian Grand Prix,9,24.569911504424784,17.797345132743363
91.422,10.0,INTERMEDIATE,10.0,BOT,Kick Sauber,Canadian Grand Prix,9,24.569911504424784,17.797345132743363
91.668,11.0,INTERMEDIATE,11.0,BOT,Kick Sauber,Canadian Grand Prix,9,24.569911504424784,17.797345132743363
91.085,12.0,INTERMEDIATE,12.0,BOT,Kick Sauber,Canadian Grand Prix,9,24.569911504424784,17.797345132743363
90.036,13.0,INTERMEDIATE,13.0,BOT,Kick Sauber,Canadian Grand Prix,9,24.569911504424784,17.797345132743363
90.06,14.0,INTERMEDIATE,14.0,BOT,Kick Sauber,Canadian Grand Prix,9,24.569911504424784,17.797345132743363
90.489,15.0,INTERMEDIATE,15.0,BOT,Kick Sauber,Canadian Grand Prix,9,24.569911504424784,17.797345132743363
89.739,16.0,INTERMEDIATE,16.0,BOT,Kick Sauber,Canadian Grand Prix,9,24.569911504424784,17.797345132743363
88.836,17.0,INTERMEDIATE,17.0,BOT,Kick Sauber,Canadian Grand Prix,9,24.569911504424784,17.797345132743363
87.339,18.0,INTERMEDIATE,18.0,BOT,Kick Sauber,Canadian Grand Prix,9,24.569911504424784,17.797345132743363
88.149,19.0,INTERMEDIATE,19.0,BOT,Kick Sauber,Canadian Grand Prix,9,24.569911504424784,17.797345132743363
86.765,20.0,INTERMEDIATE,20.0,BOT,Kick Sauber,Canadian Grand Prix,9,24.569911504424784,17.797345132743363
88.049,21.0,INTERMEDIATE,21.0,BOT,Kick Sauber,Canadian Grand Prix,9,24.569911504424784,17.797345132743363
87.936,22.0,INTERMEDIATE,22.0,BOT,Kick Sauber,Canadian Grand Prix,9,24.569911504424784,17.797345132743363
87.74,23.0,INTERMEDIATE,23.0,BOT,Kick Sauber,Canadian Grand Prix,9,24.569911504424784,17.797345132743363
89.076,24.0,INTERMEDIATE,24.0,BOT,Kick Sauber,Canadian Grand Prix,9,24.569911504424784,17.797345132743363
114.448,25.0,INTERMEDIATE,25.0,BOT,Kick Sauber,Canadian Grand Prix,9,24.569911504424784,17.797345132743363
112.839,26.0,INTERMEDIATE,26.0,BOT,Kick Sauber,Canadian Grand Prix,9,24.569911504424784,17.797345132743363
101.808,27.0,INTERMEDIATE,27.0,BOT,Kick Sauber,Canadian Grand Prix,9,24.569911504424784,17.797345132743363
101.859,28.0,INTERMEDIATE,28.0,BOT,Kick Sauber,Canadian Grand Prix,9,24.569911504424784,17.797345132743363
121.1,29.0,INTERMEDIATE,29.0,BOT,Kick Sauber,Canadian Grand Prix,9,24.569911504424784,17.797345132743363
90.489,30.0,INTERMEDIATE,30.0,BOT,Kick Sauber,Canadian Grand Prix,9,24.569911504424784,17.797345132743363
91.954,31.0,INTERMEDIATE,31.0,BOT,Kick Sauber,Canadian Grand Prix,9,24.569911504424784,17.797345132743363
92.149,32.0,INTERMEDIATE,32.0,BOT,Kick Sauber,Canadian Grand Prix,9,24.569911504424784,17.797345132743363
90.281,33.0,INTERMEDIATE,33.0,BOT,Kick Sauber,Canadian Grand Prix,9,24.569911504424784,17.797345132743363
88.766,34.0,INTERMEDIATE,34.0,BOT,Kick Sauber,Canadian Grand Prix,9,24.569911504424784,17.797345132743363
88.408,35.0,INTERMEDIATE,35.0,BOT,Kick Sauber,Canadian Grand Prix,9,24.569911504424784,17.797345132743363
88.177,36.0,INTERMEDIATE,36.0,BOT,Kick Sauber,Canadian Grand Prix,9,24.569911504424784,17.797345132743363
87.123,37.0,INTERMEDIATE,37.0,BOT,Kick Sauber,Canadian Grand Prix,9,24.569911504424784,17.797345132743363
86.822,38.0,INTERMEDIATE,38.0,BOT,Kick Sauber,Canadian Grand Prix,9,24.569911504424784,17.797345132743363
86.502,39.0,INTERMEDIATE,39.0,BOT,Kick Sauber,Canadian Grand Prix,9,24.569911504424784,17.797345132743363
86.024,40.0,INTERMEDIATE,40.0,BOT,Kick Sauber,Canadian Grand Prix,9,24.569911504424784,17.797345132743363
85.784,41.0,INTERMEDIATE,41.0,BOT,Kick Sauber,Canadian Grand Prix,9,24.569911504424784,17.797345132743363
102.791,42.0,INTERMEDIATE,42.0,BOT,Kick Sauber,Canadian Grand Prix,9,24.569911504424784,17.797345132743363
98.817,43.0,MEDIUM,1.0,BOT,Kick Sauber,Canadian Grand Prix,9,24.569911504424784,17.797345132743363
86.97,44.0,MEDIUM,2.0,BOT,Kick Sauber,Canadian Grand Prix,9,24.569911504424784,17.797345132743363
85.276,45.0,MEDIUM,3.0,BOT,Kick Sauber,Canadian Grand Prix,9,24.569911504424784,17.797345132743363
83.564,46.0,MEDIUM,4.0,BOT,Kick Sauber,Canadian Grand Prix,9,24.569911504424784,17.797345132743363
81.91,47.0,MEDIUM,5.0,BOT,Kick Sauber,Canadian Grand Prix,9,24.569911504424784,17.797345132743363
82.121,48.0,MEDIUM,6.0,BOT,Kick Sauber,Canadian Grand Prix,9,24.569911504424784,17.797345132743363
81.035,49.0,MEDIUM,7.0,BOT,Kick Sauber,Canadian Grand Prix,9,24.569911504424784,17.797345132743363
80.688,50.0,MEDIUM,8.0,BOT,Kick Sauber,Canadian Grand Prix,9,24.569911504424784,17.797345132743363
80.138,51.0,MEDIUM,9.0,BOT,Kick Sauber,Canadian Grand Prix,9,24.569911504424784,17.797345132743363
83.366,52.0,MEDIUM,10.0,BOT,Kick Sauber,Canadian Grand Prix,9,24.569911504424784,17.797345132743363
93.691,53.0,MEDIUM,11.0,BOT,Kick Sauber,Canadian Grand Prix,9,24.569911504424784,17.797345132743363
104.894,54.0,MEDIUM,12.0,BOT,Kick Sauber,Canadian Grand Prix,9,24.569911504424784,17.797345132743363
94.094,55.0,MEDIUM,13.0,BOT,Kick Sauber,Canadian Grand Prix,9,24.569911504424784,17.797345132743363
105.978,56.0,MEDIUM,14.0,BOT,Kick Sauber,Canadian Grand Prix,9,24.569911504424784,17.797345132743363
114.231,57.0,MEDIUM,15.0,BOT,Kick Sauber,Canadian Grand Prix,9,24.569911504424784,17.797345132743363
125.666,58.0,MEDIUM,16.0,BOT,Kick Sauber,Canadian Grand Prix,9,24.569911504424784,17.797345132743363
82.168,59.0,MEDIUM,17.0,BOT,Kick Sauber,Canadian Grand Prix,9,24.569911504424784,17.797345132743363
78.927,60.0,MEDIUM,18.0,BOT,Kick Sauber,Canadian Grand Prix,9,24.569911504424784,17.797345132743363
78.356,61.0,MEDIUM,19.0,BOT,Kick Sauber,Canadian Grand Prix,9,24.569911504424784,17.797345132743363
78.472,62.0,MEDIUM,20.0,BOT,Kick Sauber,Canadian Grand Prix,9,24.569911504424784,17.797345132743363
77.768,63.0,MEDIUM,21.0,BOT,Kick Sauber,Canadian Grand Prix,9,24.569911504424784,17.797345132743363
79.259,64.0,MEDIUM,22.0,BOT,Kick Sauber,Canadian Grand Prix,9,24.569911504424784,17.797345132743363
77.25,65.0,MEDIUM,23.0,BOT,Kick Sauber,Canadian Grand Prix,9,24.569911504424784,17.797345132743363
80.374,66.0,MEDIUM,24.0,BOT,Kick Sauber,Canadian Grand Prix,9,24.569911504424784,17.797345132743363
80.026,67.0,MEDIUM,25.0,BOT,Kick Sauber,Canadian Grand Prix,9,24.569911504424784,17.797345132743363
78.613,68.0,MEDIUM,26.0,BOT,Kick Sauber,Canadian Grand Prix,9,24.569911504424784,17.797345132743363
78.345,69.0,MEDIUM,27.0,BOT,Kick Sauber,Canadian Grand Prix,9,24.569911504424784,17.797345132743363
79.042,70.0,MEDIUM,28.0,BOT,Kick Sauber,Canadian Grand Prix,9,24.569911504424784,17.797345132743363
98.416,3.0,INTERMEDIATE,3.0,PIA,McLaren,Canadian Grand Prix,9,24.569911504424784,17.797345132743363
97.594,4.0,INTERMEDIATE,4.0,PIA,McLaren,Canadian Grand Prix,9,24.569911504424784,17.797345132743363
96.59,5.0,INTERMEDIATE,5.0,PIA,McLaren,Canadian Grand Prix,9,24.569911504424784,17.797345132743363
93.06,6.0,INTERMEDIATE,6.0,PIA,McLaren,Canadian Grand Prix,9,24.569911504424784,17.797345132743363
91.954,7.0,INTERMEDIATE,7.0,PIA,McLaren,Canadian Grand Prix,9,24.569911504424784,17.797345132743363
91.133,8.0,INTERMEDIATE,8.0,PIA,McLaren,Canadian Grand Prix,9,24.569911504424784,17.797345132743363
91.043,9.0,INTERMEDIATE,9.0,PIA,McLaren,Canadian Grand Prix,9,24.569911504424784,17.797345132743363
89.459,10.0,INTERMEDIATE,10.0,PIA,McLaren,Canadian Grand Prix,9,24.569911504424784,17.797345132743363
89.005,11.0,INTERMEDIATE,11.0,PIA,McLaren,Canadian Grand Prix,9,24.569911504424784,17.797345132743363
88.661,12.0,INTERMEDIATE,12.0,PIA,McLaren,Canadian Grand Prix,9,24.569911504424784,17.797345132743363
88.857,13.0,INTERMEDIATE,13.0,PIA,McLaren,Canadian Grand Prix,9,24.569911504424784,17.797345132743363
87.573,14.0,INTERMEDIATE,14.0,PIA,McLaren,Canadian Grand Prix,9,24.569911504424784,17.797345132743363
87.904,15.0,INTERMEDIATE,15.0,PIA,McLaren,Canadian Grand Prix,9,24.569911504424784,17.797345132743363
86.764,16.0,INTERMEDIATE,16.0,PIA,McLaren,Canadian Grand Prix,9,24.569911504424784,17.797345132743363
86.412,17.0,INTERMEDIATE,17.0,PIA,McLaren,Canadian Grand Prix,9,24.569911504424784,17.797345132743363
85.976,18.0,INTERMEDIATE,18.0,PIA,McLaren,Canadian Grand Prix,9,24.569911504424784,17.797345132743363
85.529,19.0,INTERMEDIATE,19.0,PIA,McLaren,Canadian Grand Prix,9,24.569911504424784,17.797345132743363
85.391,20.0,INTERMEDIATE,20.0,PIA,McLaren,Canadian Grand Prix,9,24.569911504424784,17.797345132743363
85.351,21.0,INTERMEDIATE,21.0,PIA,McLaren,Canadian Grand Prix,9,24.569911504424784,17.797345132743363
85.361,22.0,INTERMEDIATE,22.0,PIA,McLaren,Canadian Grand Prix,9,24.569911504424784,17.797345132743363
85.85,23.0,INTERMEDIATE,23.0,PIA,McLaren,Canadian Grand Prix,9,24.569911504424784,17.797345132743363
86.273,24.0,INTERMEDIATE,24.0,PIA,McLaren,Canadian Grand Prix,9,24.569911504424784,17.797345132743363
113.473,25.0,INTERMEDIATE,25.0,PIA,McLaren,Canadian Grand Prix,9,24.569911504424784,17.797345132743363
111.896,26.0,INTERMEDIATE,1.0,PIA,McLaren,Canadian Grand Prix,9,24.569911504424784,17.797345132743363
127.524,28.0,INTERMEDIATE,3.0,PIA,McLaren,Canadian Grand Prix,9,24.569911504424784,17.797345132743363
87.424,30.0,INTERMEDIATE,5.0,PIA,McLaren,Canadian Grand Prix,9,24.569911504424784,17.797345132743363
90.562,31.0,INTERMEDIATE,6.0,PIA,McLaren,Canadian Grand Prix,9,24.569911504424784,17.797345132743363
90.225,32.0,INTERMEDIATE,7.0,PIA,McLaren,Canadian Grand Prix,9,24.569911504424784,17.797345132743363
89.655,33.0,INTERMEDIATE,8.0,PIA,McLaren,Canadian Grand Prix,9,24.569911504424784,17.797345132743363
87.454,34.0,INTERMEDIATE,9.0,PIA,McLaren,Canadian Grand Prix,9,24.569911504424784,17.797345132743363
87.187,35.0,INTERMEDIATE,10.0,PIA,McLaren,Canadian Grand Prix,9,24.569911504424784,17.797345132743363
87.062,36.0,INTERMEDIATE,11.0,PIA,McLaren,Canadian Grand Prix,9,24.569911504424784,17.797345132743363
85.769,37.0,INTERMEDIATE,12.0,PIA,McLaren,Canadian Grand Prix,9,24.569911504424784,17.797345132743363
85.804,38.0,INTERMEDIATE,13.0,PIA,McLaren,Canadian Grand Prix,9,24.569911504424784,17.797345132743363
85.154,39.0,INTERMEDIATE,14.0,PIA,McLaren,Canadian Grand Prix,9,24.569911504424784,17.797345132743363
84.439,40.0,INTERMEDIATE,15.0,PIA,McLaren,Canadian Grand Prix,9,24.569911504424784,17.797345132743363
83.938,41.0,INTERMEDIATE,16.0,PIA,McLaren,Canadian Grand Prix,9,24.569911504424784,17.797345132743363
84.547,42.0,INTERMEDIATE,17.0,PIA,McLaren,Canadian Grand Prix,9,24.569911504424784,17.797345132743363
84.465,43.0,INTERMEDIATE,18.0,PIA,McLaren,Canadian Grand Prix,9,24.569911504424784,17.797345132743363
99.843,44.0,INTERMEDIATE,19.0,PIA,McLaren,Canadian Grand Prix,9,24.569911504424784,17.797345132743363
92.249,45.0,MEDIUM,1.0,PIA,McLaren,Canadian Grand Prix,9,24.569911504424784,17.797345132743363
83.49,46.0,MEDIUM,2.0,PIA,McLaren,Canadian Grand Prix,9,24.569911504424784,17.797345132743363
81.898,47.0,MEDIUM,3.0,PIA,McLaren,Canadian Grand Prix,9,24.569911504424784,17.797345132743363
81.014,48.0,MEDIUM,4.0,PIA,McLaren,Canadian Grand Prix,9,24.569911504424784,17.797345132743363
79.959,49.0,MEDIUM,5.0,PIA,McLaren,Canadian Grand Prix,9,24.569911504424784,17.797345132743363
79.98,50.0,MEDIUM,6.0,PIA,McLaren,Canadian Grand Prix,9,24.569911504424784,17.797345132743363
78.633,51.0,MEDIUM,7.0,PIA,McLaren,Canadian Grand Prix,9,24.569911504424784,17.797345132743363
77.815,52.0,MEDIUM,8.0,PIA,McLaren,Canadian Grand Prix,9,24.569911504424784,17.797345132743363
78.063,53.0,MEDIUM,9.0,PIA,McLaren,Canadian Grand Prix,9,24.569911504424784,17.797345132743363
103.216,54.0,MEDIUM,10.0,PIA,McLaren,Canadian Grand Prix,9,24.569911504424784,17.797345132743363
121.632,55.0,MEDIUM,11.0,PIA,McLaren,Canadian Grand Prix,9,24.569911504424784,17.797345132743363
125.192,56.0,MEDIUM,12.0,PIA,McLaren,Canadian Grand Prix,9,24.569911504424784,17.797345132743363
115.379,57.0,MEDIUM,13.0,PIA,McLaren,Canadian Grand Prix,9,24.569911504424784,17.797345132743363
79.586,59.0,MEDIUM,15.0,PIA,McLaren,Canadian Grand Prix,9,24.569911504424784,17.797345132743363
77.239,60.0,MEDIUM,16.0,PIA,McLaren,Canadian Grand Prix,9,24.569911504424784,17.797345132743363
76.853,61.0,MEDIUM,17.0,PIA,McLaren,Canadian Grand Prix,9,24.569911504424784,17.797345132743363
76.967,62.0,MEDIUM,18.0,PIA,McLaren,Canadian Grand Prix,9,24.569911504424784,17.797345132743363
77.279,63.0,MEDIUM,19.0,PIA,McLaren,Canadian Grand Prix,9,24.569911504424784,17.797345132743363
76.83,64.0,MEDIUM,20.0,PIA,McLaren,Canadian Grand Prix,9,24.569911504424784,17.797345132743363
76.247,65.0,MEDIUM,21.0,PIA,McLaren,Canadian Grand Prix,9,24.569911504424784,17.797345132743363
76.934,66.0,MEDIUM,22.0,PIA,McLaren,Canadian Grand Prix,9,24.569911504424784,17.797345132743363
77.162,67.0,MEDIUM,23.0,PIA,McLaren,Canadian Grand Prix,9,24.569911504424784,17.797345132743363
76.344,68.0,MEDIUM,24.0,PIA,McLaren,Canadian Grand Prix,9,24.569911504424784,17.797345132743363
76.66,69.0,MEDIUM,25.0,PIA,McLaren,Canadian Grand Prix,9,24.569911504424784,17.797345132743363
76.253,70.0,MEDIUM,26.0,PIA,McLaren,Canadian Grand Prix,9,24.569911504424784,17.797345132743363
79.364,3.0,SOFT,6.0,VER,Red Bull Racing,Spanish Grand Prix,10,41.096103896103905,24.132467532467533
80.766,4.0,SOFT,7.0,VER,Red Bull Racing,Spanish Grand Prix,10,41.096103896103905,24.132467532467533
80.827,5.0,SOFT,8.0,VER,Red Bull Racing,Spanish Grand Prix,10,41.096103896103905,24.132467532467533
80.876,6.0,SOFT,9.0,VER,Red Bull Racing,Spanish Grand Prix,10,41.096103896103905,24.132467532467533
80.973,7.0,SOFT,10.0,VER,Red Bull Racing,Spanish Grand Prix,10,41.096103896103905,24.132467532467533
80.989,8.0,SOFT,11.0,VER,Red Bull Racing,Spanish Grand Prix,10,41.096103896103905,24.132467532467533
81.042,9.0,SOFT,12.0,VER,Red Bull Racing,Spanish Grand Prix,10,41.096103896103905,24.132467532467533
81.003,10.0,SOFT,13.0,VER,Red Bull Racing,Spanish Grand Prix,10,41.096103896103905,24.132467532467533
80.954,11.0,SOFT,14.0,VER,Red Bull Racing,Spanish Grand Prix,10,41.096103896103905,24.132467532467533
81.376,12.0,SOFT,15.0,VER,Red Bull Racing,Spanish Grand Prix,10,41.096103896103905,24.132467532467533
80.807,13.0,SOFT,16.0,VER,Red Bull Racing,Spanish Grand Prix,10,41.096103896103905,24.132467532467533
80.989,14.0,SOFT,17.0,VER,Red Bull Racing,Spanish Grand Prix,10,41.096103896103905,24.132467532467533
81.097,15.0,SOFT,18.0,VER,Red Bull Racing,Spanish Grand Prix,10,41.096103896103905,24.132467532467533
81.223,16.0,SOFT,19.0,VER,Red Bull Racing,Spanish Grand Prix,10,41.096103896103905,24.132467532467533
84.876,17.0,SOFT,20.0,VER,Red Bull Racing,Spanish Grand Prix,10,41.096103896103905,24.132467532467533
97.657,18.0,MEDIUM,1.0,VER,Red Bull Racing,Spanish Grand Prix,10,41.096103896103905,24.132467532467533
79.725,19.0,MEDIUM,2.0,VER,Red Bull Racing,Spanish Grand Prix,10,41.096103896103905,24.132467532467533
79.966,20.0,MEDIUM,3.0,VER,Red Bull Racing,Spanish Grand Prix,10,41.096103896103905,24.132467532467533
80.304,21.0,MEDIUM,4.0,VER,Red Bull Racing,Spanish Grand Prix,10,41.096103896103905,24.132467532467533
79.742,22.0,MEDIUM,5.0,VER,Red Bull Racing,Spanish Grand Prix,10,41.096103896103905,24.132467532467533
79.605,23.0,MEDIUM,6.0,VER,Red Bull Racing,Spanish Grand Prix,10,41.096103896103905,24.132467532467533
79.701,24.0,MEDIUM,7.0,VER,Red Bull Racing,Spanish Grand Prix,10,41.096103896103905,24.132467532467533
79.363,25.0,MEDIUM,8.0,VER,Red Bull Racing,Spanish Grand Prix,10,41.096103896103905,24.132467532467533
79.882,26.0,MEDIUM,9.0,VER,Red Bull Racing,Spanish Grand Prix,10,41.096103896103905,24.132467532467533
79.694,27.0,MEDIUM,10.0,VER,Red Bull Racing,Spanish Grand Prix,10,41.096103896103905,24.132467532467533
80.101,28.0,MEDIUM,11.0,VER,Red Bull Racing,Spanish Grand Prix,10,41.096103896103905,24.132467532467533
79.792,29.0,MEDIUM,12.0,VER,Red Bull Racing,Spanish Grand Prix,10,41.096103896103905,24.132467532467533
79.807,30.0,MEDIUM,13.0,VER,Red Bull Racing,Spanish Grand Prix,10,41.096103896103905,24.132467532467533
80.011,31.0,MEDIUM,14.0,VER,Red Bull Racing,Spanish Grand Prix,10,41.096103896103905,24.132467532467533
79.891,32.0,MEDIUM,15.0,VER,Red Bull Racing,Spanish Grand Prix,10,41.096103896103905,24.132467532467533
79.836,33.0,MEDIUM,16.0,VER,Red Bull Racing,Spanish Grand Prix,10,41.096103896103905,24.132467532467533
79.958,34.0,MEDIUM,17.0,VER,Red Bull Racing,Spanish Grand Prix,10,41.096103896103905,24.132467532467533
80.185,35.0,MEDIUM,18.0,VER,Red Bull Racing,Spanish Grand Prix,10,41.096103896103905,24.132467532467533
79.926,36.0,MEDIUM,19.0,VER,Red Bull Racing,Spanish Grand Prix,10,41.096103896103905,24.132467532467533
79.803,37.0,MEDIUM,20.0,VER,Red Bull Racing,Spanish Grand Prix,10,41.096103896103905,24.132467532467533
79.813,38.0,MEDIUM,21.0,VER,Red Bull Racing,Spanish Grand Prix,10,41.096103896103905,24.132467532467533
79.669,39.0,MEDIUM,22.0,VER,Red Bull Racing,Spanish Grand Prix,10,41.096103896103905,24.132467532467533
80.31,40.0,MEDIUM,23.0,VER,Red Bull Racing,Spanish Grand Prix,10,41.096103896103905,24.132467532467533
79.648,41.0,MEDIUM,24.0,VER,Red Bull Racing,Spanish Grand Prix,10,41.096103896103905,24.132467532467533
79.92,42.0,MEDIUM,25.0,VER,Red Bull Racing,Spanish Grand Prix,10,41.096103896103905,24.132467532467533
80.301,43.0,MEDIUM,26.0,VER,Red Bull Racing,Spanish Grand Prix,10,41.096103896103905,24.132467532467533
83.427,44.0,MEDIUM,27.0,VER,Red Bull Racing,Spanish Grand Prix,10,41.096103896103905,24.132467532467533
97.053,45.0,SOFT,1.0,VER,Red Bull Racing,Spanish Grand Prix,10,41.096103896103905,24.132467532467533
77.886,46.0,SOFT,2.0,VER,Red Bull Racing,Spanish Grand Prix,10,41.096103896103905,24.132467532467533
77.998,47.0,SOFT,3.0,VER,Red Bull Racing,Spanish Grand Prix,10,41.096103896103905,24.132467532467533
78.416,48.0,SOFT,4.0,VER,Red Bull Racing,Spanish Grand Prix,10,41.096103896103905,24.132467532467533
78.254,49.0,SOFT,5.0,VER,Red Bull Racing,Spanish Grand Prix,10,41.096103896103905,24.132467532467533
78.074,50.0,SOFT,6.0,VER,Red Bull Racing,Spanish Grand Prix,10,41.096103896103905,24.132467532467533
77.958,51.0,SOFT,7.0,VER,Red Bull Racing,Spanish Grand Prix,10,41.096103896103905,24.132467532467533
77.931,52.0,SOFT,8.0,VER,Red Bull Racing,Spanish Grand Prix,10,41.096103896103905,24.132467532467533
78.14,53.0,SOFT,9.0,VER,Red Bull Racing,Spanish Grand Prix,10,41.096103896103905,24.132467532467533
77.776,54.0,SOFT,10.0,VER,Red Bull Racing,Spanish Grand Prix,10,41.096103896103905,24.132467532467533
78.021,55.0,SOFT,11.0,VER,Red Bull Racing,Spanish Grand Prix,10,41.096103896103905,24.132467532467533
78.354,56.0,SOFT,12.0,VER,Red Bull Racing,Spanish Grand Prix,10,41.096103896103905,24.132467532467533
78.127,57.0,SOFT,13.0,VER,Red Bull Racing,Spanish Grand Prix,10,41.096103896103905,24.132467532467533
78.187,58.0,SOFT,14.0,VER,Red Bull Racing,Spanish Grand Prix,10,41.096103896103905,24.132467532467533
78.114,59.0,SOFT,15.0,VER,Red Bull Racing,Spanish Grand Prix,10,41.096103896103905,24.132467532467533
78.165,60.0,SOFT,16.0,VER,Red Bull Racing,Spanish Grand Prix,10,41.096103896103905,24.132467532467533
78.36,61.0,SOFT,17.0,VER,Red Bull Racing,Spanish Grand Prix,10,41.096103896103905,24.132467532467533
78.301,62.0,SOFT,18.0,VER,Red Bull Racing,Spanish Grand Prix,10,41.096103896103905,24.132467532467533
78.543,63.0,SOFT,19.0,VER,Red Bull Racing,Spanish Grand Prix,10,41.096103896103905,24.132467532467533
79.072,64.0,SOFT,20.0,VER,Red Bull Racing,Spanish Grand Prix,10,41.096103896103905,24.132467532467533
79.467,65.0,SOFT,21.0,VER,Red Bull Racing,Spanish Grand Prix,10,41.096103896103905,24.132467532467533
79.774,66.0,SOFT,22.0,VER,Red Bull Racing,Spanish Grand Prix,10,41.096103896103905,24.132467532467533
80.243,3.0,SOFT,3.0,NOR,McLaren,Spanish Grand Prix,10,41.096103896103905,24.132467532467533
80.702,4.0,SOFT,4.0,NOR,McLaren,Spanish Grand Prix,10,41.096103896103905,24.132467532467533
81.134,5.0,SOFT,5.0,NOR,McLaren,Spanish Grand Prix,10,41.096103896103905,24.132467532467533
81.056,6.0,SOFT,6.0,NOR,McLaren,Spanish Grand Prix,10,41.096103896103905,24.132467532467533
81.293,7.0,SOFT,7.0,NOR,McLaren,Spanish Grand Prix,10,41.096103896103905,24.132467532467533
81.443,8.0,SOFT,8.0,NOR,McLaren,Spanish Grand Prix,10,41.096103896103905,24.132467532467533
81.143,9.0,SOFT,9.0,NOR,McLaren,Spanish Grand Prix,10,41.096103896103905,24.132467532467533
81.223,10.0,SOFT,10.0,NOR,McLaren,Spanish Grand Prix,10,41.096103896103905,24.132467532467533
81.285,11.0,SOFT,11.0,NOR,McLaren,Spanish Grand Prix,10,41.096103896103905,24.132467532467533
81.354,12.0,SOFT,12.0,NOR,McLaren,Spanish Grand Prix,10,41.096103896103905,24.132467532467533
81.432,13.0,SOFT,13.0,NOR,McLaren,Spanish Grand Prix,10,41.096103896103905,24.132467532467533
81.66,14.0,SOFT,14.0,NOR,McLaren,Spanish Grand Prix,10,41.096103896103905,24.132467532467533
81.541,15.0,SOFT,15.0,NOR,McLaren,Spanish Grand Prix,10,41.096103896103905,24.132467532467533
80.471,16.0,SOFT,16.0,NOR,McLaren,Spanish Grand Prix,10,41.096103896103905,24.132467532467533
80.908,17.0,SOFT,17.0,NOR,McLaren,Spanish Grand Prix,10,41.096103896103905,24.132467532467533
80.447,18.0,SOFT,18.0,NOR,McLaren,Spanish Grand Prix,10,41.096103896103905,24.132467532467533
80.635,19.0,SOFT,19.0,NOR,McLaren,Spanish Grand Prix,10,41.096103896103905,24.132467532467533
80.816,20.0,SOFT,20.0,NOR,McLaren,Spanish Grand Prix,10,41.096103896103905,24.132467532467533
80.907,21.0,SOFT,21.0,NOR,McLaren,Spanish Grand Prix,10,41.096103896103905,24.132467532467533
80.928,22.0,SOFT,22.0,NOR,McLaren,Spanish Grand Prix,10,41.096103896103905,24.132467532467533
85.185,23.0,SOFT,23.0,NOR,McLaren,Spanish Grand Prix,10,41.096103896103905,24.132467532467533
97.673,24.0,MEDIUM,1.0,NOR,McLaren,Spanish Grand Prix,10,41.096103896103905,24.132467532467533
78.503,25.0,MEDIUM,2.0,NOR,McLaren,Spanish Grand Prix,10,41.096103896103905,24.132467532467533
79.856,26.0,MEDIUM,3.0,NOR,McLaren,Spanish Grand Prix,10,41.096103896103905,24.132467532467533
79.317,27.0,MEDIUM,4.0,NOR,McLaren,Spanish Grand Prix,10,41.096103896103905,24.132467532467533
79.835,28.0,MEDIUM,5.0,NOR,McLaren,Spanish Grand Prix,10,41.096103896103905,24.132467532467533
79.72,29.0,MEDIUM,6.0,NOR,McLaren,Spanish Grand Prix,10,41.096103896103905,24.132467532467533
79.389,30.0,MEDIUM,7.0,NOR,McLaren,Spanish Grand Prix,10,41.096103896103905,24.132467532467533
80.145,31.0,MEDIUM,8.0,NOR,McLaren,Spanish Grand Prix,10,41.096103896103905,24.132467532467533
79.868,32.0,MEDIUM,9.0,NOR,McLaren,Spanish Grand Prix,10,41.096103896103905,24.132467532467533
80.09,33.0,MEDIUM,10.0,NOR,McLaren,Spanish Grand Prix,10,41.096103896103905,24.132467532467533
79.855,34.0,MEDIUM,11.0,NOR,McLaren,Spanish Grand Prix,10,41.096103896103905,24.132467532467533
80.478,35.0,MEDIUM,12.0,NOR,McLaren,Spanish Grand Prix,10,41.096103896103905,24.132467532467533
79.447,36.0,MEDIUM,13.0,NOR,McLaren,Spanish Grand Prix,10,41.096103896103905,24.132467532467533
79.225,37.0,MEDIUM,14.0,NOR,McLaren,Spanish Grand Prix,10,41.096103896103905,24.132467532467533
79.307,38.0,MEDIUM,15.0,NOR,McLaren,Spanish Grand Prix,10,41.096103896103905,24.132467532467533
79.215,39.0,MEDIUM,16.0,NOR,McLaren,Spanish Grand Prix,10,41.096103896103905,24.132467532467533
79.745,40.0,MEDIUM,17.0,NOR,McLaren,Spanish Grand Prix,10,41.096103896103905,24.132467532467533
78.911,41.0,MEDIUM,18.0,NOR,McLaren,Spanish Grand Prix,10,41.096103896103905,24.132467532467533
79.511,42.0,MEDIUM,19.0,NOR,McLaren,Spanish Grand Prix,10,41.096103896103905,24.132467532467533
79.499,43.0,MEDIUM,20.0,NOR,McLaren,Spanish Grand Prix,10,41.096103896103905,24.132467532467533
79.457,44.0,MEDIUM,21.0,NOR,McLaren,Spanish Grand Prix,10,41.096103896103905,24.132467532467533
78.754,45.0,MEDIUM,22.0,NOR,McLaren,Spanish Grand Prix,10,41.096103896103905,24.132467532467533
79.419,46.0,MEDIUM,23.0,NOR,McLaren,Spanish Grand Prix,10,41.096103896103905,24.132467532467533
82.986,47.0,MEDIUM,24.0,NOR,McLaren,Spanish Grand Prix,10,41.096103896103905,24.132467532467533
97.126,48.0,SOFT,4.0,NOR,McLaren,Spanish Grand Prix,10,41.096103896103905,24.132467532467533
77.377,49.0,SOFT,5.0,NOR,McLaren,Spanish Grand Prix,10,41.096103896103905,24.132467532467533
77.94,50.0,SOFT,6.0,NOR,McLaren,Spanish Grand Prix,10,41.096103896103905,24.132467532467533
77.115,51.0,SOFT,7.0,NOR,McLaren,Spanish Grand Prix,10,41.096103896103905,24.132467532467533
77.654,52.0,SOFT,8.0,NOR,McLaren,Spanish Grand Prix,10,41.096103896103905,24.132467532467533
77.914,53.0,SOFT,9.0,NOR,McLaren,Spanish Grand Prix,10,41.096103896103905,24.132467532467533
77.987,54.0,SOFT,10.0,NOR,McLaren,Spanish Grand Prix,10,41.096103896103905,24.132467532467533
78.363,55.0,SOFT,11.0,NOR,McLaren,Spanish Grand Prix,10,41.096103896103905,24.132467532467533
77.627,56.0,SOFT,12.0,NOR,McLaren,Spanish Grand Prix,10,41.096103896103905,24.132467532467533
77.893,57.0,SOFT,13.0,NOR,McLaren,Spanish Grand Prix,10,41.096103896103905,24.132467532467533
78.259,58.0,SOFT,14.0,NOR,McLaren,Spanish Grand Prix,10,41.096103896103905,24.132467532467533
77.945,59.0,SOFT,15.0,NOR,McLaren,Spanish Grand Prix,10,41.096103896103905,24.132467532467533
78.271,60.0,SOFT,16.0,NOR,McLaren,Spanish Grand Prix,10,41.096103896103905,24.132467532467533
77.805,61.0,SOFT,17.0,NOR,McLaren,Spanish Grand Prix,10,41.096103896103905,24.132467532467533
78.08,62.0,SOFT,18.0,NOR,McLaren,Spanish Grand Prix,10,41.096103896103905,24.132467532467533
78.174,63.0,SOFT,19.0,NOR,McLaren,Spanish Grand Prix,10,41.096103896103905,24.132467532467533
78.282,64.0,SOFT,20.0,NOR,McLaren,Spanish Grand Prix,10,41.096103896103905,24.132467532467533
78.773,65.0,SOFT,21.0,NOR,McLaren,Spanish Grand Prix,10,41.096103896103905,24.132467532467533
79.682,66.0,SOFT,22.0,NOR,McLaren,Spanish Grand Prix,10,41.096103896103905,24.132467532467533
80.421,3.0,SOFT,6.0,HAM,Mercedes,Spanish Grand Prix,10,41.096103896103905,24.132467532467533
80.496,4.0,SOFT,7.0,HAM,Mercedes,Spanish Grand Prix,10,41.096103896103905,24.132467532467533
81.05,5.0,SOFT,8.0,HAM,Mercedes,Spanish Grand Prix,10,41.096103896103905,24.132467532467533
81.2,6.0,SOFT,9.0,HAM,Mercedes,Spanish Grand Prix,10,41.096103896103905,24.132467532467533
81.223,7.0,SOFT,10.0,HAM,Mercedes,Spanish Grand Prix,10,41.096103896103905,24.132467532467533
81.538,8.0,SOFT,11.0,HAM,Mercedes,Spanish Grand Prix,10,41.096103896103905,24.132467532467533
81.207,9.0,SOFT,12.0,HAM,Mercedes,Spanish Grand Prix,10,41.096103896103905,24.132467532467533
81.38,10.0,SOFT,13.0,HAM,Mercedes,Spanish Grand Prix,10,41.096103896103905,24.132467532467533
81.192,11.0,SOFT,14.0,HAM,Mercedes,Spanish Grand Prix,10,41.096103896103905,24.132467532467533
81.505,12.0,SOFT,15.0,HAM,Mercedes,Spanish Grand Prix,10,41.096103896103905,24.132467532467533
81.45,13.0,SOFT,16.0,HAM,Mercedes,Spanish Grand Prix,10,41.096103896103905,24.132467532467533
81.601,14.0,SOFT,17.0,HAM,Mercedes,Spanish Grand Prix,10,41.096103896103905,24.132467532467533
81.977,15.0,SOFT,18.0,HAM,Mercedes,Spanish Grand Prix,10,41.096103896103905,24.132467532467533
84.966,16.0,SOFT,19.0,HAM,Mercedes,Spanish Grand Prix,10,41.096103896103905,24.132467532467533
98.332,17.0,MEDIUM,1.0,HAM,Mercedes,Spanish Grand Prix,10,41.096103896103905,24.132467532467533
80.038,18.0,MEDIUM,2.0,HAM,Mercedes,Spanish Grand Prix,10,41.096103896103905,24.132467532467533
79.307,19.0,MEDIUM,3.0,HAM,Mercedes,Spanish Grand Prix,10,41.096103896103905,24.132467532467533
79.703,20.0,MEDIUM,4.0,HAM,Mercedes,Spanish Grand Prix,10,41.096103896103905,24.132467532467533
79.915,21.0,MEDIUM,5.0,HAM,Mercedes,Spanish Grand Prix,10,41.096103896103905,24.132467532467533
80.008,22.0,MEDIUM,6.0,HAM,Mercedes,Spanish Grand Prix,10,41.096103896103905,24.132467532467533
79.788,23.0,MEDIUM,7.0,HAM,Mercedes,Spanish Grand Prix,10,41.096103896103905,24.132467532467533
80.059,24.0,MEDIUM,8.0,HAM,Mercedes,Spanish Grand Prix,10,41.096103896103905,24.132467532467533
79.972,25.0,MEDIUM,9.0,HAM,Mercedes,Spanish Grand Prix,10,41.096103896103905,24.132467532467533
79.915,26.0,MEDIUM,10.0,HAM,Mercedes,Spanish Grand Prix,10,41.096103896103905,24.132467532467533
80.59,27.0,MEDIUM,11.0,HAM,Mercedes,Spanish Grand Prix,10,41.096103896103905,24.132467532467533
80.236,28.0,MEDIUM,12.0,HAM,Mercedes,Spanish Grand Prix,10,41.096103896103905,24.132467532467533
79.757,29.0,MEDIUM,13.0,HAM,Mercedes,Spanish Grand Prix,10,41.096103896103905,24.132467532467533
79.896,30.0,MEDIUM,14.0,HAM,Mercedes,Spanish Grand Prix,10,41.096103896103905,24.132467532467533
80.327,31.0,MEDIUM,15.0,HAM,Mercedes,Spanish Grand Prix,10,41.096103896103905,24.132467532467533
81.357,32.0,MEDIUM,16.0,HAM,Mercedes,Spanish Grand Prix,10,41.096103896103905,24.132467532467533
80.258,33.0,MEDIUM,17.0,HAM,Mercedes,Spanish Grand Prix,10,41.096103896103905,24.132467532467533
79.986,34.0,MEDIUM,18.0,HAM,Mercedes,Spanish Grand Prix,10,41.096103896103905,24.132467532467533
80.651,35.0,MEDIUM,19.0,HAM,Mercedes,Spanish Grand Prix,10,41.096103896103905,24.132467532467533
80.606,36.0,MEDIUM,20.0,HAM,Mercedes,Spanish Grand Prix,10,41.096103896103905,24.132467532467533
79.404,37.0,MEDIUM,21.0,HAM,Mercedes,Spanish Grand Prix,10,41.096103896103905,24.132467532467533
79.658,38.0,MEDIUM,22.0,HAM,Mercedes,Spanish Grand Prix,10,41.096103896103905,24.132467532467533
80.037,39.0,MEDIUM,23.0,HAM,Mercedes,Spanish Grand Prix,10,41.096103896103905,24.132467532467533
80.032,40.0,MEDIUM,24.0,HAM,Mercedes,Spanish Grand Prix,10,41.096103896103905,24.132467532467533
79.6,41.0,MEDIUM,25.0,HAM,Mercedes,Spanish Grand Prix,10,41.096103896103905,24.132467532467533
80.224,42.0,MEDIUM,26.0,HAM,Mercedes,Spanish Grand Prix,10,41.096103896103905,24.132467532467533
84.149,43.0,MEDIUM,27.0,HAM,Mercedes,Spanish Grand Prix,10,41.096103896103905,24.132467532467533
96.194,44.0,SOFT,4.0,HAM,Mercedes,Spanish Grand Prix,10,41.096103896103905,24.132467532467533
78.759,45.0,SOFT,5.0,HAM,Mercedes,Spanish Grand Prix,10,41.096103896103905,24.132467532467533
77.809,46.0,SOFT,6.0,HAM,Mercedes,Spanish Grand Prix,10,41.096103896103905,24.132467532467533
78.212,47.0,SOFT,7.0,HAM,Mercedes,Spanish Grand Prix,10,41.096103896103905,24.132467532467533
78.84,48.0,SOFT,8.0,HAM,Mercedes,Spanish Grand Prix,10,41.096103896103905,24.132467532467533
78.976,49.0,SOFT,9.0,HAM,Mercedes,Spanish Grand Prix,10,41.096103896103905,24.132467532467533
78.209,50.0,SOFT,10.0,HAM,Mercedes,Spanish Grand Prix,10,41.096103896103905,24.132467532467533
78.277,51.0,SOFT,11.0,HAM,Mercedes,Spanish Grand Prix,10,41.096103896103905,24.132467532467533
78.417,52.0,SOFT,12.0,HAM,Mercedes,Spanish Grand Prix,10,41.096103896103905,24.132467532467533
78.605,53.0,SOFT,13.0,HAM,Mercedes,Spanish Grand Prix,10,41.096103896103905,24.132467532467533
78.533,54.0,SOFT,14.0,HAM,Mercedes,Spanish Grand Prix,10,41.096103896103905,24.132467532467533
78.788,55.0,SOFT,15.0,HAM,Mercedes,Spanish Grand Prix,10,41.096103896103905,24.132467532467533
78.432,56.0,SOFT,16.0,HAM,Mercedes,Spanish Grand Prix,10,41.096103896103905,24.132467532467533
78.623,57.0,SOFT,17.0,HAM,Mercedes,Spanish Grand Prix,10,41.096103896103905,24.132467532467533
78.688,58.0,SOFT,18.0,HAM,Mercedes,Spanish Grand Prix,10,41.096103896103905,24.132467532467533
78.64,59.0,SOFT,19.0,HAM,Mercedes,Spanish Grand Prix,10,41.096103896103905,24.132467532467533
78.635,60.0,SOFT,20.0,HAM,Mercedes,Spanish Grand Prix,10,41.096103896103905,24.132467532467533
78.839,61.0,SOFT,21.0,HAM,Mercedes,Spanish Grand Prix,10,41.096103896103905,24.132467532467533
79.337,62.0,SOFT,22.0,HAM,Mercedes,Spanish Grand Prix,10,41.096103896103905,24.132467532467533
78.942,63.0,SOFT,23.0,HAM,Mercedes,Spanish Grand Prix,10,41.096103896103905,24.132467532467533
79.166,64.0,SOFT,24.0,HAM,Mercedes,Spanish Grand Prix,10,41.096103896103905,24.132467532467533
79.009,65.0,SOFT,25.0,HAM,Mercedes,Spanish Grand Prix,10,41.096103896103905,24.132467532467533
80.041,66.0,SOFT,26.0,HAM,Mercedes,Spanish Grand Prix,10,41.096103896103905,24.132467532467533
81.103,3.0,SOFT,6.0,RUS,Mercedes,Spanish Grand Prix,10,41.096103896103905,24.132467532467533
80.843,4.0,SOFT,7.0,RUS,Mercedes,Spanish Grand Prix,10,41.096103896103905,24.132467532467533
80.923,5.0,SOFT,8.0,RUS,Mercedes,Spanish Grand Prix,10,41.096103896103905,24.132467532467533
81.07,6.0,SOFT,9.0,RUS,Mercedes,Spanish Grand Prix,10,41.096103896103905,24.132467532467533
81.306,7.0,SOFT,10.0,RUS,Mercedes,Spanish Grand Prix,10,41.096103896103905,24.132467532467533
81.436,8.0,SOFT,11.0,RUS,Mercedes,Spanish Grand Prix,10,41.096103896103905,24.132467532467533
81.168,9.0,SOFT,12.0,RUS,Mercedes,Spanish Grand Prix,10,41.096103896103905,24.132467532467533
81.308,10.0,SOFT,13.0,RUS,Mercedes,Spanish Grand Prix,10,41.096103896103905,24.132467532467533
81.061,11.0,SOFT,14.0,RUS,Mercedes,Spanish Grand Prix,10,41.096103896103905,24.132467532467533
81.383,12.0,SOFT,15.0,RUS,Mercedes,Spanish Grand Prix,10,41.096103896103905,24.132467532467533
81.365,13.0,SOFT,16.0,RUS,Mercedes,Spanish Grand Prix,10,41.096103896103905,24.132467532467533
81.482,14.0,SOFT,17.0,RUS,Mercedes,Spanish Grand Prix,10,41.096103896103905,24.132467532467533
85.364,15.0,SOFT,18.0,RUS,Mercedes,Spanish Grand Prix,10,41.096103896103905,24.132467532467533
100.24,16.0,MEDIUM,1.0,RUS,Mercedes,Spanish Grand Prix,10,41.096103896103905,24.132467532467533
80.277,17.0,MEDIUM,2.0,RUS,Mercedes,Spanish Grand Prix,10,41.096103896103905,24.132467532467533
79.511,18.0,MEDIUM,3.0,RUS,Mercedes,Spanish Grand Prix,10,41.096103896103905,24.132467532467533
79.539,19.0,MEDIUM,4.0,RUS,Mercedes,Spanish Grand Prix,10,41.096103896103905,24.132467532467533
79.972,20.0,MEDIUM,5.0,RUS,Mercedes,Spanish Grand Prix,10,41.096103896103905,24.132467532467533
80.34,21.0,MEDIUM,6.0,RUS,Mercedes,Spanish Grand Prix,10,41.096103896103905,24.132467532467533
80.093,22.0,MEDIUM,7.0,RUS,Mercedes,Spanish Grand Prix,10,41.096103896103905,24.132467532467533
79.871,23.0,MEDIUM,8.0,RUS,Mercedes,Spanish Grand Prix,10,41.096103896103905,24.132467532467533
80.032,24.0,MEDIUM,9.0,RUS,Mercedes,Spanish Grand Prix,10,41.096103896103905,24.132467532467533
79.772,25.0,MEDIUM,10.0,RUS,Mercedes,Spanish Grand Prix,10,41.096103896103905,24.132467532467533
80.279,26.0,MEDIUM,11.0,RUS,Mercedes,Spanish Grand Prix,10,41.096103896103905,24.132467532467533
80.222,27.0,MEDIUM,12.0,RUS,Mercedes,Spanish Grand Prix,10,41.096103896103905,24.132467532467533
80.201,28.0,MEDIUM,13.0,RUS,Mercedes,Spanish Grand Prix,10,41.096103896103905,24.132467532467533
80.027,29.0,MEDIUM,14.0,RUS,Mercedes,Spanish Grand Prix,10,41.096103896103905,24.132467532467533
80.038,30.0,MEDIUM,15.0,RUS,Mercedes,Spanish Grand Prix,10,41.096103896103905,24.132467532467533
80.338,31.0,MEDIUM,16.0,RUS,Mercedes,Spanish Grand Prix,10,41.096103896103905,24.132467532467533
80.301,32.0,MEDIUM,17.0,RUS,Mercedes,Spanish Grand Prix,10,41.096103896103905,24.132467532467533
80.178,33.0,MEDIUM,18.0,RUS,Mercedes,Spanish Grand Prix,10,41.096103896103905,24.132467532467533
80.204,34.0,MEDIUM,19.0,RUS,Mercedes,Spanish Grand Prix,10,41.096103896103905,24.132467532467533
82.129,35.0,MEDIUM,20.0,RUS,Mercedes,Spanish Grand Prix,10,41.096103896103905,24.132467532467533
84.372,36.0,MEDIUM,21.0,RUS,Mercedes,Spanish Grand Prix,10,41.096103896103905,24.132467532467533
99.351,37.0,HARD,1.0,RUS,Mercedes,Spanish Grand Prix,10,41.096103896103905,24.132467532467533
78.367,38.0,HARD,2.0,RUS,Mercedes,Spanish Grand Prix,10,41.096103896103905,24.132467532467533
78.964,39.0,HARD,3.0,RUS,Mercedes,Spanish Grand Prix,10,41.096103896103905,24.132467532467533
79.428,40.0,HARD,4.0,RUS,Mercedes,Spanish Grand Prix,10,41.096103896103905,24.132467532467533
78.982,41.0,HARD,5.0,RUS,Mercedes,Spanish Grand Prix,10,41.096103896103905,24.132467532467533
79.033,42.0,HARD,6.0,RUS,Mercedes,Spanish Grand Prix,10,41.096103896103905,24.132467532467533
79.306,43.0,HARD,7.0,RUS,Mercedes,Spanish Grand Prix,10,41.096103896103905,24.132467532467533
79.019,44.0,HARD,8.0,RUS,Mercedes,Spanish Grand Prix,10,41.096103896103905,24.132467532467533
79.632,45.0,HARD,9.0,RUS,Mercedes,Spanish Grand Prix,10,41.096103896103905,24.132467532467533
78.291,46.0,HARD,10.0,RUS,Mercedes,Spanish Grand Prix,10,41.096103896103905,24.132467532467533
78.486,47.0,HARD,11.0,RUS,Mercedes,Spanish Grand Prix,10,41.096103896103905,24.132467532467533
80.06,48.0,HARD,12.0,RUS,Mercedes,Spanish Grand Prix,10,41.096103896103905,24.132467532467533
78.681,49.0,HARD,13.0,RUS,Mercedes,Spanish Grand Prix,10,41.096103896103905,24.132467532467533
78.29,50.0,HARD,14.0,RUS,Mercedes,Spanish Grand Prix,10,41.096103896103905,24.132467532467533
78.726,51.0,HARD,15.0,RUS,Mercedes,Spanish Grand Prix,10,41.096103896103905,24.132467532467533
80.241,52.0,HARD,16.0,RUS,Mercedes,Spanish Grand Prix,10,41.096103896103905,24.132467532467533
78.863,53.0,HARD,17.0,RUS,Mercedes,Spanish Grand Prix,10,41.096103896103905,24.132467532467533
78.86,54.0,HARD,18.0,RUS,Mercedes,Spanish Grand Prix,10,41.096103896103905,24.132467532467533
78.572,55.0,HARD,19.0,RUS,Mercedes,Spanish Grand Prix,10,41.096103896103905,24.132467532467533
78.792,56.0,HARD,20.0,RUS,Mercedes,Spanish Grand Prix,10,41.096103896103905,24.132467532467533
78.956,57.0,HARD,21.0,RUS,Mercedes,Spanish Grand Prix,10,41.096103896103905,24.132467532467533
78.641,58.0,HARD,22.0,RUS,Mercedes,Spanish Grand Prix,10,41.096103896103905,24.132467532467533
78.877,59.0,HARD,23.0,RUS,Mercedes,Spanish Grand Prix,10,41.096103896103905,24.132467532467533
79.108,60.0,HARD,24.0,RUS,Mercedes,Spanish Grand Prix,10,41.096103896103905,24.132467532467533
79.267,61.0,HARD,25.0,RUS,Mercedes,Spanish Grand Prix,10,41.096103896103905,24.132467532467533
79.304,62.0,HARD,26.0,RUS,Mercedes,Spanish Grand Prix,10,41.096103896103905,24.132467532467533
79.52,63.0,HARD,27.0,RUS,Mercedes,Spanish Grand Prix,10,41.096103896103905,24.132467532467533
79.372,64.0,HARD,28.0,RUS,Mercedes,Spanish Grand Prix,10,41.096103896103905,24.132467532467533
79.634,65.0,HARD,29.0,RUS,Mercedes,Spanish Grand Prix,10,41.096103896103905,24.132467532467533
79.751,66.0,HARD,30.0,RUS,Mercedes,Spanish Grand Prix,10,41.096103896103905,24.132467532467533
81.287,3.0,SOFT,3.0,LEC,Ferrari,Spanish Grand Prix,10,41.096103896103905,24.132467532467533
80.569,4.0,SOFT,4.0,LEC,Ferrari,Spanish Grand Prix,10,41.096103896103905,24.132467532467533
80.932,5.0,SOFT,5.0,LEC,Ferrari,Spanish Grand Prix,10,41.096103896103905,24.132467532467533
81.227,6.0,SOFT,6.0,LEC,Ferrari,Spanish Grand Prix,10,41.096103896103905,24.132467532467533
80.996,7.0,SOFT,7.0,LEC,Ferrari,Spanish Grand Prix,10,41.096103896103905,24.132467532467533
81.393,8.0,SOFT,8.0,LEC,Ferrari,Spanish Grand Prix,10,41.096103896103905,24.132467532467533
81.33,9.0,SOFT,9.0,LEC,Ferrari,Spanish Grand Prix,10,41.096103896103905,24.132467532467533
81.014,10.0,SOFT,10.0,LEC,Ferrari,Spanish Grand Prix,10,41.096103896103905,24.132467532467533
81.476,11.0,SOFT,11.0,LEC,Ferrari,Spanish Grand Prix,10,41.096103896103905,24.132467532467533
81.561,12.0,SOFT,12.0,LEC,Ferrari,Spanish Grand Prix,10,41.096103896103905,24.132467532467533
81.275,13.0,SOFT,13.0,LEC,Ferrari,Spanish Grand Prix,10,41.096103896103905,24.132467532467533
81.594,14.0,SOFT,14.0,LEC,Ferrari,Spanish Grand Prix,10,41.096103896103905,24.132467532467533
81.703,15.0,SOFT,15.0,LEC,Ferrari,Spanish Grand Prix,10,41.096103896103905,24.132467532467533
80.893,16.0,SOFT,16.0,LEC,Ferrari,Spanish Grand Prix,10,41.096103896103905,24.132467532467533
81.123,17.0,SOFT,17.0,LEC,Ferrari,Spanish Grand Prix,10,41.096103896103905,24.132467532467533
80.915,18.0,SOFT,18.0,LEC,Ferrari,Spanish Grand Prix,10,41.096103896103905,24.132467532467533
81.096,19.0,SOFT,19.0,LEC,Ferrari,Spanish Grand Prix,10,41.096103896103905,24.132467532467533
81.159,20.0,SOFT,20.0,LEC,Ferrari,Spanish Grand Prix,10,41.096103896103905,24.132467532467533
81.497,21.0,SOFT,21.0,LEC,Ferrari,Spanish Grand Prix,10,41.096103896103905,24.132467532467533
81.451,22.0,SOFT,22.0,LEC,Ferrari,Spanish Grand Prix,10,41.096103896103905,24.132467532467533
81.723,23.0,SOFT,23.0,LEC,Ferrari,Spanish Grand Prix,10,41.096103896103905,24.132467532467533
85.337,24.0,SOFT,24.0,LEC,Ferrari,Spanish Grand Prix,10,41.096103896103905,24.132467532467533
98.462,25.0,MEDIUM,1.0,LEC,Ferrari,Spanish Grand Prix,10,41.096103896103905,24.132467532467533
79.381,26.0,MEDIUM,2.0,LEC,Ferrari,Spanish Grand Prix,10,41.096103896103905,24.132467532467533
78.811,27.0,MEDIUM,3.0,LEC,Ferrari,Spanish Grand Prix,10,41.096103896103905,24.132467532467533
79.324,28.0,MEDIUM,4.0,LEC,Ferrari,Spanish Grand Prix,10,41.096103896103905,24.132467532467533
79.482,29.0,MEDIUM,5.0,LEC,Ferrari,Spanish Grand Prix,10,41.096103896103905,24.132467532467533
79.675,30.0,MEDIUM,6.0,LEC,Ferrari,Spanish Grand Prix,10,41.096103896103905,24.132467532467533
79.791,31.0,MEDIUM,7.0,LEC,Ferrari,Spanish Grand Prix,10,41.096103896103905,24.132467532467533
79.509,32.0,MEDIUM,8.0,LEC,Ferrari,Spanish Grand Prix,10,41.096103896103905,24.132467532467533
79.535,33.0,MEDIUM,9.0,LEC,Ferrari,Spanish Grand Prix,10,41.096103896103905,24.132467532467533
79.61,34.0,MEDIUM,10.0,LEC,Ferrari,Spanish Grand Prix,10,41.096103896103905,24.132467532467533
80.177,35.0,MEDIUM,11.0,LEC,Ferrari,Spanish Grand Prix,10,41.096103896103905,24.132467532467533
79.907,36.0,MEDIUM,12.0,LEC,Ferrari,Spanish Grand Prix,10,41.096103896103905,24.132467532467533
79.553,37.0,MEDIUM,13.0,LEC,Ferrari,Spanish Grand Prix,10,41.096103896103905,24.132467532467533
79.64,38.0,MEDIUM,14.0,LEC,Ferrari,Spanish Grand Prix,10,41.096103896103905,24.132467532467533
79.459,39.0,MEDIUM,15.0,LEC,Ferrari,Spanish Grand Prix,10,41.096103896103905,24.132467532467533
79.665,40.0,MEDIUM,16.0,LEC,Ferrari,Spanish Grand Prix,10,41.096103896103905,24.132467532467533
79.662,41.0,MEDIUM,17.0,LEC,Ferrari,Spanish Grand Prix,10,41.096103896103905,24.132467532467533
79.781,42.0,MEDIUM,18.0,LEC,Ferrari,Spanish Grand Prix,10,41.096103896103905,24.132467532467533
79.981,43.0,MEDIUM,19.0,LEC,Ferrari,Spanish Grand Prix,10,41.096103896103905,24.132467532467533
80.064,44.0,MEDIUM,20.0,LEC,Ferrari,Spanish Grand Prix,10,41.096103896103905,24.132467532467533
79.901,45.0,MEDIUM,21.0,LEC,Ferrari,Spanish Grand Prix,10,41.096103896103905,24.132467532467533
80.001,46.0,MEDIUM,22.0,LEC,Ferrari,Spanish Grand Prix,10,41.096103896103905,24.132467532467533
83.761,47.0,MEDIUM,23.0,LEC,Ferrari,Spanish Grand Prix,10,41.096103896103905,24.132467532467533
97.516,48.0,SOFT,4.0,LEC,Ferrari,Spanish Grand Prix,10,41.096103896103905,24.132467532467533
78.09,49.0,SOFT,5.0,LEC,Ferrari,Spanish Grand Prix,10,41.096103896103905,24.132467532467533
78.182,50.0,SOFT,6.0,LEC,Ferrari,Spanish Grand Prix,10,41.096103896103905,24.132467532467533
78.179,51.0,SOFT,7.0,LEC,Ferrari,Spanish Grand Prix,10,41.096103896103905,24.132467532467533
77.897,52.0,SOFT,8.0,LEC,Ferrari,Spanish Grand Prix,10,41.096103896103905,24.132467532467533
77.956,53.0,SOFT,9.0,LEC,Ferrari,Spanish Grand Prix,10,41.096103896103905,24.132467532467533
78.385,54.0,SOFT,10.0,LEC,Ferrari,Spanish Grand Prix,10,41.096103896103905,24.132467532467533
78.551,55.0,SOFT,11.0,LEC,Ferrari,Spanish Grand Prix,10,41.096103896103905,24.132467532467533
78.53,56.0,SOFT,12.0,LEC,Ferrari,Spanish Grand Prix,10,41.096103896103905,24.132467532467533
78.11,57.0,SOFT,13.0,LEC,Ferrari,Spanish Grand Prix,10,41.096103896103905,24.132467532467533
78.213,58.0,SOFT,14.0,LEC,Ferrari,Spanish Grand Prix,10,41.096103896103905,24.132467532467533
78.185,59.0,SOFT,15.0,LEC,Ferrari,Spanish Grand Prix,10,41.096103896103905,24.132467532467533
78.447,60.0,SOFT,16.0,LEC,Ferrari,Spanish Grand Prix,10,41.096103896103905,24.132467532467533
78.735,61.0,SOFT,17.0,LEC,Ferrari,Spanish Grand Prix,10,41.096103896103905,24.132467532467533
78.533,62.0,SOFT,18.0,LEC,Ferrari,Spanish Grand Prix,10,41.096103896103905,24.132467532467533
78.965,63.0,SOFT,19.0,LEC,Ferrari,Spanish Grand Prix,10,41.096103896103905,24.132467532467533
79.03,64.0,SOFT,20.0,LEC,Ferrari,Spanish Grand Prix,10,41.096103896103905,24.132467532467533
79.074,65.0,SOFT,21.0,LEC,Ferrari,Spanish Grand Prix,10,41.096103896103905,24.132467532467533
79.41,66.0,SOFT,22.0,LEC,Ferrari,Spanish Grand Prix,10,41.096103896103905,24.132467532467533
80.046,3.0,SOFT,3.0,SAI,Ferrari,Spanish Grand Prix,10,41.096103896103905,24.132467532467533
80.626,4.0,SOFT,4.0,SAI,Ferrari,Spanish Grand Prix,10,41.096103896103905,24.132467532467533
80.8,5.0,SOFT,5.0,SAI,Ferrari,Spanish Grand Prix,10,41.096103896103905,24.132467532467533
81.217,6.0,SOFT,6.0,SAI,Ferrari,Spanish Grand Prix,10,41.096103896103905,24.132467532467533
81.146,7.0,SOFT,7.0,SAI,Ferrari,Spanish Grand Prix,10,41.096103896103905,24.132467532467533
81.309,8.0,SOFT,8.0,SAI,Ferrari,Spanish Grand Prix,10,41.096103896103905,24.132467532467533
81.221,9.0,SOFT,9.0,SAI,Ferrari,Spanish Grand Prix,10,41.096103896103905,24.132467532467533
81.052,10.0,SOFT,10.0,SAI,Ferrari,Spanish Grand Prix,10,41.096103896103905,24.132467532467533
81.459,11.0,SOFT,11.0,SAI,Ferrari,Spanish Grand Prix,10,41.096103896103905,24.132467532467533
81.62,12.0,SOFT,12.0,SAI,Ferrari,Spanish Grand Prix,10,41.096103896103905,24.132467532467533
81.163,13.0,SOFT,13.0,SAI,Ferrari,Spanish Grand Prix,10,41.096103896103905,24.132467532467533
81.646,14.0,SOFT,14.0,SAI,Ferrari,Spanish Grand Prix,10,41.096103896103905,24.132467532467533
85.427,15.0,SOFT,15.0,SAI,Ferrari,Spanish Grand Prix,10,41.096103896103905,24.132467532467533
98.064,16.0,MEDIUM,1.0,SAI,Ferrari,Spanish Grand Prix,10,41.096103896103905,24.132467532467533
80.665,17.0,MEDIUM,2.0,SAI,Ferrari,Spanish Grand Prix,10,41.096103896103905,24.132467532467533
79.85,18.0,MEDIUM,3.0,SAI,Ferrari,Spanish Grand Prix,10,41.096103896103905,24.132467532467533
81.079,19.0,MEDIUM,4.0,SAI,Ferrari,Spanish Grand Prix,10,41.096103896103905,24.132467532467533
80.0,20.0,MEDIUM,5.0,SAI,Ferrari,Spanish Grand Prix,10,41.096103896103905,24.132467532467533
80.125,21.0,MEDIUM,6.0,SAI,Ferrari,Spanish Grand Prix,10,41.096103896103905,24.132467532467533
79.952,22.0,MEDIUM,7.0,SAI,Ferrari,Spanish Grand Prix,10,41.096103896103905,24.132467532467533
80.261,23.0,MEDIUM,8.0,SAI,Ferrari,Spanish Grand Prix,10,41.096103896103905,24.132467532467533
80.205,24.0,MEDIUM,9.0,SAI,Ferrari,Spanish Grand Prix,10,41.096103896103905,24.132467532467533
79.709,25.0,MEDIUM,10.0,SAI,Ferrari,Spanish Grand Prix,10,41.096103896103905,24.132467532467533
80.273,26.0,MEDIUM,11.0,SAI,Ferrari,Spanish Grand Prix,10,41.096103896103905,24.132467532467533
81.788,27.0,MEDIUM,12.0,SAI,Ferrari,Spanish Grand Prix,10,41.096103896103905,24.132467532467533
80.458,28.0,MEDIUM,13.0,SAI,Ferrari,Spanish Grand Prix,10,41.096103896103905,24.132467532467533
80.061,29.0,MEDIUM,14.0,SAI,Ferrari,Spanish Grand Prix,10,41.096103896103905,24.132467532467533
80.376,30.0,MEDIUM,15.0,SAI,Ferrari,Spanish Grand Prix,10,41.096103896103905,24.132467532467533
80.642,31.0,MEDIUM,16.0,SAI,Ferrari,Spanish Grand Prix,10,41.096103896103905,24.132467532467533
80.183,32.0,MEDIUM,17.0,SAI,Ferrari,Spanish Grand Prix,10,41.096103896103905,24.132467532467533
80.145,33.0,MEDIUM,18.0,SAI,Ferrari,Spanish Grand Prix,10,41.096103896103905,24.132467532467533
80.231,34.0,MEDIUM,19.0,SAI,Ferrari,Spanish Grand Prix,10,41.096103896103905,24.132467532467533
80.708,35.0,MEDIUM,20.0,SAI,Ferrari,Spanish Grand Prix,10,41.096103896103905,24.132467532467533
83.733,36.0,MEDIUM,21.0,SAI,Ferrari,Spanish Grand Prix,10,41.096103896103905,24.132467532467533
98.592,37.0,HARD,1.0,SAI,Ferrari,Spanish Grand Prix,10,41.096103896103905,24.132467532467533
78.86,38.0,HARD,2.0,SAI,Ferrari,Spanish Grand Prix,10,41.096103896103905,24.132467532467533
78.539,39.0,HARD,3.0,SAI,Ferrari,Spanish Grand Prix,10,41.096103896103905,24.132467532467533
79.184,40.0,HARD,4.0,SAI,Ferrari,Spanish Grand Prix,10,41.096103896103905,24.132467532467533
78.909,41.0,HARD,5.0,SAI,Ferrari,Spanish Grand Prix,10,41.096103896103905,24.132467532467533
79.135,42.0,HARD,6.0,SAI,Ferrari,Spanish Grand Prix,10,41.096103896103905,24.132467532467533
79.157,43.0,HARD,7.0,SAI,Ferrari,Spanish Grand Prix,10,41.096103896103905,24.132467532467533
79.192,44.0,HARD,8.0,SAI,Ferrari,Spanish Grand Prix,10,41.096103896103905,24.132467532467533
79.136,45.0,HARD,9.0,SAI,Ferrari,Spanish Grand Prix,10,41.096103896103905,24.132467532467533
80.032,46.0,HARD,10.0,SAI,Ferrari,Spanish Grand Prix,10,41.096103896103905,24.132467532467533
79.02,47.0,HARD,11.0,SAI,Ferrari,Spanish Grand Prix,10,41.096103896103905,24.132467532467533
79.318,48.0,HARD,12.0,SAI,Ferrari,Spanish Grand Prix,10,41.096103896103905,24.132467532467533
79.52,49.0,HARD,13.0,SAI,Ferrari,Spanish Grand Prix,10,41.096103896103905,24.132467532467533
79.202,50.0,HARD,14.0,SAI,Ferrari,Spanish Grand Prix,10,41.096103896103905,24.132467532467533
79.046,51.0,HARD,15.0,SAI,Ferrari,Spanish Grand Prix,10,41.096103896103905,24.132467532467533
79.046,52.0,HARD,16.0,SAI,Ferrari,Spanish Grand Prix,10,41.096103896103905,24.132467532467533
79.259,53.0,HARD,17.0,SAI,Ferrari,Spanish Grand Prix,10,41.096103896103905,24.132467532467533
79.017,54.0,HARD,18.0,SAI,Ferrari,Spanish Grand Prix,10,41.096103896103905,24.132467532467533
81.334,55.0,HARD,19.0,SAI,Ferrari,Spanish Grand Prix,10,41.096103896103905,24.132467532467533
79.047,56.0,HARD,20.0,SAI,Ferrari,Spanish Grand Prix,10,41.096103896103905,24.132467532467533
78.97,57.0,HARD,21.0,SAI,Ferrari,Spanish Grand Prix,10,41.096103896103905,24.132467532467533
78.871,58.0,HARD,22.0,SAI,Ferrari,Spanish Grand Prix,10,41.096103896103905,24.132467532467533
78.978,59.0,HARD,23.0,SAI,Ferrari,Spanish Grand Prix,10,41.096103896103905,24.132467532467533
79.115,60.0,HARD,24.0,SAI,Ferrari,Spanish Grand Prix,10,41.096103896103905,24.132467532467533
79.151,61.0,HARD,25.0,SAI,Ferrari,Spanish Grand Prix,10,41.096103896103905,24.132467532467533
79.365,62.0,HARD,26.0,SAI,Ferrari,Spanish Grand Prix,10,41.096103896103905,24.132467532467533
79.479,63.0,HARD,27.0,SAI,Ferrari,Spanish Grand Prix,10,41.096103896103905,24.132467532467533
79.535,64.0,HARD,28.0,SAI,Ferrari,Spanish Grand Prix,10,41.096103896103905,24.132467532467533
79.612,65.0,HARD,29.0,SAI,Ferrari,Spanish Grand Prix,10,41.096103896103905,24.132467532467533
79.643,66.0,HARD,30.0,SAI,Ferrari,Spanish Grand Prix,10,41.096103896103905,24.132467532467533
80.765,3.0,SOFT,6.0,PIA,McLaren,Spanish Grand Prix,10,41.096103896103905,24.132467532467533
80.797,4.0,SOFT,7.0,PIA,McLaren,Spanish Grand Prix,10,41.096103896103905,24.132467532467533
81.215,5.0,SOFT,8.0,PIA,McLaren,Spanish Grand Prix,10,41.096103896103905,24.132467532467533
81.056,6.0,SOFT,9.0,PIA,McLaren,Spanish Grand Prix,10,41.096103896103905,24.132467532467533
81.416,7.0,SOFT,10.0,PIA,McLaren,Spanish Grand Prix,10,41.096103896103905,24.132467532467533
81.53,8.0,SOFT,11.0,PIA,McLaren,Spanish Grand Prix,10,41.096103896103905,24.132467532467533
81.5,9.0,SOFT,12.0,PIA,McLaren,Spanish Grand Prix,10,41.096103896103905,24.132467532467533
82.049,10.0,SOFT,13.0,PIA,McLaren,Spanish Grand Prix,10,41.096103896103905,24.132467532467533
81.486,11.0,SOFT,14.0,PIA,McLaren,Spanish Grand Prix,10,41.096103896103905,24.132467532467533
81.683,12.0,SOFT,15.0,PIA,McLaren,Spanish Grand Prix,10,41.096103896103905,24.132467532467533
81.918,13.0,SOFT,16.0,PIA,McLaren,Spanish Grand Prix,10,41.096103896103905,24.132467532467533
82.316,14.0,SOFT,17.0,PIA,McLaren,Spanish Grand Prix,10,41.096103896103905,24.132467532467533
81.492,15.0,SOFT,18.0,PIA,McLaren,Spanish Grand Prix,10,41.096103896103905,24.132467532467533
81.532,16.0,SOFT,19.0,PIA,McLaren,Spanish Grand Prix,10,41.096103896103905,24.132467532467533
81.853,17.0,SOFT,20.0,PIA,McLaren,Spanish Grand Prix,10,41.096103896103905,24.132467532467533
81.505,18.0,SOFT,21.0,PIA,McLaren,Spanish Grand Prix,10,41.096103896103905,24.132467532467533
81.727,19.0,SOFT,22.0,PIA,McLaren,Spanish Grand Prix,10,41.096103896103905,24.132467532467533
81.883,20.0,SOFT,23.0,PIA,McLaren,Spanish Grand Prix,10,41.096103896103905,24.132467532467533
87.064,21.0,SOFT,24.0,PIA,McLaren,Spanish Grand Prix,10,41.096103896103905,24.132467532467533
99.096,22.0,MEDIUM,1.0,PIA,McLaren,Spanish Grand Prix,10,41.096103896103905,24.132467532467533
79.833,23.0,MEDIUM,2.0,PIA,McLaren,Spanish Grand Prix,10,41.096103896103905,24.132467532467533
79.991,24.0,MEDIUM,3.0,PIA,McLaren,Spanish Grand Prix,10,41.096103896103905,24.132467532467533
79.731,25.0,MEDIUM,4.0,PIA,McLaren,Spanish Grand Prix,10,41.096103896103905,24.132467532467533
79.853,26.0,MEDIUM,5.0,PIA,McLaren,Spanish Grand Prix,10,41.096103896103905,24.132467532467533
80.231,27.0,MEDIUM,6.0,PIA,McLaren,Spanish Grand Prix,10,41.096103896103905,24.132467532467533
80.626,28.0,MEDIUM,7.0,PIA,McLaren,Spanish Grand Prix,10,41.096103896103905,24.132467532467533
79.823,29.0,MEDIUM,8.0,PIA,McLaren,Spanish Grand Prix,10,41.096103896103905,24.132467532467533
80.01,30.0,MEDIUM,9.0,PIA,McLaren,Spanish Grand Prix,10,41.096103896103905,24.132467532467533
79.875,31.0,MEDIUM,10.0,PIA,McLaren,Spanish Grand Prix,10,41.096103896103905,24.132467532467533
80.425,32.0,MEDIUM,11.0,PIA,McLaren,Spanish Grand Prix,10,41.096103896103905,24.132467532467533
80.543,33.0,MEDIUM,12.0,PIA,McLaren,Spanish Grand Prix,10,41.096103896103905,24.132467532467533
79.656,34.0,MEDIUM,13.0,PIA,McLaren,Spanish Grand Prix,10,41.096103896103905,24.132467532467533
79.796,35.0,MEDIUM,14.0,PIA,McLaren,Spanish Grand Prix,10,41.096103896103905,24.132467532467533
79.728,36.0,MEDIUM,15.0,PIA,McLaren,Spanish Grand Prix,10,41.096103896103905,24.132467532467533
79.661,37.0,MEDIUM,16.0,PIA,McLaren,Spanish Grand Prix,10,41.096103896103905,24.132467532467533
79.785,38.0,MEDIUM,17.0,PIA,McLaren,Spanish Grand Prix,10,41.096103896103905,24.132467532467533
79.78,39.0,MEDIUM,18.0,PIA,McLaren,Spanish Grand Prix,10,41.096103896103905,24.132467532467533
79.659,40.0,MEDIUM,19.0,PIA,McLaren,Spanish Grand Prix,10,41.096103896103905,24.132467532467533
79.622,41.0,MEDIUM,20.0,PIA,McLaren,Spanish Grand Prix,10,41.096103896103905,24.132467532467533
79.93,42.0,MEDIUM,21.0,PIA,McLaren,Spanish Grand Prix,10,41.096103896103905,24.132467532467533
80.15,43.0,MEDIUM,22.0,PIA,McLaren,Spanish Grand Prix,10,41.096103896103905,24.132467532467533
79.925,44.0,MEDIUM,23.0,PIA,McLaren,Spanish Grand Prix,10,41.096103896103905,24.132467532467533
80.667,45.0,MEDIUM,24.0,PIA,McLaren,Spanish Grand Prix,10,41.096103896103905,24.132467532467533
84.084,46.0,MEDIUM,25.0,PIA,McLaren,Spanish Grand Prix,10,41.096103896103905,24.132467532467533
97.819,47.0,SOFT,4.0,PIA,McLaren,Spanish Grand Prix,10,41.096103896103905,24.132467532467533
79.317,48.0,SOFT,5.0,PIA,McLaren,Spanish Grand Prix,10,41.096103896103905,24.132467532467533
78.159,49.0,SOFT,6.0,PIA,McLaren,Spanish Grand Prix,10,41.096103896103905,24.132467532467533
78.257,50.0,SOFT,7.0,PIA,McLaren,Spanish Grand Prix,10,41.096103896103905,24.132467532467533
78.181,51.0,SOFT,8.0,PIA,McLaren,Spanish Grand Prix,10,41.096103896103905,24.132467532467533
78.492,52.0,SOFT,9.0,PIA,McLaren,Spanish Grand Prix,10,41.096103896103905,24.132467532467533
78.223,53.0,SOFT,10.0,PIA,McLaren,Spanish Grand Prix,10,41.096103896103905,24.132467532467533
78.354,54.0,SOFT,11.0,PIA,McLaren,Spanish Grand Prix,10,41.096103896103905,24.132467532467533
77.941,55.0,SOFT,12.0,PIA,McLaren,Spanish Grand Prix,10,41.096103896103905,24.132467532467533
77.874,56.0,SOFT,13.0,PIA,McLaren,Spanish Grand Prix,10,41.096103896103905,24.132467532467533
78.293,57.0,SOFT,14.0,PIA,McLaren,Spanish Grand Prix,10,41.096103896103905,24.132467532467533
78.483,58.0,SOFT,15.0,PIA,McLaren,Spanish Grand Prix,10,41.096103896103905,24.132467532467533
78.337,59.0,SOFT,16.0,PIA,McLaren,Spanish Grand Prix,10,41.096103896103905,24.132467532467533
78.129,60.0,SOFT,17.0,PIA,McLaren,Spanish Grand Prix,10,41.096103896103905,24.132467532467533
77.977,61.0,SOFT,18.0,PIA,McLaren,Spanish Grand Prix,10,41.096103896103905,24.132467532467533
78.186,62.0,SOFT,19.0,PIA,McLaren,Spanish Grand Prix,10,41.096103896103905,24.132467532467533
78.587,63.0,SOFT,20.0,PIA,McLaren,Spanish Grand Prix,10,41.096103896103905,24.132467532467533
78.84,64.0,SOFT,21.0,PIA,McLaren,Spanish Grand Prix,10,41.096103896103905,24.132467532467533
79.297,65.0,SOFT,22.0,PIA,McLaren,Spanish Grand Prix,10,41.096103896103905,24.132467532467533
79.294,66.0,SOFT,23.0,PIA,McLaren,Spanish Grand Prix,10,41.096103896103905,24.132467532467533
81.849,3.0,SOFT,6.0,PER,Red Bull Racing,Spanish Grand Prix,10,41.096103896103905,24.132467532467533
82.097,4.0,SOFT,7.0,PER,Red Bull Racing,Spanish Grand Prix,10,41.096103896103905,24.132467532467533
81.655,5.0,SOFT,8.0,PER,Red Bull Racing,Spanish Grand Prix,10,41.096103896103905,24.132467532467533
81.526,6.0,SOFT,9.0,PER,Red Bull Racing,Spanish Grand Prix,10,41.096103896103905,24.132467532467533
81.49,7.0,SOFT,10.0,PER,Red Bull Racing,Spanish Grand Prix,10,41.096103896103905,24.132467532467533
82.01,8.0,SOFT,11.0,PER,Red Bull Racing,Spanish Grand Prix,10,41.096103896103905,24.132467532467533
81.481,9.0,SOFT,12.0,PER,Red Bull Racing,Spanish Grand Prix,10,41.096103896103905,24.132467532467533
81.68,10.0,SOFT,13.0,PER,Red Bull Racing,Spanish Grand Prix,10,41.096103896103905,24.132467532467533
81.734,11.0,SOFT,14.0,PER,Red Bull Racing,Spanish Grand Prix,10,41.096103896103905,24.132467532467533
81.983,12.0,SOFT,15.0,PER,Red Bull Racing,Spanish Grand Prix,10,41.096103896103905,24.132467532467533
85.586,13.0,SOFT,16.0,PER,Red Bull Racing,Spanish Grand Prix,10,41.096103896103905,24.132467532467533
99.168,14.0,SOFT,4.0,PER,Red Bull Racing,Spanish Grand Prix,10,41.096103896103905,24.132467532467533
80.167,15.0,SOFT,5.0,PER,Red Bull Racing,Spanish Grand Prix,10,41.096103896103905,24.132467532467533
80.583,16.0,SOFT,6.0,PER,Red Bull Racing,Spanish Grand Prix,10,41.096103896103905,24.132467532467533
80.42,17.0,SOFT,7.0,PER,Red Bull Racing,Spanish Grand Prix,10,41.096103896103905,24.132467532467533
80.162,18.0,SOFT,8.0,PER,Red Bull Racing,Spanish Grand Prix,10,41.096103896103905,24.132467532467533
80.559,19.0,SOFT,9.0,PER,Red Bull Racing,Spanish Grand Prix,10,41.096103896103905,24.132467532467533
80.661,20.0,SOFT,10.0,PER,Red Bull Racing,Spanish Grand Prix,10,41.096103896103905,24.132467532467533
81.033,21.0,SOFT,11.0,PER,Red Bull Racing,Spanish Grand Prix,10,41.096103896103905,24.132467532467533
81.205,22.0,SOFT,12.0,PER,Red Bull Racing,Spanish Grand Prix,10,41.096103896103905,24.132467532467533
81.082,23.0,SOFT,13.0,PER,Red Bull Racing,Spanish Grand Prix,10,41.096103896103905,24.132467532467533
80.609,24.0,SOFT,14.0,PER,Red Bull Racing,Spanish Grand Prix,10,41.096103896103905,24.132467532467533
80.593,25.0,SOFT,15.0,PER,Red Bull Racing,Spanish Grand Prix,10,41.096103896103905,24.132467532467533
80.821,26.0,SOFT,16.0,PER,Red Bull Racing,Spanish Grand Prix,10,41.096103896103905,24.132467532467533
80.918,27.0,SOFT,17.0,PER,Red Bull Racing,Spanish Grand Prix,10,41.096103896103905,24.132467532467533
82.179,28.0,SOFT,18.0,PER,Red Bull Racing,Spanish Grand Prix,10,41.096103896103905,24.132467532467533
81.234,29.0,SOFT,19.0,PER,Red Bull Racing,Spanish Grand Prix,10,41.096103896103905,24.132467532467533
81.403,30.0,SOFT,20.0,PER,Red Bull Racing,Spanish Grand Prix,10,41.096103896103905,24.132467532467533
85.42,31.0,SOFT,21.0,PER,Red Bull Racing,Spanish Grand Prix,10,41.096103896103905,24.132467532467533
96.491,32.0,MEDIUM,1.0,PER,Red Bull Racing,Spanish Grand Prix,10,41.096103896103905,24.132467532467533
78.652,33.0,MEDIUM,2.0,PER,Red Bull Racing,Spanish Grand Prix,10,41.096103896103905,24.132467532467533
79.548,34.0,MEDIUM,3.0,PER,Red Bull Racing,Spanish Grand Prix,10,41.096103896103905,24.132467532467533
79.316,35.0,MEDIUM,4.0,PER,Red Bull Racing,Spanish Grand Prix,10,41.096103896103905,24.132467532467533
78.936,36.0,MEDIUM,5.0,PER,Red Bull Racing,Spanish Grand Prix,10,41.096103896103905,24.132467532467533
79.059,37.0,MEDIUM,6.0,PER,Red Bull Racing,Spanish Grand Prix,10,41.096103896103905,24.132467532467533
79.488,38.0,MEDIUM,7.0,PER,Red Bull Racing,Spanish Grand Prix,10,41.096103896103905,24.132467532467533
78.99,39.0,MEDIUM,8.0,PER,Red Bull Racing,Spanish Grand Prix,10,41.096103896103905,24.132467532467533
79.367,40.0,MEDIUM,9.0,PER,Red Bull Racing,Spanish Grand Prix,10,41.096103896103905,24.132467532467533
79.387,41.0,MEDIUM,10.0,PER,Red Bull Racing,Spanish Grand Prix,10,41.096103896103905,24.132467532467533
79.072,42.0,MEDIUM,11.0,PER,Red Bull Racing,Spanish Grand Prix,10,41.096103896103905,24.132467532467533
79.48,43.0,MEDIUM,12.0,PER,Red Bull Racing,Spanish Grand Prix,10,41.096103896103905,24.132467532467533
79.617,44.0,MEDIUM,13.0,PER,Red Bull Racing,Spanish Grand Prix,10,41.096103896103905,24.132467532467533
79.469,45.0,MEDIUM,14.0,PER,Red Bull Racing,Spanish Grand Prix,10,41.096103896103905,24.132467532467533
79.406,46.0,MEDIUM,15.0,PER,Red Bull Racing,Spanish Grand Prix,10,41.096103896103905,24.132467532467533
79.846,47.0,MEDIUM,16.0,PER,Red Bull Racing,Spanish Grand Prix,10,41.096103896103905,24.132467532467533
79.811,48.0,MEDIUM,17.0,PER,Red Bull Racing,Spanish Grand Prix,10,41.096103896103905,24.132467532467533
83.203,49.0,MEDIUM,18.0,PER,Red Bull Racing,Spanish Grand Prix,10,41.096103896103905,24.132467532467533
96.99,50.0,SOFT,4.0,PER,Red Bull Racing,Spanish Grand Prix,10,41.096103896103905,24.132467532467533
77.785,51.0,SOFT,5.0,PER,Red Bull Racing,Spanish Grand Prix,10,41.096103896103905,24.132467532467533
78.373,52.0,SOFT,6.0,PER,Red Bull Racing,Spanish Grand Prix,10,41.096103896103905,24.132467532467533
78.29,53.0,SOFT,7.0,PER,Red Bull Racing,Spanish Grand Prix,10,41.096103896103905,24.132467532467533
78.43,54.0,SOFT,8.0,PER,Red Bull Racing,Spanish Grand Prix,10,41.096103896103905,24.132467532467533
78.54,55.0,SOFT,9.0,PER,Red Bull Racing,Spanish Grand Prix,10,41.096103896103905,24.132467532467533
78.572,56.0,SOFT,10.0,PER,Red Bull Racing,Spanish Grand Prix,10,41.096103896103905,24.132467532467533
78.935,57.0,SOFT,11.0,PER,Red Bull Racing,Spanish Grand Prix,10,41.096103896103905,24.132467532467533
79.305,58.0,SOFT,12.0,PER,Red Bull Racing,Spanish Grand Prix,10,41.096103896103905,24.132467532467533
79.193,59.0,SOFT,13.0,PER,Red Bull Racing,Spanish Grand Prix,10,41.096103896103905,24.132467532467533
79.017,60.0,SOFT,14.0,PER,Red Bull Racing,Spanish Grand Prix,10,41.096103896103905,24.132467532467533
78.772,61.0,SOFT,15.0,PER,Red Bull Racing,Spanish Grand Prix,10,41.096103896103905,24.132467532467533
78.934,62.0,SOFT,16.0,PER,Red Bull Racing,Spanish Grand Prix,10,41.096103896103905,24.132467532467533
79.688,63.0,SOFT,17.0,PER,Red Bull Racing,Spanish Grand Prix,10,41.096103896103905,24.132467532467533
79.357,64.0,SOFT,18.0,PER,Red Bull Racing,Spanish Grand Prix,10,41.096103896103905,24.132467532467533
79.124,65.0,SOFT,19.0,PER,Red Bull Racing,Spanish Grand Prix,10,41.096103896103905,24.132467532467533
79.151,66.0,SOFT,20.0,PER,Red Bull Racing,Spanish Grand Prix,10,41.096103896103905,24.132467532467533
80.806,3.0,SOFT,6.0,GAS,Alpine,Spanish Grand Prix,10,41.096103896103905,24.132467532467533
80.679,4.0,SOFT,7.0,GAS,Alpine,Spanish Grand Prix,10,41.096103896103905,24.132467532467533
80.78,5.0,SOFT,8.0,GAS,Alpine,Spanish Grand Prix,10,41.096103896103905,24.132467532467533
81.303,6.0,SOFT,9.0,GAS,Alpine,Spanish Grand Prix,10,41.096103896103905,24.132467532467533
81.625,7.0,SOFT,10.0,GAS,Alpine,Spanish Grand Prix,10,41.096103896103905,24.132467532467533
81.748,8.0,SOFT,11.0,GAS,Alpine,Spanish Grand Prix,10,41.096103896103905,24.132467532467533
81.681,9.0,SOFT,12.0,GAS,Alpine,Spanish Grand Prix,10,41.096103896103905,24.132467532467533
81.711,10.0,SOFT,13.0,GAS,Alpine,Spanish Grand Prix,10,41.096103896103905,24.132467532467533
81.339,11.0,SOFT,14.0,GAS,Alpine,Spanish Grand Prix,10,41.096103896103905,24.132467532467533
81.638,12.0,SOFT,15.0,GAS,Alpine,Spanish Grand Prix,10,41.096103896103905,24.132467532467533
81.678,13.0,SOFT,16.0,GAS,Alpine,Spanish Grand Prix,10,41.096103896103905,24.132467532467533
85.491,14.0,SOFT,17.0,GAS,Alpine,Spanish Grand Prix,10,41.096103896103905,24.132467532467533
102.656,15.0,MEDIUM,1.0,GAS,Alpine,Spanish Grand Prix,10,41.096103896103905,24.132467532467533
79.989,16.0,MEDIUM,2.0,GAS,Alpine,Spanish Grand Prix,10,41.096103896103905,24.132467532467533
80.203,17.0,MEDIUM,3.0,GAS,Alpine,Spanish Grand Prix,10,41.096103896103905,24.132467532467533
80.396,18.0,MEDIUM,4.0,GAS,Alpine,Spanish Grand Prix,10,41.096103896103905,24.132467532467533
80.432,19.0,MEDIUM,5.0,GAS,Alpine,Spanish Grand Prix,10,41.096103896103905,24.132467532467533
80.163,20.0,MEDIUM,6.0,GAS,Alpine,Spanish Grand Prix,10,41.096103896103905,24.132467532467533
80.678,21.0,MEDIUM,7.0,GAS,Alpine,Spanish Grand Prix,10,41.096103896103905,24.132467532467533
80.544,22.0,MEDIUM,8.0,GAS,Alpine,Spanish Grand Prix,10,41.096103896103905,24.132467532467533
80.419,23.0,MEDIUM,9.0,GAS,Alpine,Spanish Grand Prix,10,41.096103896103905,24.132467532467533
80.496,24.0,MEDIUM,10.0,GAS,Alpine,Spanish Grand Prix,10,41.096103896103905,24.132467532467533
80.637,25.0,MEDIUM,11.0,GAS,Alpine,Spanish Grand Prix,10,41.096103896103905,24.132467532467533
80.468,26.0,MEDIUM,12.0,GAS,Alpine,Spanish Grand Prix,10,41.096103896103905,24.132467532467533
81.618,27.0,MEDIUM,13.0,GAS,Alpine,Spanish Grand Prix,10,41.096103896103905,24.132467532467533
81.281,28.0,MEDIUM,14.0,GAS,Alpine,Spanish Grand Prix,10,41.096103896103905,24.132467532467533
80.92,29.0,MEDIUM,15.0,GAS,Alpine,Spanish Grand Prix,10,41.096103896103905,24.132467532467533
80.909,30.0,MEDIUM,16.0,GAS,Alpine,Spanish Grand Prix,10,41.096103896103905,24.132467532467533
80.944,31.0,MEDIUM,17.0,GAS,Alpine,Spanish Grand Prix,10,41.096103896103905,24.132467532467533
80.991,32.0,MEDIUM,18.0,GAS,Alpine,Spanish Grand Prix,10,41.096103896103905,24.132467532467533
80.939,33.0,MEDIUM,19.0,GAS,Alpine,Spanish Grand Prix,10,41.096103896103905,24.132467532467533
82.534,34.0,MEDIUM,20.0,GAS,Alpine,Spanish Grand Prix,10,41.096103896103905,24.132467532467533
81.527,35.0,MEDIUM,21.0,GAS,Alpine,Spanish Grand Prix,10,41.096103896103905,24.132467532467533
81.01,36.0,MEDIUM,22.0,GAS,Alpine,Spanish Grand Prix,10,41.096103896103905,24.132467532467533
81.282,37.0,MEDIUM,23.0,GAS,Alpine,Spanish Grand Prix,10,41.096103896103905,24.132467532467533
85.413,38.0,MEDIUM,24.0,GAS,Alpine,Spanish Grand Prix,10,41.096103896103905,24.132467532467533
97.749,39.0,HARD,1.0,GAS,Alpine,Spanish Grand Prix,10,41.096103896103905,24.132467532467533
79.539,40.0,HARD,2.0,GAS,Alpine,Spanish Grand Prix,10,41.096103896103905,24.132467532467533
80.018,41.0,HARD,3.0,GAS,Alpine,Spanish Grand Prix,10,41.096103896103905,24.132467532467533
79.64,42.0,HARD,4.0,GAS,Alpine,Spanish Grand Prix,10,41.096103896103905,24.132467532467533
79.825,43.0,HARD,5.0,GAS,Alpine,Spanish Grand Prix,10,41.096103896103905,24.132467532467533
79.618,44.0,HARD,6.0,GAS,Alpine,Spanish Grand Prix,10,41.096103896103905,24.132467532467533
79.516,45.0,HARD,7.0,GAS,Alpine,Spanish Grand Prix,10,41.096103896103905,24.132467532467533
79.441,46.0,HARD,8.0,GAS,Alpine,Spanish Grand Prix,10,41.096103896103905,24.132467532467533
79.528,47.0,HARD,9.0,GAS,Alpine,Spanish Grand Prix,10,41.096103896103905,24.132467532467533
79.52,48.0,HARD,10.0,GAS,Alpine,Spanish Grand Prix,10,41.096103896103905,24.132467532467533
79.35,49.0,HARD,11.0,GAS,Alpine,Spanish Grand Prix,10,41.096103896103905,24.132467532467533
79.61,50.0,HARD,12.0,GAS,Alpine,Spanish Grand Prix,10,41.096103896103905,24.132467532467533
79.045,51.0,HARD,13.0,GAS,Alpine,Spanish Grand Prix,10,41.096103896103905,24.132467532467533
79.079,52.0,HARD,14.0,GAS,Alpine,Spanish Grand Prix,10,41.096103896103905,24.132467532467533
79.174,53.0,HARD,15.0,GAS,Alpine,Spanish Grand Prix,10,41.096103896103905,24.132467532467533
79.049,54.0,HARD,16.0,GAS,Alpine,Spanish Grand Prix,10,41.096103896103905,24.132467532467533
79.466,55.0,HARD,17.0,GAS,Alpine,Spanish Grand Prix,10,41.096103896103905,24.132467532467533
79.62,56.0,HARD,18.0,GAS,Alpine,Spanish Grand Prix,10,41.096103896103905,24.132467532467533
79.134,57.0,HARD,19.0,GAS,Alpine,Spanish Grand Prix,10,41.096103896103905,24.132467532467533
79.247,58.0,HARD,20.0,GAS,Alpine,Spanish Grand Prix,10,41.096103896103905,24.132467532467533
79.584,59.0,HARD,21.0,GAS,Alpine,Spanish Grand Prix,10,41.096103896103905,24.132467532467533
79.576,60.0,HARD,22.0,GAS,Alpine,Spanish Grand Prix,10,41.096103896103905,24.132467532467533
79.662,61.0,HARD,23.0,GAS,Alpine,Spanish Grand Prix,10,41.096103896103905,24.132467532467533
79.81,62.0,HARD,24.0,GAS,Alpine,Spanish Grand Prix,10,41.096103896103905,24.132467532467533
79.867,63.0,HARD,25.0,GAS,Alpine,Spanish Grand Prix,10,41.096103896103905,24.132467532467533
80.054,64.0,HARD,26.0,GAS,Alpine,Spanish Grand Prix,10,41.096103896103905,24.132467532467533
79.808,65.0,HARD,27.0,GAS,Alpine,Spanish Grand Prix,10,41.096103896103905,24.132467532467533
82.054,66.0,HARD,28.0,GAS,Alpine,Spanish Grand Prix,10,41.096103896103905,24.132467532467533
80.809,3.0,SOFT,6.0,OCO,Alpine,Spanish Grand Prix,10,41.096103896103905,24.132467532467533
81.255,4.0,SOFT,7.0,OCO,Alpine,Spanish Grand Prix,10,41.096103896103905,24.132467532467533
81.536,5.0,SOFT,8.0,OCO,Alpine,Spanish Grand Prix,10,41.096103896103905,24.132467532467533
81.29,6.0,SOFT,9.0,OCO,Alpine,Spanish Grand Prix,10,41.096103896103905,24.132467532467533
81.593,7.0,SOFT,10.0,OCO,Alpine,Spanish Grand Prix,10,41.096103896103905,24.132467532467533
81.784,8.0,SOFT,11.0,OCO,Alpine,Spanish Grand Prix,10,41.096103896103905,24.132467532467533
81.79,9.0,SOFT,12.0,OCO,Alpine,Spanish Grand Prix,10,41.096103896103905,24.132467532467533
81.756,10.0,SOFT,13.0,OCO,Alpine,Spanish Grand Prix,10,41.096103896103905,24.132467532467533
81.875,11.0,SOFT,14.0,OCO,Alpine,Spanish Grand Prix,10,41.096103896103905,24.132467532467533
81.905,12.0,SOFT,15.0,OCO,Alpine,Spanish Grand Prix,10,41.096103896103905,24.132467532467533
86.687,13.0,SOFT,16.0,OCO,Alpine,Spanish Grand Prix,10,41.096103896103905,24.132467532467533
98.526,14.0,MEDIUM,1.0,OCO,Alpine,Spanish Grand Prix,10,41.096103896103905,24.132467532467533
79.883,15.0,MEDIUM,2.0,OCO,Alpine,Spanish Grand Prix,10,41.096103896103905,24.132467532467533
80.224,16.0,MEDIUM,3.0,OCO,Alpine,Spanish Grand Prix,10,41.096103896103905,24.132467532467533
81.541,17.0,MEDIUM,4.0,OCO,Alpine,Spanish Grand Prix,10,41.096103896103905,24.132467532467533
80.571,18.0,MEDIUM,5.0,OCO,Alpine,Spanish Grand Prix,10,41.096103896103905,24.132467532467533
81.026,19.0,MEDIUM,6.0,OCO,Alpine,Spanish Grand Prix,10,41.096103896103905,24.132467532467533
80.662,20.0,MEDIUM,7.0,OCO,Alpine,Spanish Grand Prix,10,41.096103896103905,24.132467532467533
80.768,21.0,MEDIUM,8.0,OCO,Alpine,Spanish Grand Prix,10,41.096103896103905,24.132467532467533
80.734,22.0,MEDIUM,9.0,OCO,Alpine,Spanish Grand Prix,10,41.096103896103905,24.132467532467533
80.949,23.0,MEDIUM,10.0,OCO,Alpine,Spanish Grand Prix,10,41.096103896103905,24.132467532467533
80.57,24.0,MEDIUM,11.0,OCO,Alpine,Spanish Grand Prix,10,41.096103896103905,24.132467532467533
81.357,25.0,MEDIUM,12.0,OCO,Alpine,Spanish Grand Prix,10,41.096103896103905,24.132467532467533
81.033,26.0,MEDIUM,13.0,OCO,Alpine,Spanish Grand Prix,10,41.096103896103905,24.132467532467533
81.269,27.0,MEDIUM,14.0,OCO,Alpine,Spanish Grand Prix,10,41.096103896103905,24.132467532467533
81.644,28.0,MEDIUM,15.0,OCO,Alpine,Spanish Grand Prix,10,41.096103896103905,24.132467532467533
82.216,29.0,MEDIUM,16.0,OCO,Alpine,Spanish Grand Prix,10,41.096103896103905,24.132467532467533
83.348,30.0,MEDIUM,17.0,OCO,Alpine,Spanish Grand Prix,10,41.096103896103905,24.132467532467533
81.776,31.0,MEDIUM,18.0,OCO,Alpine,Spanish Grand Prix,10,41.096103896103905,24.132467532467533
81.194,32.0,MEDIUM,19.0,OCO,Alpine,Spanish Grand Prix,10,41.096103896103905,24.132467532467533
81.433,33.0,MEDIUM,20.0,OCO,Alpine,Spanish Grand Prix,10,41.096103896103905,24.132467532467533
81.479,34.0,MEDIUM,21.0,OCO,Alpine,Spanish Grand Prix,10,41.096103896103905,24.132467532467533
81.702,35.0,MEDIUM,22.0,OCO,Alpine,Spanish Grand Prix,10,41.096103896103905,24.132467532467533
81.423,36.0,MEDIUM,23.0,OCO,Alpine,Spanish Grand Prix,10,41.096103896103905,24.132467532467533
85.378,37.0,MEDIUM,24.0,OCO,Alpine,Spanish Grand Prix,10,41.096103896103905,24.132467532467533
97.672,38.0,HARD,1.0,OCO,Alpine,Spanish Grand Prix,10,41.096103896103905,24.132467532467533
81.476,39.0,HARD,2.0,OCO,Alpine,Spanish Grand Prix,10,41.096103896103905,24.132467532467533
79.592,40.0,HARD,3.0,OCO,Alpine,Spanish Grand Prix,10,41.096103896103905,24.132467532467533
79.889,41.0,HARD,4.0,OCO,Alpine,Spanish Grand Prix,10,41.096103896103905,24.132467532467533
79.705,42.0,HARD,5.0,OCO,Alpine,Spanish Grand Prix,10,41.096103896103905,24.132467532467533
79.626,43.0,HARD,6.0,OCO,Alpine,Spanish Grand Prix,10,41.096103896103905,24.132467532467533
79.81,44.0,HARD,7.0,OCO,Alpine,Spanish Grand Prix,10,41.096103896103905,24.132467532467533
79.706,45.0,HARD,8.0,OCO,Alpine,Spanish Grand Prix,10,41.096103896103905,24.132467532467533
79.525,46.0,HARD,9.0,OCO,Alpine,Spanish Grand Prix,10,41.096103896103905,24.132467532467533
79.802,47.0,HARD,10.0,OCO,Alpine,Spanish Grand Prix,10,41.096103896103905,24.132467532467533
79.468,48.0,HARD,11.0,OCO,Alpine,Spanish Grand Prix,10,41.096103896103905,24.132467532467533
79.614,49.0,HARD,12.0,OCO,Alpine,Spanish Grand Prix,10,41.096103896103905,24.132467532467533
79.601,50.0,HARD,13.0,OCO,Alpine,Spanish Grand Prix,10,41.096103896103905,24.132467532467533
80.01,51.0,HARD,14.0,OCO,Alpine,Spanish Grand Prix,10,41.096103896103905,24.132467532467533
79.321,52.0,HARD,15.0,OCO,Alpine,Spanish Grand Prix,10,41.096103896103905,24.132467532467533
79.061,53.0,HARD,16.0,OCO,Alpine,Spanish Grand Prix,10,41.096103896103905,24.132467532467533
78.982,54.0,HARD,17.0,OCO,Alpine,Spanish Grand Prix,10,41.096103896103905,24.132467532467533
79.284,55.0,HARD,18.0,OCO,Alpine,Spanish Grand Prix,10,41.096103896103905,24.132467532467533
79.26,56.0,HARD,19.0,OCO,Alpine,Spanish Grand Prix,10,41.096103896103905,24.132467532467533
79.324,57.0,HARD,20.0,OCO,Alpine,Spanish Grand Prix,10,41.096103896103905,24.132467532467533
79.564,58.0,HARD,21.0,OCO,Alpine,Spanish Grand Prix,10,41.096103896103905,24.132467532467533
79.796,59.0,HARD,22.0,OCO,Alpine,Spanish Grand Prix,10,41.096103896103905,24.132467532467533
79.896,60.0,HARD,23.0,OCO,Alpine,Spanish Grand Prix,10,41.096103896103905,24.132467532467533
80.041,61.0,HARD,24.0,OCO,Alpine,Spanish Grand Prix,10,41.096103896103905,24.132467532467533
79.687,62.0,HARD,25.0,OCO,Alpine,Spanish Grand Prix,10,41.096103896103905,24.132467532467533
79.587,63.0,HARD,26.0,OCO,Alpine,Spanish Grand Prix,10,41.096103896103905,24.132467532467533
79.751,64.0,HARD,27.0,OCO,Alpine,Spanish Grand Prix,10,41.096103896103905,24.132467532467533
79.94,65.0,HARD,28.0,OCO,Alpine,Spanish Grand Prix,10,41.096103896103905,24.132467532467533
80.663,66.0,HARD,29.0,OCO,Alpine,Spanish Grand Prix,10,41.096103896103905,24.132467532467533
81.383,3.0,SOFT,3.0,HUL,Haas F1 Team,Spanish Grand Prix,10,41.096103896103905,24.132467532467533
81.949,4.0,SOFT,4.0,HUL,Haas F1 Team,Spanish Grand Prix,10,41.096103896103905,24.132467532467533
81.858,5.0,SOFT,5.0,HUL,Haas F1 Team,Spanish Grand Prix,10,41.096103896103905,24.132467532467533
81.545,6.0,SOFT,6.0,HUL,Haas F1 Team,Spanish Grand Prix,10,41.096103896103905,24.132467532467533
81.698,7.0,SOFT,7.0,HUL,Haas F1 Team,Spanish Grand Prix,10,41.096103896103905,24.132467532467533
81.841,8.0,SOFT,8.0,HUL,Haas F1 Team,Spanish Grand Prix,10,41.096103896103905,24.132467532467533
81.629,9.0,SOFT,9.0,HUL,Haas F1 Team,Spanish Grand Prix,10,41.096103896103905,24.132467532467533
81.852,10.0,SOFT,10.0,HUL,Haas F1 Team,Spanish Grand Prix,10,41.096103896103905,24.132467532467533
81.994,11.0,SOFT,11.0,HUL,Haas F1 Team,Spanish Grand Prix,10,41.096103896103905,24.132467532467533
87.477,12.0,SOFT,12.0,HUL,Haas F1 Team,Spanish Grand Prix,10,41.096103896103905,24.132467532467533
100.395,13.0,MEDIUM,1.0,HUL,Haas F1 Team,Spanish Grand Prix,10,41.096103896103905,24.132467532467533
80.698,14.0,MEDIUM,2.0,HUL,Haas F1 Team,Spanish Grand Prix,10,41.096103896103905,24.132467532467533
80.312,15.0,MEDIUM,3.0,HUL,Haas F1 Team,Spanish Grand Prix,10,41.096103896103905,24.132467532467533
81.125,16.0,MEDIUM,4.0,HUL,Haas F1 Team,Spanish Grand Prix,10,41.096103896103905,24.132467532467533
81.428,17.0,MEDIUM,5.0,HUL,Haas F1 Team,Spanish Grand Prix,10,41.096103896103905,24.132467532467533
80.756,18.0,MEDIUM,6.0,HUL,Haas F1 Team,Spanish Grand Prix,10,41.096103896103905,24.132467532467533
81.174,19.0,MEDIUM,7.0,HUL,Haas F1 Team,Spanish Grand Prix,10,41.096103896103905,24.132467532467533
81.137,20.0,MEDIUM,8.0,HUL,Haas F1 Team,Spanish Grand Prix,10,41.096103896103905,24.132467532467533
81.205,21.0,MEDIUM,9.0,HUL,Haas F1 Team,Spanish Grand Prix,10,41.096103896103905,24.132467532467533
82.174,22.0,MEDIUM,10.0,HUL,Haas F1 Team,Spanish Grand Prix,10,41.096103896103905,24.132467532467533
81.627,23.0,MEDIUM,11.0,HUL,Haas F1 Team,Spanish Grand Prix,10,41.096103896103905,24.132467532467533
80.907,24.0,MEDIUM,12.0,HUL,Haas F1 Team,Spanish Grand Prix,10,41.096103896103905,24.132467532467533
81.053,25.0,MEDIUM,13.0,HUL,Haas F1 Team,Spanish Grand Prix,10,41.096103896103905,24.132467532467533
80.972,26.0,MEDIUM,14.0,HUL,Haas F1 Team,Spanish Grand Prix,10,41.096103896103905,24.132467532467533
81.42,27.0,MEDIUM,15.0,HUL,Haas F1 Team,Spanish Grand Prix,10,41.096103896103905,24.132467532467533
81.09,28.0,MEDIUM,16.0,HUL,Haas F1 Team,Spanish Grand Prix,10,41.096103896103905,24.132467532467533
80.979,29.0,MEDIUM,17.0,HUL,Haas F1 Team,Spanish Grand Prix,10,41.096103896103905,24.132467532467533
81.198,30.0,MEDIUM,18.0,HUL,Haas F1 Team,Spanish Grand Prix,10,41.096103896103905,24.132467532467533
81.314,31.0,MEDIUM,19.0,HUL,Haas F1 Team,Spanish Grand Prix,10,41.096103896103905,24.132467532467533
81.445,32.0,MEDIUM,20.0,HUL,Haas F1 Team,Spanish Grand Prix,10,41.096103896103905,24.132467532467533
81.203,33.0,MEDIUM,21.0,HUL,Haas F1 Team,Spanish Grand Prix,10,41.096103896103905,24.132467532467533
81.627,34.0,MEDIUM,22.0,HUL,Haas F1 Team,Spanish Grand Prix,10,41.096103896103905,24.132467532467533
81.255,35.0,MEDIUM,23.0,HUL,Haas F1 Team,Spanish Grand Prix,10,41.096103896103905,24.132467532467533
81.04,36.0,MEDIUM,24.0,HUL,Haas F1 Team,Spanish Grand Prix,10,41.096103896103905,24.132467532467533
81.02,37.0,MEDIUM,25.0,HUL,Haas F1 Team,Spanish Grand Prix,10,41.096103896103905,24.132467532467533
84.542,38.0,MEDIUM,26.0,HUL,Haas F1 Team,Spanish Grand Prix,10,41.096103896103905,24.132467532467533
99.454,39.0,HARD,1.0,HUL,Haas F1 Team,Spanish Grand Prix,10,41.096103896103905,24.132467532467533
80.452,40.0,HARD,2.0,HUL,Haas F1 Team,Spanish Grand Prix,10,41.096103896103905,24.132467532467533
80.122,41.0,HARD,3.0,HUL,Haas F1 Team,Spanish Grand Prix,10,41.096103896103905,24.132467532467533
80.356,42.0,HARD,4.0,HUL,Haas F1 Team,Spanish Grand Prix,10,41.096103896103905,24.132467532467533
79.023,43.0,HARD,5.0,HUL,Haas F1 Team,Spanish Grand Prix,10,41.096103896103905,24.132467532467533
79.532,44.0,HARD,6.0,HUL,Haas F1 Team,Spanish Grand Prix,10,41.096103896103905,24.132467532467533
79.415,45.0,HARD,7.0,HUL,Haas F1 Team,Spanish Grand Prix,10,41.096103896103905,24.132467532467533
79.363,46.0,HARD,8.0,HUL,Haas F1 Team,Spanish Grand Prix,10,41.096103896103905,24.132467532467533
79.264,47.0,HARD,9.0,HUL,Haas F1 Team,Spanish Grand Prix,10,41.096103896103905,24.132467532467533
78.916,48.0,HARD,10.0,HUL,Haas F1 Team,Spanish Grand Prix,10,41.096103896103905,24.132467532467533
78.609,49.0,HARD,11.0,HUL,Haas F1 Team,Spanish Grand Prix,10,41.096103896103905,24.132467532467533
79.15,50.0,HARD,12.0,HUL,Haas F1 Team,Spanish Grand Prix,10,41.096103896103905,24.132467532467533
78.943,51.0,HARD,13.0,HUL,Haas F1 Team,Spanish Grand Prix,10,41.096103896103905,24.132467532467533
79.107,52.0,HARD,14.0,HUL,Haas F1 Team,Spanish Grand Prix,10,41.096103896103905,24.132467532467533
79.124,53.0,HARD,15.0,HUL,Haas F1 Team,Spanish Grand Prix,10,41.096103896103905,24.132467532467533
79.451,54.0,HARD,16.0,HUL,Haas F1 Team,Spanish Grand Prix,10,41.096103896103905,24.132467532467533
79.559,55.0,HARD,17.0,HUL,Haas F1 Team,Spanish Grand Prix,10,41.096103896103905,24.132467532467533
79.163,56.0,HARD,18.0,HUL,Haas F1 Team,Spanish Grand Prix,10,41.096103896103905,24.132467532467533
79.704,57.0,HARD,19.0,HUL,Haas F1 Team,Spanish Grand Prix,10,41.096103896103905,24.132467532467533
79.661,58.0,HARD,20.0,HUL,Haas F1 Team,Spanish Grand Prix,10,41.096103896103905,24.132467532467533
80.015,59.0,HARD,21.0,HUL,Haas F1 Team,Spanish Grand Prix,10,41.096103896103905,24.132467532467533
79.572,60.0,HARD,22.0,HUL,Haas F1 Team,Spanish Grand Prix,10,41.096103896103905,24.132467532467533
79.872,61.0,HARD,23.0,HUL,Haas F1 Team,Spanish Grand Prix,10,41.096103896103905,24.132467532467533
79.304,62.0,HARD,24.0,HUL,Haas F1 Team,Spanish Grand Prix,10,41.096103896103905,24.132467532467533
79.66,63.0,HARD,25.0,HUL,Haas F1 Team,Spanish Grand Prix,10,41.096103896103905,24.132467532467533
79.985,64.0,HARD,26.0,HUL,Haas F1 Team,Spanish Grand Prix,10,41.096103896103905,24.132467532467533
80.164,65.0,HARD,27.0,HUL,Haas F1 Team,Spanish Grand Prix,10,41.096103896103905,24.132467532467533
81.126,66.0,HARD,28.0,HUL,Haas F1 Team,Spanish Grand Prix,10,41.096103896103905,24.132467532467533
81.912,3.0,SOFT,3.0,ALO,Aston Martin,Spanish Grand Prix,10,41.096103896103905,24.132467532467533
81.955,4.0,SOFT,4.0,ALO,Aston Martin,Spanish Grand Prix,10,41.096103896103905,24.132467532467533
82.593,5.0,SOFT,5.0,ALO,Aston Martin,Spanish Grand Prix,10,41.096103896103905,24.132467532467533
83.536,6.0,SOFT,6.0,ALO,Aston Martin,Spanish Grand Prix,10,41.096103896103905,24.132467532467533
83.456,7.0,SOFT,7.0,ALO,Aston Martin,Spanish Grand Prix,10,41.096103896103905,24.132467532467533
82.542,8.0,SOFT,8.0,ALO,Aston Martin,Spanish Grand Prix,10,41.096103896103905,24.132467532467533
82.353,9.0,SOFT,9.0,ALO,Aston Martin,Spanish Grand Prix,10,41.096103896103905,24.132467532467533
82.426,10.0,SOFT,10.0,ALO,Aston Martin,Spanish Grand Prix,10,41.096103896103905,24.132467532467533
81.955,11.0,SOFT,11.0,ALO,Aston Martin,Spanish Grand Prix,10,41.096103896103905,24.132467532467533
81.05,12.0,SOFT,12.0,ALO,Aston Martin,Spanish Grand Prix,10,41.096103896103905,24.132467532467533
81.589,13.0,SOFT,13.0,ALO,Aston Martin,Spanish Grand Prix,10,41.096103896103905,24.132467532467533
81.855,14.0,SOFT,14.0,ALO,Aston Martin,Spanish Grand Prix,10,41.096103896103905,24.132467532467533
81.84,15.0,SOFT,15.0,ALO,Aston Martin,Spanish Grand Prix,10,41.096103896103905,24.132467532467533
82.546,16.0,SOFT,16.0,ALO,Aston Martin,Spanish Grand Prix,10,41.096103896103905,24.132467532467533
83.26,17.0,SOFT,17.0,ALO,Aston Martin,Spanish Grand Prix,10,41.096103896103905,24.132467532467533
82.186,18.0,SOFT,18.0,ALO,Aston Martin,Spanish Grand Prix,10,41.096103896103905,24.132467532467533
85.298,19.0,SOFT,19.0,ALO,Aston Martin,Spanish Grand Prix,10,41.096103896103905,24.132467532467533
98.729,20.0,MEDIUM,2.0,ALO,Aston Martin,Spanish Grand Prix,10,41.096103896103905,24.132467532467533
80.488,21.0,MEDIUM,3.0,ALO,Aston Martin,Spanish Grand Prix,10,41.096103896103905,24.132467532467533
80.345,22.0,MEDIUM,4.0,ALO,Aston Martin,Spanish Grand Prix,10,41.096103896103905,24.132467532467533
80.773,23.0,MEDIUM,5.0,ALO,Aston Martin,Spanish Grand Prix,10,41.096103896103905,24.132467532467533
81.14,24.0,MEDIUM,6.0,ALO,Aston Martin,Spanish Grand Prix,10,41.096103896103905,24.132467532467533
81.199,25.0,MEDIUM,7.0,ALO,Aston Martin,Spanish Grand Prix,10,41.096103896103905,24.132467532467533
81.291,26.0,MEDIUM,8.0,ALO,Aston Martin,Spanish Grand Prix,10,41.096103896103905,24.132467532467533
81.391,27.0,MEDIUM,9.0,ALO,Aston Martin,Spanish Grand Prix,10,41.096103896103905,24.132467532467533
81.411,28.0,MEDIUM,10.0,ALO,Aston Martin,Spanish Grand Prix,10,41.096103896103905,24.132467532467533
81.457,29.0,MEDIUM,11.0,ALO,Aston Martin,Spanish Grand Prix,10,41.096103896103905,24.132467532467533
81.426,30.0,MEDIUM,12.0,ALO,Aston Martin,Spanish Grand Prix,10,41.096103896103905,24.132467532467533
81.276,31.0,MEDIUM,13.0,ALO,Aston Martin,Spanish Grand Prix,10,41.096103896103905,24.132467532467533
80.904,32.0,MEDIUM,14.0,ALO,Aston Martin,Spanish Grand Prix,10,41.096103896103905,24.132467532467533
81.093,33.0,MEDIUM,15.0,ALO,Aston Martin,Spanish Grand Prix,10,41.096103896103905,24.132467532467533
81.916,34.0,MEDIUM,16.0,ALO,Aston Martin,Spanish Grand Prix,10,41.096103896103905,24.132467532467533
81.192,35.0,MEDIUM,17.0,ALO,Aston Martin,Spanish Grand Prix,10,41.096103896103905,24.132467532467533
81.028,36.0,MEDIUM,18.0,ALO,Aston Martin,Spanish Grand Prix,10,41.096103896103905,24.132467532467533
80.993,37.0,MEDIUM,19.0,ALO,Aston Martin,Spanish Grand Prix,10,41.096103896103905,24.132467532467533
80.536,38.0,MEDIUM,20.0,ALO,Aston Martin,Spanish Grand Prix,10,41.096103896103905,24.132467532467533
82.382,39.0,MEDIUM,21.0,ALO,Aston Martin,Spanish Grand Prix,10,41.096103896103905,24.132467532467533
81.113,40.0,MEDIUM,22.0,ALO,Aston Martin,Spanish Grand Prix,10,41.096103896103905,24.132467532467533
81.139,41.0,MEDIUM,23.0,ALO,Aston Martin,Spanish Grand Prix,10,41.096103896103905,24.132467532467533
80.537,42.0,MEDIUM,24.0,ALO,Aston Martin,Spanish Grand Prix,10,41.096103896103905,24.132467532467533
80.435,43.0,MEDIUM,25.0,ALO,Aston Martin,Spanish Grand Prix,10,41.096103896103905,24.132467532467533
80.539,44.0,MEDIUM,26.0,ALO,Aston Martin,Spanish Grand Prix,10,41.096103896103905,24.132467532467533
84.032,45.0,MEDIUM,27.0,ALO,Aston Martin,Spanish Grand Prix,10,41.096103896103905,24.132467532467533
98.308,46.0,HARD,2.0,ALO,Aston Martin,Spanish Grand Prix,10,41.096103896103905,24.132467532467533
78.972,47.0,HARD,3.0,ALO,Aston Martin,Spanish Grand Prix,10,41.096103896103905,24.132467532467533
78.727,48.0,HARD,4.0,ALO,Aston Martin,Spanish Grand Prix,10,41.096103896103905,24.132467532467533
78.719,49.0,HARD,5.0,ALO,Aston Martin,Spanish Grand Prix,10,41.096103896103905,24.132467532467533
78.334,50.0,HARD,6.0,ALO,Aston Martin,Spanish Grand Prix,10,41.096103896103905,24.132467532467533
78.902,51.0,HARD,7.0,ALO,Aston Martin,Spanish Grand Prix,10,41.096103896103905,24.132467532467533
79.666,52.0,HARD,8.0,ALO,Aston Martin,Spanish Grand Prix,10,41.096103896103905,24.132467532467533
78.712,53.0,HARD,9.0,ALO,Aston Martin,Spanish Grand Prix,10,41.096103896103905,24.132467532467533
79.415,54.0,HARD,10.0,ALO,Aston Martin,Spanish Grand Prix,10,41.096103896103905,24.132467532467533
79.28,55.0,HARD,11.0,ALO,Aston Martin,Spanish Grand Prix,10,41.096103896103905,24.132467532467533
79.025,56.0,HARD,12.0,ALO,Aston Martin,Spanish Grand Prix,10,41.096103896103905,24.132467532467533
81.003,57.0,HARD,13.0,ALO,Aston Martin,Spanish Grand Prix,10,41.096103896103905,24.132467532467533
79.355,58.0,HARD,14.0,ALO,Aston Martin,Spanish Grand Prix,10,41.096103896103905,24.132467532467533
79.876,59.0,HARD,15.0,ALO,Aston Martin,Spanish Grand Prix,10,41.096103896103905,24.132467532467533
80.583,60.0,HARD,16.0,ALO,Aston Martin,Spanish Grand Prix,10,41.096103896103905,24.132467532467533
79.652,61.0,HARD,17.0,ALO,Aston Martin,Spanish Grand Prix,10,41.096103896103905,24.132467532467533
79.617,62.0,HARD,18.0,ALO,Aston Martin,Spanish Grand Prix,10,41.096103896103905,24.132467532467533
79.64,63.0,HARD,19.0,ALO,Aston Martin,Spanish Grand Prix,10,41.096103896103905,24.132467532467533
79.387,64.0,HARD,20.0,ALO,Aston Martin,Spanish Grand Prix,10,41.096103896103905,24.132467532467533
79.743,65.0,HARD,21.0,ALO,Aston Martin,Spanish Grand Prix,10,41.096103896103905,24.132467532467533
82.516,3.0,SOFT,3.0,ZHO,Kick Sauber,Spanish Grand Prix,10,41.096103896103905,24.132467532467533
82.358,4.0,SOFT,4.0,ZHO,Kick Sauber,Spanish Grand Prix,10,41.096103896103905,24.132467532467533
82.81,5.0,SOFT,5.0,ZHO,Kick Sauber,Spanish Grand Prix,10,41.096103896103905,24.132467532467533
82.951,6.0,SOFT,6.0,ZHO,Kick Sauber,Spanish Grand Prix,10,41.096103896103905,24.132467532467533
82.487,7.0,SOFT,7.0,ZHO,Kick Sauber,Spanish Grand Prix,10,41.096103896103905,24.132467532467533
82.57,8.0,SOFT,8.0,ZHO,Kick Sauber,Spanish Grand Prix,10,41.096103896103905,24.132467532467533
85.889,9.0,SOFT,9.0,ZHO,Kick Sauber,Spanish Grand Prix,10,41.096103896103905,24.132467532467533
98.315,10.0,MEDIUM,1.0,ZHO,Kick Sauber,Spanish Grand Prix,10,41.096103896103905,24.132467532467533
80.219,11.0,MEDIUM,2.0,ZHO,Kick Sauber,Spanish Grand Prix,10,41.096103896103905,24.132467532467533
80.151,12.0,MEDIUM,3.0,ZHO,Kick Sauber,Spanish Grand Prix,10,41.096103896103905,24.132467532467533
80.739,13.0,MEDIUM,4.0,ZHO,Kick Sauber,Spanish Grand Prix,10,41.096103896103905,24.132467532467533
81.869,14.0,MEDIUM,5.0,ZHO,Kick Sauber,Spanish Grand Prix,10,41.096103896103905,24.132467532467533
81.376,15.0,MEDIUM,6.0,ZHO,Kick Sauber,Spanish Grand Prix,10,41.096103896103905,24.132467532467533
81.382,16.0,MEDIUM,7.0,ZHO,Kick Sauber,Spanish Grand Prix,10,41.096103896103905,24.132467532467533
81.607,17.0,MEDIUM,8.0,ZHO,Kick Sauber,Spanish Grand Prix,10,41.096103896103905,24.132467532467533
81.546,18.0,MEDIUM,9.0,ZHO,Kick Sauber,Spanish Grand Prix,10,41.096103896103905,24.132467532467533
81.379,19.0,MEDIUM,10.0,ZHO,Kick Sauber,Spanish Grand Prix,10,41.096103896103905,24.132467532467533
81.512,20.0,MEDIUM,11.0,ZHO,Kick Sauber,Spanish Grand Prix,10,41.096103896103905,24.132467532467533
81.79,21.0,MEDIUM,12.0,ZHO,Kick Sauber,Spanish Grand Prix,10,41.096103896103905,24.132467532467533
81.671,22.0,MEDIUM,13.0,ZHO,Kick Sauber,Spanish Grand Prix,10,41.096103896103905,24.132467532467533
81.796,23.0,MEDIUM,14.0,ZHO,Kick Sauber,Spanish Grand Prix,10,41.096103896103905,24.132467532467533
81.561,24.0,MEDIUM,15.0,ZHO,Kick Sauber,Spanish Grand Prix,10,41.096103896103905,24.132467532467533
80.469,25.0,MEDIUM,16.0,ZHO,Kick Sauber,Spanish Grand Prix,10,41.096103896103905,24.132467532467533
81.268,26.0,MEDIUM,17.0,ZHO,Kick Sauber,Spanish Grand Prix,10,41.096103896103905,24.132467532467533
81.179,27.0,MEDIUM,18.0,ZHO,Kick Sauber,Spanish Grand Prix,10,41.096103896103905,24.132467532467533
81.254,28.0,MEDIUM,19.0,ZHO,Kick Sauber,Spanish Grand Prix,10,41.096103896103905,24.132467532467533
81.057,29.0,MEDIUM,20.0,ZHO,Kick Sauber,Spanish Grand Prix,10,41.096103896103905,24.132467532467533
81.471,30.0,MEDIUM,21.0,ZHO,Kick Sauber,Spanish Grand Prix,10,41.096103896103905,24.132467532467533
81.426,31.0,MEDIUM,22.0,ZHO,Kick Sauber,Spanish Grand Prix,10,41.096103896103905,24.132467532467533
81.387,32.0,MEDIUM,23.0,ZHO,Kick Sauber,Spanish Grand Prix,10,41.096103896103905,24.132467532467533
80.995,33.0,MEDIUM,24.0,ZHO,Kick Sauber,Spanish Grand Prix,10,41.096103896103905,24.132467532467533
81.273,34.0,MEDIUM,25.0,ZHO,Kick Sauber,Spanish Grand Prix,10,41.096103896103905,24.132467532467533
81.418,35.0,MEDIUM,26.0,ZHO,Kick Sauber,Spanish Grand Prix,10,41.096103896103905,24.132467532467533
82.152,36.0,MEDIUM,27.0,ZHO,Kick Sauber,Spanish Grand Prix,10,41.096103896103905,24.132467532467533
81.523,37.0,MEDIUM,28.0,ZHO,Kick Sauber,Spanish Grand Prix,10,41.096103896103905,24.132467532467533
81.23,38.0,MEDIUM,29.0,ZHO,Kick Sauber,Spanish Grand Prix,10,41.096103896103905,24.132467532467533
81.386,39.0,MEDIUM,30.0,ZHO,Kick Sauber,Spanish Grand Prix,10,41.096103896103905,24.132467532467533
82.219,40.0,MEDIUM,31.0,ZHO,Kick Sauber,Spanish Grand Prix,10,41.096103896103905,24.132467532467533
85.635,41.0,MEDIUM,32.0,ZHO,Kick Sauber,Spanish Grand Prix,10,41.096103896103905,24.132467532467533
101.908,42.0,HARD,1.0,ZHO,Kick Sauber,Spanish Grand Prix,10,41.096103896103905,24.132467532467533
78.979,43.0,HARD,2.0,ZHO,Kick Sauber,Spanish Grand Prix,10,41.096103896103905,24.132467532467533
79.246,44.0,HARD,3.0,ZHO,Kick Sauber,Spanish Grand Prix,10,41.096103896103905,24.132467532467533
79.373,45.0,HARD,4.0,ZHO,Kick Sauber,Spanish Grand Prix,10,41.096103896103905,24.132467532467533
79.226,46.0,HARD,5.0,ZHO,Kick Sauber,Spanish Grand Prix,10,41.096103896103905,24.132467532467533
79.198,47.0,HARD,6.0,ZHO,Kick Sauber,Spanish Grand Prix,10,41.096103896103905,24.132467532467533
79.138,48.0,HARD,7.0,ZHO,Kick Sauber,Spanish Grand Prix,10,41.096103896103905,24.132467532467533
78.918,49.0,HARD,8.0,ZHO,Kick Sauber,Spanish Grand Prix,10,41.096103896103905,24.132467532467533
78.771,50.0,HARD,9.0,ZHO,Kick Sauber,Spanish Grand Prix,10,41.096103896103905,24.132467532467533
79.426,51.0,HARD,10.0,ZHO,Kick Sauber,Spanish Grand Prix,10,41.096103896103905,24.132467532467533
79.908,52.0,HARD,11.0,ZHO,Kick Sauber,Spanish Grand Prix,10,41.096103896103905,24.132467532467533
80.885,53.0,HARD,12.0,ZHO,Kick Sauber,Spanish Grand Prix,10,41.096103896103905,24.132467532467533
80.055,54.0,HARD,13.0,ZHO,Kick Sauber,Spanish Grand Prix,10,41.096103896103905,24.132467532467533
81.227,55.0,HARD,14.0,ZHO,Kick Sauber,Spanish Grand Prix,10,41.096103896103905,24.132467532467533
79.544,56.0,HARD,15.0,ZHO,Kick Sauber,Spanish Grand Prix,10,41.096103896103905,24.132467532467533
80.813,57.0,HARD,16.0,ZHO,Kick Sauber,Spanish Grand Prix,10,41.096103896103905,24.132467532467533
79.368,58.0,HARD,17.0,ZHO,Kick Sauber,Spanish Grand Prix,10,41.096103896103905,24.132467532467533
79.651,59.0,HARD,18.0,ZHO,Kick Sauber,Spanish Grand Prix,10,41.096103896103905,24.132467532467533
79.743,60.0,HARD,19.0,ZHO,Kick Sauber,Spanish Grand Prix,10,41.096103896103905,24.132467532467533
79.809,61.0,HARD,20.0,ZHO,Kick Sauber,Spanish Grand Prix,10,41.096103896103905,24.132467532467533
79.831,62.0,HARD,21.0,ZHO,Kick Sauber,Spanish Grand Prix,10,41.096103896103905,24.132467532467533
79.787,63.0,HARD,22.0,ZHO,Kick Sauber,Spanish Grand Prix,10,41.096103896103905,24.132467532467533
80.01,64.0,HARD,23.0,ZHO,Kick Sauber,Spanish Grand Prix,10,41.096103896103905,24.132467532467533
80.985,65.0,HARD,24.0,ZHO,Kick Sauber,Spanish Grand Prix,10,41.096103896103905,24.132467532467533
82.004,3.0,SOFT,3.0,STR,Aston Martin,Spanish Grand Prix,10,41.096103896103905,24.132467532467533
82.128,4.0,SOFT,4.0,STR,Aston Martin,Spanish Grand Prix,10,41.096103896103905,24.132467532467533
82.263,5.0,SOFT,5.0,STR,Aston Martin,Spanish Grand Prix,10,41.096103896103905,24.132467532467533
82.13,6.0,SOFT,6.0,STR,Aston Martin,Spanish Grand Prix,10,41.096103896103905,24.132467532467533
82.416,7.0,SOFT,7.0,STR,Aston Martin,Spanish Grand Prix,10,41.096103896103905,24.132467532467533
82.359,8.0,SOFT,8.0,STR,Aston Martin,Spanish Grand Prix,10,41.096103896103905,24.132467532467533
81.858,9.0,SOFT,9.0,STR,Aston Martin,Spanish Grand Prix,10,41.096103896103905,24.132467532467533
81.75,10.0,SOFT,10.0,STR,Aston Martin,Spanish Grand Prix,10,41.096103896103905,24.132467532467533
81.967,11.0,SOFT,11.0,STR,Aston Martin,Spanish Grand Prix,10,41.096103896103905,24.132467532467533
82.256,12.0,SOFT,12.0,STR,Aston Martin,Spanish Grand Prix,10,41.096103896103905,24.132467532467533
82.185,13.0,SOFT,13.0,STR,Aston Martin,Spanish Grand Prix,10,41.096103896103905,24.132467532467533
81.768,14.0,SOFT,14.0,STR,Aston Martin,Spanish Grand Prix,10,41.096103896103905,24.132467532467533
81.918,15.0,SOFT,15.0,STR,Aston Martin,Spanish Grand Prix,10,41.096103896103905,24.132467532467533
81.955,16.0,SOFT,16.0,STR,Aston Martin,Spanish Grand Prix,10,41.096103896103905,24.132467532467533
86.896,17.0,SOFT,17.0,STR,Aston Martin,Spanish Grand Prix,10,41.096103896103905,24.132467532467533
99.122,18.0,MEDIUM,2.0,STR,Aston Martin,Spanish Grand Prix,10,41.096103896103905,24.132467532467533
80.615,19.0,MEDIUM,3.0,STR,Aston Martin,Spanish Grand Prix,10,41.096103896103905,24.132467532467533
80.783,20.0,MEDIUM,4.0,STR,Aston Martin,Spanish Grand Prix,10,41.096103896103905,24.132467532467533
81.212,21.0,MEDIUM,5.0,STR,Aston Martin,Spanish Grand Prix,10,41.096103896103905,24.132467532467533
81.328,22.0,MEDIUM,6.0,STR,Aston Martin,Spanish Grand Prix,10,41.096103896103905,24.132467532467533
81.366,23.0,MEDIUM,7.0,STR,Aston Martin,Spanish Grand Prix,10,41.096103896103905,24.132467532467533
81.568,24.0,MEDIUM,8.0,STR,Aston Martin,Spanish Grand Prix,10,41.096103896103905,24.132467532467533
81.131,25.0,MEDIUM,9.0,STR,Aston Martin,Spanish Grand Prix,10,41.096103896103905,24.132467532467533
81.092,26.0,MEDIUM,10.0,STR,Aston Martin,Spanish Grand Prix,10,41.096103896103905,24.132467532467533
81.3,27.0,MEDIUM,11.0,STR,Aston Martin,Spanish Grand Prix,10,41.096103896103905,24.132467532467533
81.244,28.0,MEDIUM,12.0,STR,Aston Martin,Spanish Grand Prix,10,41.096103896103905,24.132467532467533
81.101,29.0,MEDIUM,13.0,STR,Aston Martin,Spanish Grand Prix,10,41.096103896103905,24.132467532467533
81.454,30.0,MEDIUM,14.0,STR,Aston Martin,Spanish Grand Prix,10,41.096103896103905,24.132467532467533
81.481,31.0,MEDIUM,15.0,STR,Aston Martin,Spanish Grand Prix,10,41.096103896103905,24.132467532467533
81.275,32.0,MEDIUM,16.0,STR,Aston Martin,Spanish Grand Prix,10,41.096103896103905,24.132467532467533
80.972,33.0,MEDIUM,17.0,STR,Aston Martin,Spanish Grand Prix,10,41.096103896103905,24.132467532467533
81.339,34.0,MEDIUM,18.0,STR,Aston Martin,Spanish Grand Prix,10,41.096103896103905,24.132467532467533
82.413,35.0,MEDIUM,19.0,STR,Aston Martin,Spanish Grand Prix,10,41.096103896103905,24.132467532467533
81.262,36.0,MEDIUM,20.0,STR,Aston Martin,Spanish Grand Prix,10,41.096103896103905,24.132467532467533
85.201,37.0,MEDIUM,21.0,STR,Aston Martin,Spanish Grand Prix,10,41.096103896103905,24.132467532467533
100.958,38.0,HARD,2.0,STR,Aston Martin,Spanish Grand Prix,10,41.096103896103905,24.132467532467533
80.421,39.0,HARD,3.0,STR,Aston Martin,Spanish Grand Prix,10,41.096103896103905,24.132467532467533
80.289,40.0,HARD,4.0,STR,Aston Martin,Spanish Grand Prix,10,41.096103896103905,24.132467532467533
80.921,41.0,HARD,5.0,STR,Aston Martin,Spanish Grand Prix,10,41.096103896103905,24.132467532467533
80.926,42.0,HARD,6.0,STR,Aston Martin,Spanish Grand Prix,10,41.096103896103905,24.132467532467533
81.539,43.0,HARD,7.0,STR,Aston Martin,Spanish Grand Prix,10,41.096103896103905,24.132467532467533
81.548,44.0,HARD,8.0,STR,Aston Martin,Spanish Grand Prix,10,41.096103896103905,24.132467532467533
80.288,45.0,HARD,9.0,STR,Aston Martin,Spanish Grand Prix,10,41.096103896103905,24.132467532467533
80.301,46.0,HARD,10.0,STR,Aston Martin,Spanish Grand Prix,10,41.096103896103905,24.132467532467533
79.704,47.0,HARD,11.0,STR,Aston Martin,Spanish Grand Prix,10,41.096103896103905,24.132467532467533
79.749,48.0,HARD,12.0,STR,Aston Martin,Spanish Grand Prix,10,41.096103896103905,24.132467532467533
79.341,49.0,HARD,13.0,STR,Aston Martin,Spanish Grand Prix,10,41.096103896103905,24.132467532467533
79.318,50.0,HARD,14.0,STR,Aston Martin,Spanish Grand Prix,10,41.096103896103905,24.132467532467533
79.739,51.0,HARD,15.0,STR,Aston Martin,Spanish Grand Prix,10,41.096103896103905,24.132467532467533
81.436,52.0,HARD,16.0,STR,Aston Martin,Spanish Grand Prix,10,41.096103896103905,24.132467532467533
79.832,53.0,HARD,17.0,STR,Aston Martin,Spanish Grand Prix,10,41.096103896103905,24.132467532467533
79.488,54.0,HARD,18.0,STR,Aston Martin,Spanish Grand Prix,10,41.096103896103905,24.132467532467533
80.854,55.0,HARD,19.0,STR,Aston Martin,Spanish Grand Prix,10,41.096103896103905,24.132467532467533
79.643,56.0,HARD,20.0,STR,Aston Martin,Spanish Grand Prix,10,41.096103896103905,24.132467532467533
79.541,57.0,HARD,21.0,STR,Aston Martin,Spanish Grand Prix,10,41.096103896103905,24.132467532467533
79.595,58.0,HARD,22.0,STR,Aston Martin,Spanish Grand Prix,10,41.096103896103905,24.132467532467533
79.773,59.0,HARD,23.0,STR,Aston Martin,Spanish Grand Prix,10,41.096103896103905,24.132467532467533
79.627,60.0,HARD,24.0,STR,Aston Martin,Spanish Grand Prix,10,41.096103896103905,24.132467532467533
79.747,61.0,HARD,25.0,STR,Aston Martin,Spanish Grand Prix,10,41.096103896103905,24.132467532467533
81.533,62.0,HARD,26.0,STR,Aston Martin,Spanish Grand Prix,10,41.096103896103905,24.132467532467533
80.02,63.0,HARD,27.0,STR,Aston Martin,Spanish Grand Prix,10,41.096103896103905,24.132467532467533
80.139,64.0,HARD,28.0,STR,Aston Martin,Spanish Grand Prix,10,41.096103896103905,24.132467532467533
83.904,65.0,HARD,29.0,STR,Aston Martin,Spanish Grand Prix,10,41.096103896103905,24.132467532467533
82.652,3.0,SOFT,3.0,RIC,RB,Spanish Grand Prix,10,41.096103896103905,24.132467532467533
82.374,4.0,SOFT,4.0,RIC,RB,Spanish Grand Prix,10,41.096103896103905,24.132467532467533
83.005,5.0,SOFT,5.0,RIC,RB,Spanish Grand Prix,10,41.096103896103905,24.132467532467533
82.92,6.0,SOFT,6.0,RIC,RB,Spanish Grand Prix,10,41.096103896103905,24.132467532467533
83.484,7.0,SOFT,7.0,RIC,RB,Spanish Grand Prix,10,41.096103896103905,24.132467532467533
83.066,8.0,SOFT,8.0,RIC,RB,Spanish Grand Prix,10,41.096103896103905,24.132467532467533
82.436,9.0,SOFT,9.0,RIC,RB,Spanish Grand Prix,10,41.096103896103905,24.132467532467533
81.77,10.0,SOFT,10.0,RIC,RB,Spanish Grand Prix,10,41.096103896103905,24.132467532467533
82.102,11.0,SOFT,11.0,RIC,RB,Spanish Grand Prix,10,41.096103896103905,24.132467532467533
81.857,12.0,SOFT,12.0,RIC,RB,Spanish Grand Prix,10,41.096103896103905,24.132467532467533
81.974,13.0,SOFT,13.0,RIC,RB,Spanish Grand Prix,10,41.096103896103905,24.132467532467533
81.902,14.0,SOFT,14.0,RIC,RB,Spanish Grand Prix,10,41.096103896103905,24.132467532467533
82.433,15.0,SOFT,15.0,RIC,RB,Spanish Grand Prix,10,41.096103896103905,24.132467532467533
86.262,16.0,SOFT,16.0,RIC,RB,Spanish Grand Prix,10,41.096103896103905,24.132467532467533
100.003,17.0,MEDIUM,1.0,RIC,RB,Spanish Grand Prix,10,41.096103896103905,24.132467532467533
80.858,18.0,MEDIUM,2.0,RIC,RB,Spanish Grand Prix,10,41.096103896103905,24.132467532467533
81.415,19.0,MEDIUM,3.0,RIC,RB,Spanish Grand Prix,10,41.096103896103905,24.132467532467533
81.881,20.0,MEDIUM,4.0,RIC,RB,Spanish Grand Prix,10,41.096103896103905,24.132467532467533
80.964,21.0,MEDIUM,5.0,RIC,RB,Spanish Grand Prix,10,41.096103896103905,24.132467532467533
80.849,22.0,MEDIUM,6.0,RIC,RB,Spanish Grand Prix,10,41.096103896103905,24.132467532467533
81.358,23.0,MEDIUM,7.0,RIC,RB,Spanish Grand Prix,10,41.096103896103905,24.132467532467533
81.123,24.0,MEDIUM,8.0,RIC,RB,Spanish Grand Prix,10,41.096103896103905,24.132467532467533
81.122,25.0,MEDIUM,9.0,RIC,RB,Spanish Grand Prix,10,41.096103896103905,24.132467532467533
81.337,26.0,MEDIUM,10.0,RIC,RB,Spanish Grand Prix,10,41.096103896103905,24.132467532467533
81.663,27.0,MEDIUM,11.0,RIC,RB,Spanish Grand Prix,10,41.096103896103905,24.132467532467533
81.558,28.0,MEDIUM,12.0,RIC,RB,Spanish Grand Prix,10,41.096103896103905,24.132467532467533
81.43,29.0,MEDIUM,13.0,RIC,RB,Spanish Grand Prix,10,41.096103896103905,24.132467532467533
81.052,30.0,MEDIUM,14.0,RIC,RB,Spanish Grand Prix,10,41.096103896103905,24.132467532467533
81.542,31.0,MEDIUM,15.0,RIC,RB,Spanish Grand Prix,10,41.096103896103905,24.132467532467533
81.578,32.0,MEDIUM,16.0,RIC,RB,Spanish Grand Prix,10,41.096103896103905,24.132467532467533
81.117,33.0,MEDIUM,17.0,RIC,RB,Spanish Grand Prix,10,41.096103896103905,24.132467532467533
81.033,34.0,MEDIUM,18.0,RIC,RB,Spanish Grand Prix,10,41.096103896103905,24.132467532467533
81.17,35.0,MEDIUM,19.0,RIC,RB,Spanish Grand Prix,10,41.096103896103905,24.132467532467533
81.059,36.0,MEDIUM,20.0,RIC,RB,Spanish Grand Prix,10,41.096103896103905,24.132467532467533
81.14,37.0,MEDIUM,21.0,RIC,RB,Spanish Grand Prix,10,41.096103896103905,24.132467532467533
81.188,38.0,MEDIUM,22.0,RIC,RB,Spanish Grand Prix,10,41.096103896103905,24.132467532467533
82.205,39.0,MEDIUM,23.0,RIC,RB,Spanish Grand Prix,10,41.096103896103905,24.132467532467533
82.415,40.0,MEDIUM,24.0,RIC,RB,Spanish Grand Prix,10,41.096103896103905,24.132467532467533
81.54,41.0,MEDIUM,25.0,RIC,RB,Spanish Grand Prix,10,41.096103896103905,24.132467532467533
84.891,42.0,MEDIUM,26.0,RIC,RB,Spanish Grand Prix,10,41.096103896103905,24.132467532467533
101.373,43.0,HARD,1.0,RIC,RB,Spanish Grand Prix,10,41.096103896103905,24.132467532467533
81.034,44.0,HARD,2.0,RIC,RB,Spanish Grand Prix,10,41.096103896103905,24.132467532467533
82.469,45.0,HARD,3.0,RIC,RB,Spanish Grand Prix,10,41.096103896103905,24.132467532467533
80.945,46.0,HARD,4.0,RIC,RB,Spanish Grand Prix,10,41.096103896103905,24.132467532467533
80.93,47.0,HARD,5.0,RIC,RB,Spanish Grand Prix,10,41.096103896103905,24.132467532467533
83.762,48.0,HARD,6.0,RIC,RB,Spanish Grand Prix,10,41.096103896103905,24.132467532467533
81.912,49.0,HARD,7.0,RIC,RB,Spanish Grand Prix,10,41.096103896103905,24.132467532467533
79.843,50.0,HARD,8.0,RIC,RB,Spanish Grand Prix,10,41.096103896103905,24.132467532467533
79.585,51.0,HARD,9.0,RIC,RB,Spanish Grand Prix,10,41.096103896103905,24.132467532467533
81.027,52.0,HARD,10.0,RIC,RB,Spanish Grand Prix,10,41.096103896103905,24.132467532467533
80.084,53.0,HARD,11.0,RIC,RB,Spanish Grand Prix,10,41.096103896103905,24.132467532467533
80.277,54.0,HARD,12.0,RIC,RB,Spanish Grand Prix,10,41.096103896103905,24.132467532467533
80.999,55.0,HARD,13.0,RIC,RB,Spanish Grand Prix,10,41.096103896103905,24.132467532467533
80.128,56.0,HARD,14.0,RIC,RB,Spanish Grand Prix,10,41.096103896103905,24.132467532467533
79.768,57.0,HARD,15.0,RIC,RB,Spanish Grand Prix,10,41.096103896103905,24.132467532467533
81.548,58.0,HARD,16.0,RIC,RB,Spanish Grand Prix,10,41.096103896103905,24.132467532467533
79.996,59.0,HARD,17.0,RIC,RB,Spanish Grand Prix,10,41.096103896103905,24.132467532467533
79.556,60.0,HARD,18.0,RIC,RB,Spanish Grand Prix,10,41.096103896103905,24.132467532467533
79.45,61.0,HARD,19.0,RIC,RB,Spanish Grand Prix,10,41.096103896103905,24.132467532467533
79.8,62.0,HARD,20.0,RIC,RB,Spanish Grand Prix,10,41.096103896103905,24.132467532467533
79.87,63.0,HARD,21.0,RIC,RB,Spanish Grand Prix,10,41.096103896103905,24.132467532467533
80.194,64.0,HARD,22.0,RIC,RB,Spanish Grand Prix,10,41.096103896103905,24.132467532467533
79.527,65.0,HARD,23.0,RIC,RB,Spanish Grand Prix,10,41.096103896103905,24.132467532467533
82.113,3.0,SOFT,3.0,BOT,Kick Sauber,Spanish Grand Prix,10,41.096103896103905,24.132467532467533
82.291,4.0,SOFT,4.0,BOT,Kick Sauber,Spanish Grand Prix,10,41.096103896103905,24.132467532467533
82.662,5.0,SOFT,5.0,BOT,Kick Sauber,Spanish Grand Prix,10,41.096103896103905,24.132467532467533
82.336,6.0,SOFT,6.0,BOT,Kick Sauber,Spanish Grand Prix,10,41.096103896103905,24.132467532467533
82.3,7.0,SOFT,7.0,BOT,Kick Sauber,Spanish Grand Prix,10,41.096103896103905,24.132467532467533
82.503,8.0,SOFT,8.0,BOT,Kick Sauber,Spanish Grand Prix,10,41.096103896103905,24.132467532467533
82.292,9.0,SOFT,9.0,BOT,Kick Sauber,Spanish Grand Prix,10,41.096103896103905,24.132467532467533
82.314,10.0,SOFT,10.0,BOT,Kick Sauber,Spanish Grand Prix,10,41.096103896103905,24.132467532467533
85.342,11.0,SOFT,11.0,BOT,Kick Sauber,Spanish Grand Prix,10,41.096103896103905,24.132467532467533
99.211,12.0,SOFT,4.0,BOT,Kick Sauber,Spanish Grand Prix,10,41.096103896103905,24.132467532467533
79.608,13.0,SOFT,5.0,BOT,Kick Sauber,Spanish Grand Prix,10,41.096103896103905,24.132467532467533
80.017,14.0,SOFT,6.0,BOT,Kick Sauber,Spanish Grand Prix,10,41.096103896103905,24.132467532467533
81.085,15.0,SOFT,7.0,BOT,Kick Sauber,Spanish Grand Prix,10,41.096103896103905,24.132467532467533
81.257,16.0,SOFT,8.0,BOT,Kick Sauber,Spanish Grand Prix,10,41.096103896103905,24.132467532467533
81.587,17.0,SOFT,9.0,BOT,Kick Sauber,Spanish Grand Prix,10,41.096103896103905,24.132467532467533
81.601,18.0,SOFT,10.0,BOT,Kick Sauber,Spanish Grand Prix,10,41.096103896103905,24.132467532467533
81.23,19.0,SOFT,11.0,BOT,Kick Sauber,Spanish Grand Prix,10,41.096103896103905,24.132467532467533
81.612,20.0,SOFT,12.0,BOT,Kick Sauber,Spanish Grand Prix,10,41.096103896103905,24.132467532467533
81.686,21.0,SOFT,13.0,BOT,Kick Sauber,Spanish Grand Prix,10,41.096103896103905,24.132467532467533
81.931,22.0,SOFT,14.0,BOT,Kick Sauber,Spanish Grand Prix,10,41.096103896103905,24.132467532467533
82.239,23.0,SOFT,15.0,BOT,Kick Sauber,Spanish Grand Prix,10,41.096103896103905,24.132467532467533
81.782,24.0,SOFT,16.0,BOT,Kick Sauber,Spanish Grand Prix,10,41.096103896103905,24.132467532467533
83.041,25.0,SOFT,17.0,BOT,Kick Sauber,Spanish Grand Prix,10,41.096103896103905,24.132467532467533
83.001,26.0,SOFT,18.0,BOT,Kick Sauber,Spanish Grand Prix,10,41.096103896103905,24.132467532467533
83.428,27.0,SOFT,19.0,BOT,Kick Sauber,Spanish Grand Prix,10,41.096103896103905,24.132467532467533
85.577,28.0,SOFT,20.0,BOT,Kick Sauber,Spanish Grand Prix,10,41.096103896103905,24.132467532467533
99.622,29.0,HARD,1.0,BOT,Kick Sauber,Spanish Grand Prix,10,41.096103896103905,24.132467532467533
80.195,30.0,HARD,2.0,BOT,Kick Sauber,Spanish Grand Prix,10,41.096103896103905,24.132467532467533
80.47,31.0,HARD,3.0,BOT,Kick Sauber,Spanish Grand Prix,10,41.096103896103905,24.132467532467533
81.613,32.0,HARD,4.0,BOT,Kick Sauber,Spanish Grand Prix,10,41.096103896103905,24.132467532467533
80.565,33.0,HARD,5.0,BOT,Kick Sauber,Spanish Grand Prix,10,41.096103896103905,24.132467532467533
80.744,34.0,HARD,6.0,BOT,Kick Sauber,Spanish Grand Prix,10,41.096103896103905,24.132467532467533
80.666,35.0,HARD,7.0,BOT,Kick Sauber,Spanish Grand Prix,10,41.096103896103905,24.132467532467533
80.604,36.0,HARD,8.0,BOT,Kick Sauber,Spanish Grand Prix,10,41.096103896103905,24.132467532467533
80.815,37.0,HARD,9.0,BOT,Kick Sauber,Spanish Grand Prix,10,41.096103896103905,24.132467532467533
80.773,38.0,HARD,10.0,BOT,Kick Sauber,Spanish Grand Prix,10,41.096103896103905,24.132467532467533
82.774,39.0,HARD,11.0,BOT,Kick Sauber,Spanish Grand Prix,10,41.096103896103905,24.132467532467533
81.055,40.0,HARD,12.0,BOT,Kick Sauber,Spanish Grand Prix,10,41.096103896103905,24.132467532467533
84.249,41.0,HARD,13.0,BOT,Kick Sauber,Spanish Grand Prix,10,41.096103896103905,24.132467532467533
80.477,42.0,HARD,14.0,BOT,Kick Sauber,Spanish Grand Prix,10,41.096103896103905,24.132467532467533
82.645,43.0,HARD,15.0,BOT,Kick Sauber,Spanish Grand Prix,10,41.096103896103905,24.132467532467533
81.338,44.0,HARD,16.0,BOT,Kick Sauber,Spanish Grand Prix,10,41.096103896103905,24.132467532467533
80.81,45.0,HARD,17.0,BOT,Kick Sauber,Spanish Grand Prix,10,41.096103896103905,24.132467532467533
80.891,46.0,HARD,18.0,BOT,Kick Sauber,Spanish Grand Prix,10,41.096103896103905,24.132467532467533
81.055,47.0,HARD,19.0,BOT,Kick Sauber,Spanish Grand Prix,10,41.096103896103905,24.132467532467533
82.101,48.0,HARD,20.0,BOT,Kick Sauber,Spanish Grand Prix,10,41.096103896103905,24.132467532467533
80.644,49.0,HARD,21.0,BOT,Kick Sauber,Spanish Grand Prix,10,41.096103896103905,24.132467532467533
81.587,50.0,HARD,22.0,BOT,Kick Sauber,Spanish Grand Prix,10,41.096103896103905,24.132467532467533
82.406,51.0,HARD,23.0,BOT,Kick Sauber,Spanish Grand Prix,10,41.096103896103905,24.132467532467533
82.596,52.0,HARD,24.0,BOT,Kick Sauber,Spanish Grand Prix,10,41.096103896103905,24.132467532467533
83.642,53.0,HARD,25.0,BOT,Kick Sauber,Spanish Grand Prix,10,41.096103896103905,24.132467532467533
80.795,54.0,HARD,26.0,BOT,Kick Sauber,Spanish Grand Prix,10,41.096103896103905,24.132467532467533
80.81,55.0,HARD,27.0,BOT,Kick Sauber,Spanish Grand Prix,10,41.096103896103905,24.132467532467533
80.369,56.0,HARD,28.0,BOT,Kick Sauber,Spanish Grand Prix,10,41.096103896103905,24.132467532467533
79.936,57.0,HARD,29.0,BOT,Kick Sauber,Spanish Grand Prix,10,41.096103896103905,24.132467532467533
81.902,58.0,HARD,30.0,BOT,Kick Sauber,Spanish Grand Prix,10,41.096103896103905,24.132467532467533
80.39,59.0,HARD,31.0,BOT,Kick Sauber,Spanish Grand Prix,10,41.096103896103905,24.132467532467533
82.699,60.0,HARD,32.0,BOT,Kick Sauber,Spanish Grand Prix,10,41.096103896103905,24.132467532467533
81.16,61.0,HARD,33.0,BOT,Kick Sauber,Spanish Grand Prix,10,41.096103896103905,24.132467532467533
80.876,62.0,HARD,34.0,BOT,Kick Sauber,Spanish Grand Prix,10,41.096103896103905,24.132467532467533
80.747,63.0,HARD,35.0,BOT,Kick Sauber,Spanish Grand Prix,10,41.096103896103905,24.132467532467533
81.325,64.0,HARD,36.0,BOT,Kick Sauber,Spanish Grand Prix,10,41.096103896103905,24.132467532467533
81.432,65.0,HARD,37.0,BOT,Kick Sauber,Spanish Grand Prix,10,41.096103896103905,24.132467532467533
82.102,3.0,SOFT,3.0,MAG,Haas F1 Team,Spanish Grand Prix,10,41.096103896103905,24.132467532467533
82.38,4.0,SOFT,4.0,MAG,Haas F1 Team,Spanish Grand Prix,10,41.096103896103905,24.132467532467533
83.042,5.0,SOFT,5.0,MAG,Haas F1 Team,Spanish Grand Prix,10,41.096103896103905,24.132467532467533
82.446,6.0,SOFT,6.0,MAG,Haas F1 Team,Spanish Grand Prix,10,41.096103896103905,24.132467532467533
82.471,7.0,SOFT,7.0,MAG,Haas F1 Team,Spanish Grand Prix,10,41.096103896103905,24.132467532467533
82.22,8.0,SOFT,8.0,MAG,Haas F1 Team,Spanish Grand Prix,10,41.096103896103905,24.132467532467533
82.195,9.0,SOFT,9.0,MAG,Haas F1 Team,Spanish Grand Prix,10,41.096103896103905,24.132467532467533
86.084,10.0,SOFT,10.0,MAG,Haas F1 Team,Spanish Grand Prix,10,41.096103896103905,24.132467532467533
100.571,11.0,MEDIUM,1.0,MAG,Haas F1 Team,Spanish Grand Prix,10,41.096103896103905,24.132467532467533
81.47,12.0,MEDIUM,2.0,MAG,Haas F1 Team,Spanish Grand Prix,10,41.096103896103905,24.132467532467533
80.964,13.0,MEDIUM,3.0,MAG,Haas F1 Team,Spanish Grand Prix,10,41.096103896103905,24.132467532467533
81.224,14.0,MEDIUM,4.0,MAG,Haas F1 Team,Spanish Grand Prix,10,41.096103896103905,24.132467532467533
81.439,15.0,MEDIUM,5.0,MAG,Haas F1 Team,Spanish Grand Prix,10,41.096103896103905,24.132467532467533
81.51,16.0,MEDIUM,6.0,MAG,Haas F1 Team,Spanish Grand Prix,10,41.096103896103905,24.132467532467533
81.34,17.0,MEDIUM,7.0,MAG,Haas F1 Team,Spanish Grand Prix,10,41.096103896103905,24.132467532467533
81.287,18.0,MEDIUM,8.0,MAG,Haas F1 Team,Spanish Grand Prix,10,41.096103896103905,24.132467532467533
80.95,19.0,MEDIUM,9.0,MAG,Haas F1 Team,Spanish Grand Prix,10,41.096103896103905,24.132467532467533
82.488,20.0,MEDIUM,10.0,MAG,Haas F1 Team,Spanish Grand Prix,10,41.096103896103905,24.132467532467533
81.786,21.0,MEDIUM,11.0,MAG,Haas F1 Team,Spanish Grand Prix,10,41.096103896103905,24.132467532467533
81.595,22.0,MEDIUM,12.0,MAG,Haas F1 Team,Spanish Grand Prix,10,41.096103896103905,24.132467532467533
82.566,23.0,MEDIUM,13.0,MAG,Haas F1 Team,Spanish Grand Prix,10,41.096103896103905,24.132467532467533
82.057,24.0,MEDIUM,14.0,MAG,Haas F1 Team,Spanish Grand Prix,10,41.096103896103905,24.132467532467533
81.716,25.0,MEDIUM,15.0,MAG,Haas F1 Team,Spanish Grand Prix,10,41.096103896103905,24.132467532467533
81.817,26.0,MEDIUM,16.0,MAG,Haas F1 Team,Spanish Grand Prix,10,41.096103896103905,24.132467532467533
82.342,27.0,MEDIUM,17.0,MAG,Haas F1 Team,Spanish Grand Prix,10,41.096103896103905,24.132467532467533
81.945,28.0,MEDIUM,18.0,MAG,Haas F1 Team,Spanish Grand Prix,10,41.096103896103905,24.132467532467533
85.381,29.0,MEDIUM,19.0,MAG,Haas F1 Team,Spanish Grand Prix,10,41.096103896103905,24.132467532467533
107.447,30.0,HARD,1.0,MAG,Haas F1 Team,Spanish Grand Prix,10,41.096103896103905,24.132467532467533
80.045,31.0,HARD,2.0,MAG,Haas F1 Team,Spanish Grand Prix,10,41.096103896103905,24.132467532467533
79.927,32.0,HARD,3.0,MAG,Haas F1 Team,Spanish Grand Prix,10,41.096103896103905,24.132467532467533
79.805,33.0,HARD,4.0,MAG,Haas F1 Team,Spanish Grand Prix,10,41.096103896103905,24.132467532467533
80.206,34.0,HARD,5.0,MAG,Haas F1 Team,Spanish Grand Prix,10,41.096103896103905,24.132467532467533
80.298,35.0,HARD,6.0,MAG,Haas F1 Team,Spanish Grand Prix,10,41.096103896103905,24.132467532467533
80.48,36.0,HARD,7.0,MAG,Haas F1 Team,Spanish Grand Prix,10,41.096103896103905,24.132467532467533
80.488,37.0,HARD,8.0,MAG,Haas F1 Team,Spanish Grand Prix,10,41.096103896103905,24.132467532467533
80.327,38.0,HARD,9.0,MAG,Haas F1 Team,Spanish Grand Prix,10,41.096103896103905,24.132467532467533
80.62,39.0,HARD,10.0,MAG,Haas F1 Team,Spanish Grand Prix,10,41.096103896103905,24.132467532467533
81.685,40.0,HARD,11.0,MAG,Haas F1 Team,Spanish Grand Prix,10,41.096103896103905,24.132467532467533
80.948,41.0,HARD,12.0,MAG,Haas F1 Team,Spanish Grand Prix,10,41.096103896103905,24.132467532467533
80.912,42.0,HARD,13.0,MAG,Haas F1 Team,Spanish Grand Prix,10,41.096103896103905,24.132467532467533
81.033,43.0,HARD,14.0,MAG,Haas F1 Team,Spanish Grand Prix,10,41.096103896103905,24.132467532467533
81.124,44.0,HARD,15.0,MAG,Haas F1 Team,Spanish Grand Prix,10,41.096103896103905,24.132467532467533
80.884,45.0,HARD,16.0,MAG,Haas F1 Team,Spanish Grand Prix,10,41.096103896103905,24.132467532467533
81.131,46.0,HARD,17.0,MAG,Haas F1 Team,Spanish Grand Prix,10,41.096103896103905,24.132467532467533
80.967,47.0,HARD,18.0,MAG,Haas F1 Team,Spanish Grand Prix,10,41.096103896103905,24.132467532467533
81.784,48.0,HARD,19.0,MAG,Haas F1 Team,Spanish Grand Prix,10,41.096103896103905,24.132467532467533
80.94,49.0,HARD,20.0,MAG,Haas F1 Team,Spanish Grand Prix,10,41.096103896103905,24.132467532467533
81.147,50.0,HARD,21.0,MAG,Haas F1 Team,Spanish Grand Prix,10,41.096103896103905,24.132467532467533
83.892,51.0,HARD,22.0,MAG,Haas F1 Team,Spanish Grand Prix,10,41.096103896103905,24.132467532467533
82.938,52.0,HARD,23.0,MAG,Haas F1 Team,Spanish Grand Prix,10,41.096103896103905,24.132467532467533
81.932,53.0,HARD,24.0,MAG,Haas F1 Team,Spanish Grand Prix,10,41.096103896103905,24.132467532467533
80.894,54.0,HARD,25.0,MAG,Haas F1 Team,Spanish Grand Prix,10,41.096103896103905,24.132467532467533
80.638,55.0,HARD,26.0,MAG,Haas F1 Team,Spanish Grand Prix,10,41.096103896103905,24.132467532467533
80.584,56.0,HARD,27.0,MAG,Haas F1 Team,Spanish Grand Prix,10,41.096103896103905,24.132467532467533
82.164,57.0,HARD,28.0,MAG,Haas F1 Team,Spanish Grand Prix,10,41.096103896103905,24.132467532467533
81.049,58.0,HARD,29.0,MAG,Haas F1 Team,Spanish Grand Prix,10,41.096103896103905,24.132467532467533
80.796,59.0,HARD,30.0,MAG,Haas F1 Team,Spanish Grand Prix,10,41.096103896103905,24.132467532467533
80.996,60.0,HARD,31.0,MAG,Haas F1 Team,Spanish Grand Prix,10,41.096103896103905,24.132467532467533
81.022,61.0,HARD,32.0,MAG,Haas F1 Team,Spanish Grand Prix,10,41.096103896103905,24.132467532467533
80.994,62.0,HARD,33.0,MAG,Haas F1 Team,Spanish Grand Prix,10,41.096103896103905,24.132467532467533
81.008,63.0,HARD,34.0,MAG,Haas F1 Team,Spanish Grand Prix,10,41.096103896103905,24.132467532467533
81.366,64.0,HARD,35.0,MAG,Haas F1 Team,Spanish Grand Prix,10,41.096103896103905,24.132467532467533
81.45,65.0,HARD,36.0,MAG,Haas F1 Team,Spanish Grand Prix,10,41.096103896103905,24.132467532467533
82.171,3.0,MEDIUM,3.0,ALB,Williams,Spanish Grand Prix,10,41.096103896103905,24.132467532467533
82.278,4.0,MEDIUM,4.0,ALB,Williams,Spanish Grand Prix,10,41.096103896103905,24.132467532467533
82.775,5.0,MEDIUM,5.0,ALB,Williams,Spanish Grand Prix,10,41.096103896103905,24.132467532467533
82.498,6.0,MEDIUM,6.0,ALB,Williams,Spanish Grand Prix,10,41.096103896103905,24.132467532467533
83.531,7.0,MEDIUM,7.0,ALB,Williams,Spanish Grand Prix,10,41.096103896103905,24.132467532467533
83.225,8.0,MEDIUM,8.0,ALB,Williams,Spanish Grand Prix,10,41.096103896103905,24.132467532467533
82.838,9.0,MEDIUM,9.0,ALB,Williams,Spanish Grand Prix,10,41.096103896103905,24.132467532467533
82.787,10.0,MEDIUM,10.0,ALB,Williams,Spanish Grand Prix,10,41.096103896103905,24.132467532467533
82.421,11.0,MEDIUM,11.0,ALB,Williams,Spanish Grand Prix,10,41.096103896103905,24.132467532467533
82.119,12.0,MEDIUM,12.0,ALB,Williams,Spanish Grand Prix,10,41.096103896103905,24.132467532467533
82.263,13.0,MEDIUM,13.0,ALB,Williams,Spanish Grand Prix,10,41.096103896103905,24.132467532467533
82.246,14.0,MEDIUM,14.0,ALB,Williams,Spanish Grand Prix,10,41.096103896103905,24.132467532467533
82.595,15.0,MEDIUM,15.0,ALB,Williams,Spanish Grand Prix,10,41.096103896103905,24.132467532467533
83.579,16.0,MEDIUM,16.0,ALB,Williams,Spanish Grand Prix,10,41.096103896103905,24.132467532467533
83.526,17.0,MEDIUM,17.0,ALB,Williams,Spanish Grand Prix,10,41.096103896103905,24.132467532467533
86.838,18.0,MEDIUM,18.0,ALB,Williams,Spanish Grand Prix,10,41.096103896103905,24.132467532467533
100.225,19.0,SOFT,1.0,ALB,Williams,Spanish Grand Prix,10,41.096103896103905,24.132467532467533
80.005,20.0,SOFT,2.0,ALB,Williams,Spanish Grand Prix,10,41.096103896103905,24.132467532467533
80.288,21.0,SOFT,3.0,ALB,Williams,Spanish Grand Prix,10,41.096103896103905,24.132467532467533
80.494,22.0,SOFT,4.0,ALB,Williams,Spanish Grand Prix,10,41.096103896103905,24.132467532467533
81.052,23.0,SOFT,5.0,ALB,Williams,Spanish Grand Prix,10,41.096103896103905,24.132467532467533
81.181,24.0,SOFT,6.0,ALB,Williams,Spanish Grand Prix,10,41.096103896103905,24.132467532467533
80.945,25.0,SOFT,7.0,ALB,Williams,Spanish Grand Prix,10,41.096103896103905,24.132467532467533
81.477,26.0,SOFT,8.0,ALB,Williams,Spanish Grand Prix,10,41.096103896103905,24.132467532467533
81.645,27.0,SOFT,9.0,ALB,Williams,Spanish Grand Prix,10,41.096103896103905,24.132467532467533
81.416,28.0,SOFT,10.0,ALB,Williams,Spanish Grand Prix,10,41.096103896103905,24.132467532467533
81.102,29.0,SOFT,11.0,ALB,Williams,Spanish Grand Prix,10,41.096103896103905,24.132467532467533
81.419,30.0,SOFT,12.0,ALB,Williams,Spanish Grand Prix,10,41.096103896103905,24.132467532467533
81.252,31.0,SOFT,13.0,ALB,Williams,Spanish Grand Prix,10,41.096103896103905,24.132467532467533
81.17,32.0,SOFT,14.0,ALB,Williams,Spanish Grand Prix,10,41.096103896103905,24.132467532467533
80.993,33.0,SOFT,15.0,ALB,Williams,Spanish Grand Prix,10,41.096103896103905,24.132467532467533
81.283,34.0,SOFT,16.0,ALB,Williams,Spanish Grand Prix,10,41.096103896103905,24.132467532467533
81.636,35.0,SOFT,17.0,ALB,Williams,Spanish Grand Prix,10,41.096103896103905,24.132467532467533
81.479,36.0,SOFT,18.0,ALB,Williams,Spanish Grand Prix,10,41.096103896103905,24.132467532467533
81.577,37.0,SOFT,19.0,ALB,Williams,Spanish Grand Prix,10,41.096103896103905,24.132467532467533
81.737,38.0,SOFT,20.0,ALB,Williams,Spanish Grand Prix,10,41.096103896103905,24.132467532467533
82.269,39.0,SOFT,21.0,ALB,Williams,Spanish Grand Prix,10,41.096103896103905,24.132467532467533
81.587,40.0,SOFT,22.0,ALB,Williams,Spanish Grand Prix,10,41.096103896103905,24.132467532467533
82.155,41.0,SOFT,23.0,ALB,Williams,Spanish Grand Prix,10,41.096103896103905,24.132467532467533
84.25,42.0,SOFT,24.0,ALB,Williams,Spanish Grand Prix,10,41.096103896103905,24.132467532467533
85.925,43.0,SOFT,25.0,ALB,Williams,Spanish Grand Prix,10,41.096103896103905,24.132467532467533
97.415,44.0,SOFT,1.0,ALB,Williams,Spanish Grand Prix,10,41.096103896103905,24.132467532467533
79.132,45.0,SOFT,2.0,ALB,Williams,Spanish Grand Prix,10,41.096103896103905,24.132467532467533
83.125,46.0,SOFT,3.0,ALB,Williams,Spanish Grand Prix,10,41.096103896103905,24.132467532467533
79.852,47.0,SOFT,4.0,ALB,Williams,Spanish Grand Prix,10,41.096103896103905,24.132467532467533
82.037,48.0,SOFT,5.0,ALB,Williams,Spanish Grand Prix,10,41.096103896103905,24.132467532467533
79.881,49.0,SOFT,6.0,ALB,Williams,Spanish Grand Prix,10,41.096103896103905,24.132467532467533
80.077,50.0,SOFT,7.0,ALB,Williams,Spanish Grand Prix,10,41.096103896103905,24.132467532467533
81.43,51.0,SOFT,8.0,ALB,Williams,Spanish Grand Prix,10,41.096103896103905,24.132467532467533
80.131,52.0,SOFT,9.0,ALB,Williams,Spanish Grand Prix,10,41.096103896103905,24.132467532467533
80.22,53.0,SOFT,10.0,ALB,Williams,Spanish Grand Prix,10,41.096103896103905,24.132467532467533
80.3,54.0,SOFT,11.0,ALB,Williams,Spanish Grand Prix,10,41.096103896103905,24.132467532467533
80.197,55.0,SOFT,12.0,ALB,Williams,Spanish Grand Prix,10,41.096103896103905,24.132467532467533
81.742,56.0,SOFT,13.0,ALB,Williams,Spanish Grand Prix,10,41.096103896103905,24.132467532467533
80.119,57.0,SOFT,14.0,ALB,Williams,Spanish Grand Prix,10,41.096103896103905,24.132467532467533
89.605,58.0,SOFT,15.0,ALB,Williams,Spanish Grand Prix,10,41.096103896103905,24.132467532467533
80.097,59.0,SOFT,16.0,ALB,Williams,Spanish Grand Prix,10,41.096103896103905,24.132467532467533
79.876,60.0,SOFT,17.0,ALB,Williams,Spanish Grand Prix,10,41.096103896103905,24.132467532467533
80.002,61.0,SOFT,18.0,ALB,Williams,Spanish Grand Prix,10,41.096103896103905,24.132467532467533
79.993,62.0,SOFT,19.0,ALB,Williams,Spanish Grand Prix,10,41.096103896103905,24.132467532467533
80.211,63.0,SOFT,20.0,ALB,Williams,Spanish Grand Prix,10,41.096103896103905,24.132467532467533
80.235,64.0,SOFT,21.0,ALB,Williams,Spanish Grand Prix,10,41.096103896103905,24.132467532467533
80.31,65.0,SOFT,22.0,ALB,Williams,Spanish Grand Prix,10,41.096103896103905,24.132467532467533
82.193,3.0,SOFT,3.0,TSU,RB,Spanish Grand Prix,10,41.096103896103905,24.132467532467533
82.407,4.0,SOFT,4.0,TSU,RB,Spanish Grand Prix,10,41.096103896103905,24.132467532467533
82.919,5.0,SOFT,5.0,TSU,RB,Spanish Grand Prix,10,41.096103896103905,24.132467532467533
83.724,6.0,SOFT,6.0,TSU,RB,Spanish Grand Prix,10,41.096103896103905,24.132467532467533
83.735,7.0,SOFT,7.0,TSU,RB,Spanish Grand Prix,10,41.096103896103905,24.132467532467533
82.959,8.0,SOFT,8.0,TSU,RB,Spanish Grand Prix,10,41.096103896103905,24.132467532467533
86.004,9.0,SOFT,9.0,TSU,RB,Spanish Grand Prix,10,41.096103896103905,24.132467532467533
98.886,10.0,MEDIUM,1.0,TSU,RB,Spanish Grand Prix,10,41.096103896103905,24.132467532467533
81.644,11.0,MEDIUM,2.0,TSU,RB,Spanish Grand Prix,10,41.096103896103905,24.132467532467533
82.341,12.0,MEDIUM,3.0,TSU,RB,Spanish Grand Prix,10,41.096103896103905,24.132467532467533
81.817,13.0,MEDIUM,4.0,TSU,RB,Spanish Grand Prix,10,41.096103896103905,24.132467532467533
81.511,14.0,MEDIUM,5.0,TSU,RB,Spanish Grand Prix,10,41.096103896103905,24.132467532467533
81.553,15.0,MEDIUM,6.0,TSU,RB,Spanish Grand Prix,10,41.096103896103905,24.132467532467533
82.033,16.0,MEDIUM,7.0,TSU,RB,Spanish Grand Prix,10,41.096103896103905,24.132467532467533
81.523,17.0,MEDIUM,8.0,TSU,RB,Spanish Grand Prix,10,41.096103896103905,24.132467532467533
82.182,18.0,MEDIUM,9.0,TSU,RB,Spanish Grand Prix,10,41.096103896103905,24.132467532467533
81.744,19.0,MEDIUM,10.0,TSU,RB,Spanish Grand Prix,10,41.096103896103905,24.132467532467533
82.962,20.0,MEDIUM,11.0,TSU,RB,Spanish Grand Prix,10,41.096103896103905,24.132467532467533
81.392,21.0,MEDIUM,12.0,TSU,RB,Spanish Grand Prix,10,41.096103896103905,24.132467532467533
83.793,22.0,MEDIUM,13.0,TSU,RB,Spanish Grand Prix,10,41.096103896103905,24.132467532467533
81.748,23.0,MEDIUM,14.0,TSU,RB,Spanish Grand Prix,10,41.096103896103905,24.132467532467533
81.615,24.0,MEDIUM,15.0,TSU,RB,Spanish Grand Prix,10,41.096103896103905,24.132467532467533
81.791,25.0,MEDIUM,16.0,TSU,RB,Spanish Grand Prix,10,41.096103896103905,24.132467532467533
82.011,26.0,MEDIUM,17.0,TSU,RB,Spanish Grand Prix,10,41.096103896103905,24.132467532467533
85.581,27.0,MEDIUM,18.0,TSU,RB,Spanish Grand Prix,10,41.096103896103905,24.132467532467533
99.737,28.0,HARD,1.0,TSU,RB,Spanish Grand Prix,10,41.096103896103905,24.132467532467533
79.573,29.0,HARD,2.0,TSU,RB,Spanish Grand Prix,10,41.096103896103905,24.132467532467533
79.755,30.0,HARD,3.0,TSU,RB,Spanish Grand Prix,10,41.096103896103905,24.132467532467533
80.378,31.0,HARD,4.0,TSU,RB,Spanish Grand Prix,10,41.096103896103905,24.132467532467533
80.323,32.0,HARD,5.0,TSU,RB,Spanish Grand Prix,10,41.096103896103905,24.132467532467533
80.172,33.0,HARD,6.0,TSU,RB,Spanish Grand Prix,10,41.096103896103905,24.132467532467533
80.557,34.0,HARD,7.0,TSU,RB,Spanish Grand Prix,10,41.096103896103905,24.132467532467533
80.188,35.0,HARD,8.0,TSU,RB,Spanish Grand Prix,10,41.096103896103905,24.132467532467533
82.771,36.0,HARD,9.0,TSU,RB,Spanish Grand Prix,10,41.096103896103905,24.132467532467533
80.653,37.0,HARD,10.0,TSU,RB,Spanish Grand Prix,10,41.096103896103905,24.132467532467533
80.849,38.0,HARD,11.0,TSU,RB,Spanish Grand Prix,10,41.096103896103905,24.132467532467533
81.026,39.0,HARD,12.0,TSU,RB,Spanish Grand Prix,10,41.096103896103905,24.132467532467533
82.1,40.0,HARD,13.0,TSU,RB,Spanish Grand Prix,10,41.096103896103905,24.132467532467533
81.475,41.0,HARD,14.0,TSU,RB,Spanish Grand Prix,10,41.096103896103905,24.132467532467533
84.313,42.0,HARD,15.0,TSU,RB,Spanish Grand Prix,10,41.096103896103905,24.132467532467533
80.875,43.0,HARD,16.0,TSU,RB,Spanish Grand Prix,10,41.096103896103905,24.132467532467533
86.386,44.0,HARD,17.0,TSU,RB,Spanish Grand Prix,10,41.096103896103905,24.132467532467533
101.067,45.0,SOFT,1.0,TSU,RB,Spanish Grand Prix,10,41.096103896103905,24.132467532467533
80.706,46.0,SOFT,2.0,TSU,RB,Spanish Grand Prix,10,41.096103896103905,24.132467532467533
80.461,47.0,SOFT,3.0,TSU,RB,Spanish Grand Prix,10,41.096103896103905,24.132467532467533
82.703,48.0,SOFT,4.0,TSU,RB,Spanish Grand Prix,10,41.096103896103905,24.132467532467533
81.799,49.0,SOFT,5.0,TSU,RB,Spanish Grand Prix,10,41.096103896103905,24.132467532467533
79.815,50.0,SOFT,6.0,TSU,RB,Spanish Grand Prix,10,41.096103896103905,24.132467532467533
79.678,51.0,SOFT,7.0,TSU,RB,Spanish Grand Prix,10,41.096103896103905,24.132467532467533
79.818,52.0,SOFT,8.0,TSU,RB,Spanish Grand Prix,10,41.096103896103905,24.132467532467533
80.029,53.0,SOFT,9.0,TSU,RB,Spanish Grand Prix,10,41.096103896103905,24.132467532467533
80.437,54.0,SOFT,10.0,TSU,RB,Spanish Grand Prix,10,41.096103896103905,24.132467532467533
79.564,55.0,SOFT,11.0,TSU,RB,Spanish Grand Prix,10,41.096103896103905,24.132467532467533
79.447,56.0,SOFT,12.0,TSU,RB,Spanish Grand Prix,10,41.096103896103905,24.132467532467533
79.464,57.0,SOFT,13.0,TSU,RB,Spanish Grand Prix,10,41.096103896103905,24.132467532467533
79.642,58.0,SOFT,14.0,TSU,RB,Spanish Grand Prix,10,41.096103896103905,24.132467532467533
80.129,59.0,SOFT,15.0,TSU,RB,Spanish Grand Prix,10,41.096103896103905,24.132467532467533
79.796,60.0,SOFT,16.0,TSU,RB,Spanish Grand Prix,10,41.096103896103905,24.132467532467533
80.117,61.0,SOFT,17.0,TSU,RB,Spanish Grand Prix,10,41.096103896103905,24.132467532467533
84.052,62.0,SOFT,18.0,TSU,RB,Spanish Grand Prix,10,41.096103896103905,24.132467532467533
80.309,63.0,SOFT,19.0,TSU,RB,Spanish Grand Prix,10,41.096103896103905,24.132467532467533
80.103,64.0,SOFT,20.0,TSU,RB,Spanish Grand Prix,10,41.096103896103905,24.132467532467533
80.515,65.0,SOFT,21.0,TSU,RB,Spanish Grand Prix,10,41.096103896103905,24.132467532467533
82.491,3.0,SOFT,3.0,SAR,Williams,Spanish Grand Prix,10,41.096103896103905,24.132467532467533
82.557,4.0,SOFT,4.0,SAR,Williams,Spanish Grand Prix,10,41.096103896103905,24.132467532467533
82.869,5.0,SOFT,5.0,SAR,Williams,Spanish Grand Prix,10,41.096103896103905,24.132467532467533
83.637,6.0,SOFT,6.0,SAR,Williams,Spanish Grand Prix,10,41.096103896103905,24.132467532467533
83.369,7.0,SOFT,7.0,SAR,Williams,Spanish Grand Prix,10,41.096103896103905,24.132467532467533
83.345,8.0,SOFT,8.0,SAR,Williams,Spanish Grand Prix,10,41.096103896103905,24.132467532467533
82.787,9.0,SOFT,9.0,SAR,Williams,Spanish Grand Prix,10,41.096103896103905,24.132467532467533
82.871,10.0,SOFT,10.0,SAR,Williams,Spanish Grand Prix,10,41.096103896103905,24.132467532467533
82.588,11.0,SOFT,11.0,SAR,Williams,Spanish Grand Prix,10,41.096103896103905,24.132467532467533
82.461,12.0,SOFT,12.0,SAR,Williams,Spanish Grand Prix,10,41.096103896103905,24.132467532467533
83.105,13.0,SOFT,13.0,SAR,Williams,Spanish Grand Prix,10,41.096103896103905,24.132467532467533
86.379,14.0,SOFT,14.0,SAR,Williams,Spanish Grand Prix,10,41.096103896103905,24.132467532467533
99.619,15.0,MEDIUM,1.0,SAR,Williams,Spanish Grand Prix,10,41.096103896103905,24.132467532467533
80.908,16.0,MEDIUM,2.0,SAR,Williams,Spanish Grand Prix,10,41.096103896103905,24.132467532467533
81.077,17.0,MEDIUM,3.0,SAR,Williams,Spanish Grand Prix,10,41.096103896103905,24.132467532467533
81.379,18.0,MEDIUM,4.0,SAR,Williams,Spanish Grand Prix,10,41.096103896103905,24.132467532467533
81.554,19.0,MEDIUM,5.0,SAR,Williams,Spanish Grand Prix,10,41.096103896103905,24.132467532467533
81.622,20.0,MEDIUM,6.0,SAR,Williams,Spanish Grand Prix,10,41.096103896103905,24.132467532467533
81.34,21.0,MEDIUM,7.0,SAR,Williams,Spanish Grand Prix,10,41.096103896103905,24.132467532467533
81.884,22.0,MEDIUM,8.0,SAR,Williams,Spanish Grand Prix,10,41.096103896103905,24.132467532467533
81.942,23.0,MEDIUM,9.0,SAR,Williams,Spanish Grand Prix,10,41.096103896103905,24.132467532467533
83.109,24.0,MEDIUM,10.0,SAR,Williams,Spanish Grand Prix,10,41.096103896103905,24.132467532467533
82.33,25.0,MEDIUM,11.0,SAR,Williams,Spanish Grand Prix,10,41.096103896103905,24.132467532467533
82.547,26.0,MEDIUM,12.0,SAR,Williams,Spanish Grand Prix,10,41.096103896103905,24.132467532467533
82.578,27.0,MEDIUM,13.0,SAR,Williams,Spanish Grand Prix,10,41.096103896103905,24.132467532467533
82.587,28.0,MEDIUM,14.0,SAR,Williams,Spanish Grand Prix,10,41.096103896103905,24.132467532467533
82.425,29.0,MEDIUM,15.0,SAR,Williams,Spanish Grand Prix,10,41.096103896103905,24.132467532467533
82.812,30.0,MEDIUM,16.0,SAR,Williams,Spanish Grand Prix,10,41.096103896103905,24.132467532467533
82.721,31.0,MEDIUM,17.0,SAR,Williams,Spanish Grand Prix,10,41.096103896103905,24.132467532467533
82.444,32.0,MEDIUM,18.0,SAR,Williams,Spanish Grand Prix,10,41.096103896103905,24.132467532467533
82.943,33.0,MEDIUM,19.0,SAR,Williams,Spanish Grand Prix,10,41.096103896103905,24.132467532467533
85.825,34.0,MEDIUM,20.0,SAR,Williams,Spanish Grand Prix,10,41.096103896103905,24.132467532467533
100.595,35.0,HARD,1.0,SAR,Williams,Spanish Grand Prix,10,41.096103896103905,24.132467532467533
80.274,36.0,HARD,2.0,SAR,Williams,Spanish Grand Prix,10,41.096103896103905,24.132467532467533
80.402,37.0,HARD,3.0,SAR,Williams,Spanish Grand Prix,10,41.096103896103905,24.132467532467533
80.172,38.0,HARD,4.0,SAR,Williams,Spanish Grand Prix,10,41.096103896103905,24.132467532467533
80.416,39.0,HARD,5.0,SAR,Williams,Spanish Grand Prix,10,41.096103896103905,24.132467532467533
80.448,40.0,HARD,6.0,SAR,Williams,Spanish Grand Prix,10,41.096103896103905,24.132467532467533
80.747,41.0,HARD,7.0,SAR,Williams,Spanish Grand Prix,10,41.096103896103905,24.132467532467533
82.818,42.0,HARD,8.0,SAR,Williams,Spanish Grand Prix,10,41.096103896103905,24.132467532467533
82.152,43.0,HARD,9.0,SAR,Williams,Spanish Grand Prix,10,41.096103896103905,24.132467532467533
82.888,44.0,HARD,10.0,SAR,Williams,Spanish Grand Prix,10,41.096103896103905,24.132467532467533
80.945,45.0,HARD,11.0,SAR,Williams,Spanish Grand Prix,10,41.096103896103905,24.132467532467533
81.041,46.0,HARD,12.0,SAR,Williams,Spanish Grand Prix,10,41.096103896103905,24.132467532467533
82.298,47.0,HARD,13.0,SAR,Williams,Spanish Grand Prix,10,41.096103896103905,24.132467532467533
81.033,48.0,HARD,14.0,SAR,Williams,Spanish Grand Prix,10,41.096103896103905,24.132467532467533
81.073,49.0,HARD,15.0,SAR,Williams,Spanish Grand Prix,10,41.096103896103905,24.132467532467533
80.983,50.0,HARD,16.0,SAR,Williams,Spanish Grand Prix,10,41.096103896103905,24.132467532467533
81.939,51.0,HARD,17.0,SAR,Williams,Spanish Grand Prix,10,41.096103896103905,24.132467532467533
81.025,52.0,HARD,18.0,SAR,Williams,Spanish Grand Prix,10,41.096103896103905,24.132467532467533
81.083,53.0,HARD,19.0,SAR,Williams,Spanish Grand Prix,10,41.096103896103905,24.132467532467533
81.199,54.0,HARD,20.0,SAR,Williams,Spanish Grand Prix,10,41.096103896103905,24.132467532467533
81.966,55.0,HARD,21.0,SAR,Williams,Spanish Grand Prix,10,41.096103896103905,24.132467532467533
82.226,56.0,HARD,22.0,SAR,Williams,Spanish Grand Prix,10,41.096103896103905,24.132467532467533
82.922,57.0,HARD,23.0,SAR,Williams,Spanish Grand Prix,10,41.096103896103905,24.132467532467533
81.489,58.0,HARD,24.0,SAR,Williams,Spanish Grand Prix,10,41.096103896103905,24.132467532467533
81.553,59.0,HARD,25.0,SAR,Williams,Spanish Grand Prix,10,41.096103896103905,24.132467532467533
84.685,60.0,HARD,26.0,SAR,Williams,Spanish Grand Prix,10,41.096103896103905,24.132467532467533
81.305,61.0,HARD,27.0,SAR,Williams,Spanish Grand Prix,10,41.096103896103905,24.132467532467533
81.376,62.0,HARD,28.0,SAR,Williams,Spanish Grand Prix,10,41.096103896103905,24.132467532467533
81.612,63.0,HARD,29.0,SAR,Williams,Spanish Grand Prix,10,41.096103896103905,24.132467532467533
85.203,64.0,HARD,30.0,SAR,Williams,Spanish Grand Prix,10,41.096103896103905,24.132467532467533
